"submitid","origsubmitid","cid","teamid","userid","probid","langid","submittime","valid","rejudgingid","expected_results","externalid","entry_point","import_error","source"
"82014",NULL,"49","9633","13080","859","cpp","1775949097.435400000","1",NULL,NULL,"82014",NULL,NULL,"team page"
"82015",NULL,"49","10042","14247","859","cpp","1775949107.808100000","1",NULL,NULL,"82015",NULL,NULL,"team page"
"82016",NULL,"49","9643","13110","859","cpp","1775949134.376700000","1",NULL,NULL,"82016",NULL,NULL,"team page"
"82017",NULL,"49","9206","11800","859","cpp","1775949138.820200000","1",NULL,NULL,"82017",NULL,NULL,"team page"
"82018",NULL,"49","9779","13519","859","cpp","1775949144.985500000","1",NULL,NULL,"82018",NULL,NULL,"team page"
"82019",NULL,"49","9300","12081","859","cpp","1775949148.088700000","1",NULL,NULL,"82019",NULL,NULL,"team page"
"82020",NULL,"49","9368","12286","859","cpp","1775949149.911600000","1",NULL,NULL,"82020",NULL,NULL,"team page"
"82021",NULL,"49","9693","13261","859","cpp","1775949152.846000000","1",NULL,NULL,"82021",NULL,NULL,"team page"
"82022",NULL,"49","9279","12019","859","cpp","1775949157.146900000","1",NULL,NULL,"82022",NULL,NULL,"team page"
"82023",NULL,"49","9499","12678","859","cpp","1775949168.585600000","1",NULL,NULL,"82023",NULL,NULL,"team page"
"82024",NULL,"49","9503","12691","859","cpp","1775949169.295800000","1",NULL,NULL,"82024",NULL,NULL,"team page"
"82025",NULL,"49","9644","13114","859","cpp","1775949171.112000000","1",NULL,NULL,"82025",NULL,NULL,"team page"
"82026",NULL,"49","9564","12874","859","py3","1775949171.847100000","1",NULL,NULL,"82026","759.py",NULL,"team page"
"82027",NULL,"49","9668","13187","859","cpp","1775949174.488100000","1",NULL,NULL,"82027",NULL,NULL,"team page"
"82028",NULL,"49","9806","13599","859","cpp","1775949175.249100000","1",NULL,NULL,"82028",NULL,NULL,"team page"
"82029",NULL,"49","9263","11971","861","cpp","1775949176.422600000","1",NULL,NULL,"82029",NULL,NULL,"team page"
"82030",NULL,"49","9999","14126","859","cpp","1775949177.278700000","1",NULL,NULL,"82030",NULL,NULL,"team page"
"82031",NULL,"49","9919","13915","862","cpp","1775949181.442800000","1",NULL,NULL,"82031",NULL,NULL,"team page"
"82032",NULL,"49","9369","12289","859","cpp","1775949182.088900000","1",NULL,NULL,"82032",NULL,NULL,"team page"
"82033",NULL,"49","9633","13080","860","cpp","1775949184.242200000","1",NULL,NULL,"82033",NULL,NULL,"team page"
"82034",NULL,"49","9343","12212","859","java","1775949187.059800000","1",NULL,NULL,"82034","Japan",NULL,"team page"
"82035",NULL,"49","9351","12234","859","cpp","1775949188.034300000","1",NULL,NULL,"82035",NULL,NULL,"team page"
"82036",NULL,"49","9389","12348","859","py3","1775949188.408300000","1",NULL,NULL,"82036","piezoelectric.py",NULL,"team page"
"82037",NULL,"49","9364","12275","859","cpp","1775949188.770200000","1",NULL,NULL,"82037",NULL,NULL,"team page"
"82038",NULL,"49","9693","13260","860","cpp","1775949193.288300000","1",NULL,NULL,"82038",NULL,NULL,"team page"
"82039",NULL,"49","9712","13318","859","cpp","1775949193.458700000","1",NULL,NULL,"82039",NULL,NULL,"team page"
"82040",NULL,"49","9710","13311","859","cpp","1775949193.912700000","1",NULL,NULL,"82040",NULL,NULL,"team page"
"82041",NULL,"49","9717","13333","861","cpp","1775949194.775200000","1",NULL,NULL,"82041",NULL,NULL,"team page"
"82042",NULL,"49","9879","13816","859","cpp","1775949194.909500000","1",NULL,NULL,"82042",NULL,NULL,"team page"
"82043",NULL,"49","9562","12867","859","cpp","1775949196.842600000","1",NULL,NULL,"82043",NULL,NULL,"team page"
"82044",NULL,"49","9432","12477","859","cpp","1775949197.197300000","1",NULL,NULL,"82044",NULL,NULL,"team page"
"82045",NULL,"49","9982","14076","859","cpp","1775949198.491800000","1",NULL,NULL,"82045",NULL,NULL,"team page"
"82046",NULL,"49","9540","12801","859","cpp","1775949198.710200000","1",NULL,NULL,"82046",NULL,NULL,"team page"
"82047",NULL,"49","9368","12285","861","cpp","1775949201.365900000","1",NULL,NULL,"82047",NULL,NULL,"team page"
"82048",NULL,"49","9711","13314","859","java","1775949202.246800000","1",NULL,NULL,"82048","Main",NULL,"team page"
"82049",NULL,"49","9690","13252","861","py3","1775949204.095200000","1",NULL,NULL,"82049","TEST.py",NULL,"team page"
"82050",NULL,"49","9301","12085","859","cpp","1775949205.000300000","1",NULL,NULL,"82050",NULL,NULL,"team page"
"82051",NULL,"49","9258","11955","859","cpp","1775949205.784500000","1",NULL,NULL,"82051",NULL,NULL,"team page"
"82052",NULL,"49","9548","12825","859","cpp","1775949206.913600000","1",NULL,NULL,"82052",NULL,NULL,"team page"
"82053",NULL,"49","9919","13915","861","cpp","1775949208.107900000","1",NULL,NULL,"82053",NULL,NULL,"team page"
"82054",NULL,"49","9253","11942","859","cpp","1775949208.176500000","1",NULL,NULL,"82054",NULL,NULL,"team page"
"82055",NULL,"49","9777","13514","859","cpp","1775949209.496500000","1",NULL,NULL,"82055",NULL,NULL,"team page"
"82056",NULL,"49","9793","13560","859","cpp","1775949209.656500000","1",NULL,NULL,"82056",NULL,NULL,"team page"
"82057",NULL,"49","9245","11917","859","cpp","1775949215.669600000","1",NULL,NULL,"82057",NULL,NULL,"team page"
"82058",NULL,"49","9753","13440","859","cpp","1775949221.150200000","1",NULL,NULL,"82058",NULL,NULL,"team page"
"82059",NULL,"49","9919","13915","861","cpp","1775949221.855100000","1",NULL,NULL,"82059",NULL,NULL,"team page"
"82060",NULL,"49","9370","12293","859","cpp","1775949225.361000000","1",NULL,NULL,"82060",NULL,NULL,"team page"
"82061",NULL,"49","9491","12655","861","cpp","1775949225.428300000","1",NULL,NULL,"82061",NULL,NULL,"team page"
"82062",NULL,"49","9806","13597","864","cpp","1775949225.728200000","1",NULL,NULL,"82062",NULL,NULL,"team page"
"82063",NULL,"49","10042","14245","860","cpp","1775949225.867000000","1",NULL,NULL,"82063",NULL,NULL,"team page"
"82064",NULL,"49","9219","11839","859","cpp","1775949226.002600000","1",NULL,NULL,"82064",NULL,NULL,"team page"
"82065",NULL,"49","9533","12780","859","java","1775949227.049800000","1",NULL,NULL,"82065","Japan",NULL,"team page"
"82066",NULL,"49","9682","13227","859","cpp","1775949229.384400000","1",NULL,NULL,"82066",NULL,NULL,"team page"
"82067",NULL,"49","9279","12018","867","cpp","1775949229.751300000","1",NULL,NULL,"82067",NULL,NULL,"team page"
"82068",NULL,"49","9657","13152","861","cpp","1775949236.944100000","1",NULL,NULL,"82068",NULL,NULL,"team page"
"82069",NULL,"49","9240","11903","859","cpp","1775949237.181600000","1",NULL,NULL,"82069",NULL,NULL,"team page"
"82070",NULL,"49","9576","12911","859","cpp","1775949237.393900000","1",NULL,NULL,"82070",NULL,NULL,"team page"
"82071",NULL,"49","9312","12117","859","cpp","1775949240.634200000","1",NULL,NULL,"82071",NULL,NULL,"team page"
"82072",NULL,"49","9206","11801","860","cpp","1775949241.284900000","1",NULL,NULL,"82072",NULL,NULL,"team page"
"82073",NULL,"49","9369","12289","859","cpp","1775949244.709700000","1",NULL,NULL,"82073",NULL,NULL,"team page"
"82074",NULL,"49","9442","12507","860","cpp","1775949245.118400000","1",NULL,NULL,"82074",NULL,NULL,"team page"
"82075",NULL,"49","9282","12028","859","py3","1775949247.641800000","1",NULL,NULL,"82075","1.py",NULL,"team page"
"82076",NULL,"49","9657","13152","861","cpp","1775949247.737900000","1",NULL,NULL,"82076",NULL,NULL,"team page"
"82077",NULL,"49","9690","13251","859","cpp","1775949248.717400000","1",NULL,NULL,"82077",NULL,NULL,"team page"
"82078",NULL,"49","9928","13942","859","cpp","1775949252.922300000","1",NULL,NULL,"82078",NULL,NULL,"team page"
"82079",NULL,"49","9300","12081","861","cpp","1775949256.442900000","1",NULL,NULL,"82079",NULL,NULL,"team page"
"82080",NULL,"49","9818","13633","859","cpp","1775949257.639300000","1",NULL,NULL,"82080",NULL,NULL,"team page"
"82081",NULL,"49","9786","13539","861","py3","1775949258.623700000","1",NULL,NULL,"82081","goyslop.py",NULL,"team page"
"82082",NULL,"49","9340","12203","859","cpp","1775949259.109600000","1",NULL,NULL,"82082",NULL,NULL,"team page"
"82083",NULL,"49","9558","12855","859","cpp","1775949260.215600000","1",NULL,NULL,"82083",NULL,NULL,"team page"
"82084",NULL,"49","9562","12869","861","cpp","1775949261.196700000","1",NULL,NULL,"82084",NULL,NULL,"team page"
"82085",NULL,"49","9562","12868","860","cpp","1775949262.087100000","1",NULL,NULL,"82085",NULL,NULL,"team page"
"82086",NULL,"49","9699","13280","861","cpp","1775949262.239600000","1",NULL,NULL,"82086",NULL,NULL,"team page"
"82087",NULL,"49","9806","13597","864","cpp","1775949263.491400000","1",NULL,NULL,"82087",NULL,NULL,"team page"
"82088",NULL,"49","9928","13941","861","cpp","1775949264.155300000","1",NULL,NULL,"82088",NULL,NULL,"team page"
"82089",NULL,"49","9268","11985","873","cpp","1775949264.289700000","1",NULL,NULL,"82089",NULL,NULL,"team page"
"82090",NULL,"49","9407","12404","859","cpp","1775949264.797600000","1",NULL,NULL,"82090",NULL,NULL,"team page"
"82091",NULL,"49","10096","14389","861","py3","1775949264.826800000","1",NULL,NULL,"82091","p3.py",NULL,"team page"
"82092",NULL,"49","9717","13334","859","cpp","1775949265.028400000","1",NULL,NULL,"82092",NULL,NULL,"team page"
"82093",NULL,"49","9317","12132","859","cpp","1775949267.733400000","1",NULL,NULL,"82093",NULL,NULL,"team page"
"82094",NULL,"49","9680","13221","859","cpp","1775949269.292700000","1",NULL,NULL,"82094",NULL,NULL,"team page"
"82095",NULL,"49","9795","13564","859","cpp","1775949269.579600000","1",NULL,NULL,"82095",NULL,NULL,"team page"
"82096",NULL,"49","9633","13080","861","cpp","1775949269.962300000","1",NULL,NULL,"82096",NULL,NULL,"team page"
"82097",NULL,"49","9691","13254","859","cpp","1775949272.127900000","1",NULL,NULL,"82097",NULL,NULL,"team page"
"82098",NULL,"49","9312","12119","861","cpp","1775949274.297900000","1",NULL,NULL,"82098",NULL,NULL,"team page"
"82099",NULL,"49","9540","12801","859","cpp","1775949277.238600000","1",NULL,NULL,"82099",NULL,NULL,"team page"
"82100",NULL,"49","9328","12165","859","cpp","1775949277.578100000","1",NULL,NULL,"82100",NULL,NULL,"team page"
"82101",NULL,"49","9442","12509","859","cpp","1775949280.561900000","1",NULL,NULL,"82101",NULL,NULL,"team page"
"82102",NULL,"49","9793","13559","861","cpp","1775949282.855300000","1",NULL,NULL,"82102",NULL,NULL,"team page"
"82103",NULL,"49","9627","13063","861","cpp","1775949283.980900000","1",NULL,NULL,"82103",NULL,NULL,"team page"
"82104",NULL,"49","9432","12477","861","cpp","1775949286.280400000","1",NULL,NULL,"82104",NULL,NULL,"team page"
"82105",NULL,"49","9700","13282","859","cpp","1775949287.544900000","1",NULL,NULL,"82105",NULL,NULL,"team page"
"82106",NULL,"49","9786","13540","859","py3","1775949287.746500000","1",NULL,NULL,"82106","piezoelectric.py",NULL,"team page"
"82107",NULL,"49","9612","13018","859","py3","1775949291.051800000","1",NULL,NULL,"82107","piezoelectric_template.py",NULL,"team page"
"82108",NULL,"49","9258","11956","860","cpp","1775949292.544200000","1",NULL,NULL,"82108",NULL,NULL,"team page"
"82109",NULL,"49","9787","13542","861","cpp","1775949294.062100000","1",NULL,NULL,"82109",NULL,NULL,"team page"
"82110",NULL,"49","9368","12287","860","java","1775949294.478600000","1",NULL,NULL,"82110","B",NULL,"team page"
"82111",NULL,"49","9564","12874","861","pypy3","1775949294.774300000","1",NULL,NULL,"82111","759.py",NULL,"team page"
"82112",NULL,"49","10020","14191","859","cpp","1775949295.714300000","1",NULL,NULL,"82112",NULL,NULL,"team page"
"82113",NULL,"49","9331","12174","859","py3","1775949296.497000000","1",NULL,NULL,"82113","A.py",NULL,"team page"
"82114",NULL,"49","9362","12268","859","cpp","1775949296.673800000","1",NULL,NULL,"82114",NULL,NULL,"team page"
"82115",NULL,"49","9643","13110","860","cpp","1775949296.706500000","1",NULL,NULL,"82115",NULL,NULL,"team page"
"82116",NULL,"49","9668","13185","860","cpp","1775949297.615100000","1",NULL,NULL,"82116",NULL,NULL,"team page"
"82117",NULL,"49","9564","12875","860","cpp","1775949298.047300000","1",NULL,NULL,"82117",NULL,NULL,"team page"
"82118",NULL,"49","9676","13209","859","cpp","1775949298.955600000","1",NULL,NULL,"82118",NULL,NULL,"team page"
"82119",NULL,"49","9637","13092","859","py3","1775949301.336800000","1",NULL,NULL,"82119","p1.py",NULL,"team page"
"82120",NULL,"49","10036","14228","859","cpp","1775949301.692800000","1",NULL,NULL,"82120",NULL,NULL,"team page"
"82121",NULL,"49","9681","13226","861","cpp","1775949301.775100000","1",NULL,NULL,"82121",NULL,NULL,"team page"
"82122",NULL,"49","9313","12121","861","cpp","1775949301.820900000","1",NULL,NULL,"82122",NULL,NULL,"team page"
"82123",NULL,"49","10096","14390","859","py3","1775949302.336900000","1",NULL,NULL,"82123","piezoelectric_template.py",NULL,"team page"
"82124",NULL,"49","9526","12759","859","cpp","1775949302.645700000","1",NULL,NULL,"82124",NULL,NULL,"team page"
"82125",NULL,"49","9657","13152","861","cpp","1775949303.790500000","1",NULL,NULL,"82125",NULL,NULL,"team page"
"82126",NULL,"49","9270","11991","859","cpp","1775949308.765400000","1",NULL,NULL,"82126",NULL,NULL,"team page"
"82127",NULL,"49","9649","13128","859","cpp","1775949308.778300000","1",NULL,NULL,"82127",NULL,NULL,"team page"
"82128",NULL,"49","9620","13041","860","cpp","1775949310.403600000","1",NULL,NULL,"82128",NULL,NULL,"team page"
"82129",NULL,"49","9938","13973","859","cpp","1775949310.762600000","1",NULL,NULL,"82129",NULL,NULL,"team page"
"82130",NULL,"49","9787","13544","859","cpp","1775949314.207900000","1",NULL,NULL,"82130",NULL,NULL,"team page"
"82131",NULL,"49","9795","13566","861","cpp","1775949315.336500000","1",NULL,NULL,"82131",NULL,NULL,"team page"
"82132",NULL,"49","10097","14394","859","py3","1775949315.463000000","1",NULL,NULL,"82132","main.py",NULL,"team page"
"82133",NULL,"49","10036","14227","861","cpp","1775949315.992000000","1",NULL,NULL,"82133",NULL,NULL,"team page"
"82134",NULL,"49","9503","12691","861","cpp","1775949317.735100000","1",NULL,NULL,"82134",NULL,NULL,"team page"
"82135",NULL,"49","9322","12147","859","cpp","1775949319.349600000","1",NULL,NULL,"82135",NULL,NULL,"team page"
"82136",NULL,"49","9937","13968","861","cpp","1775949319.713300000","1",NULL,NULL,"82136",NULL,NULL,"team page"
"82137",NULL,"49","9491","12654","860","cpp","1775949319.973300000","1",NULL,NULL,"82137",NULL,NULL,"team page"
"82138",NULL,"49","9312","12118","860","cpp","1775949320.283700000","1",NULL,NULL,"82138",NULL,NULL,"team page"
"82139",NULL,"49","9543","12810","859","cpp","1775949320.796300000","1",NULL,NULL,"82139",NULL,NULL,"team page"
"82140",NULL,"49","9447","12522","859","cpp","1775949321.006800000","1",NULL,NULL,"82140",NULL,NULL,"team page"
"82141",NULL,"49","9928","13943","860","cpp","1775949322.441900000","1",NULL,NULL,"82141",NULL,NULL,"team page"
"82142",NULL,"49","9351","12235","860","cpp","1775949322.569200000","1",NULL,NULL,"82142",NULL,NULL,"team page"
"82143",NULL,"49","9668","13187","861","cpp","1775949323.240000000","1",NULL,NULL,"82143",NULL,NULL,"team page"
"82144",NULL,"49","9258","11955","861","cpp","1775949326.437500000","1",NULL,NULL,"82144",NULL,NULL,"team page"
"82145",NULL,"49","9430","12473","859","py3","1775949328.263400000","1",NULL,NULL,"82145","piezoelectric_template.py",NULL,"team page"
"82146",NULL,"49","9378","12316","859","py3","1775949329.283900000","1",NULL,NULL,"82146","piezoelectric_template.py",NULL,"team page"
"82147",NULL,"49","9848","13725","861","cpp","1775949329.611500000","1",NULL,NULL,"82147",NULL,NULL,"team page"
"82148",NULL,"49","10097","14393","861","cpp","1775949330.318200000","1",NULL,NULL,"82148",NULL,NULL,"team page"
"82149",NULL,"49","9203","11792","859","cpp","1775949331.841900000","1",NULL,NULL,"82149",NULL,NULL,"team page"
"82150",NULL,"49","9937","13970","859","cpp","1775949332.365800000","1",NULL,NULL,"82150",NULL,NULL,"team page"
"82151",NULL,"49","9369","12288","860","cpp","1775949332.767700000","1",NULL,NULL,"82151",NULL,NULL,"team page"
"82152",NULL,"49","9544","12813","859","cpp","1775949333.085100000","1",NULL,NULL,"82152",NULL,NULL,"team page"
"82153",NULL,"49","9499","12678","860","cpp","1775949335.617200000","1",NULL,NULL,"82153",NULL,NULL,"team page"
"82154",NULL,"49","10016","14177","859","cpp","1775949337.049800000","1",NULL,NULL,"82154",NULL,NULL,"team page"
"82155",NULL,"49","9339","12199","859","cpp","1775949337.371700000","1",NULL,NULL,"82155",NULL,NULL,"team page"
"82156",NULL,"49","9533","12782","860","java","1775949340.672300000","1",NULL,NULL,"82156","NahWin",NULL,"team page"
"82157",NULL,"49","9379","12319","859","cpp","1775949341.182800000","1",NULL,NULL,"82157",NULL,NULL,"team page"
"82158",NULL,"49","9937","13968","861","cpp","1775949342.528500000","1",NULL,NULL,"82158",NULL,NULL,"team page"
"82159",NULL,"49","9620","13042","859","cpp","1775949342.590100000","1",NULL,NULL,"82159",NULL,NULL,"team page"
"82160",NULL,"49","9885","13835","859","cpp","1775949343.333200000","1",NULL,NULL,"82160",NULL,NULL,"team page"
"82161",NULL,"49","9919","13914","860","cpp","1775949344.613300000","1",NULL,NULL,"82161",NULL,NULL,"team page"
"82162",NULL,"49","9806","13599","860","cpp","1775949344.916500000","1",NULL,NULL,"82162",NULL,NULL,"team page"
"82163",NULL,"49","10015","14175","859","py3","1775949346.421000000","1",NULL,NULL,"82163","calico_1_main.py",NULL,"team page"
"82164",NULL,"49","9485","12637","859","cpp","1775949347.699800000","1",NULL,NULL,"82164",NULL,NULL,"team page"
"82165",NULL,"49","9884","13833","859","cpp","1775949348.207300000","1",NULL,NULL,"82165",NULL,NULL,"team page"
"82166",NULL,"49","9333","12182","860","pypy3","1775949348.234700000","1",NULL,NULL,"82166","2.py",NULL,"team page"
"82167",NULL,"49","9840","13699","859","cpp","1775949349.476900000","1",NULL,NULL,"82167",NULL,NULL,"team page"
"82168",NULL,"49","9744","13414","861","cpp","1775949353.138000000","1",NULL,NULL,"82168",NULL,NULL,"team page"
"82169",NULL,"49","9491","12656","859","py3","1775949357.079600000","1",NULL,NULL,"82169","a.py",NULL,"team page"
"82170",NULL,"49","9699","13278","860","cpp","1775949357.123800000","1",NULL,NULL,"82170",NULL,NULL,"team page"
"82171",NULL,"49","9432","12477","861","cpp","1775949357.734200000","1",NULL,NULL,"82171",NULL,NULL,"team page"
"82172",NULL,"49","9263","11972","859","cpp","1775949358.145100000","1",NULL,NULL,"82172",NULL,NULL,"team page"
"82173",NULL,"49","9229","11869","859","cpp","1775949358.325300000","1",NULL,NULL,"82173",NULL,NULL,"team page"
"82174",NULL,"49","9925","13932","859","cpp","1775949360.137100000","1",NULL,NULL,"82174",NULL,NULL,"team page"
"82175",NULL,"49","9699","13279","859","cpp","1775949360.825500000","1",NULL,NULL,"82175",NULL,NULL,"team page"
"82176",NULL,"49","9879","13816","861","cpp","1775949361.305100000","1",NULL,NULL,"82176",NULL,NULL,"team page"
"82177",NULL,"49","9674","13205","859","cpp","1775949362.178500000","1",NULL,NULL,"82177",NULL,NULL,"team page"
"82178",NULL,"49","9891","13852","859","cpp","1775949362.323500000","1",NULL,NULL,"82178",NULL,NULL,"team page"
"82179",NULL,"49","9678","13215","859","py3","1775949362.652600000","1",NULL,NULL,"82179","prob1.py",NULL,"team page"
"82180",NULL,"49","9589","12950","859","cpp","1775949362.833200000","1",NULL,NULL,"82180",NULL,NULL,"team page"
"82181",NULL,"49","9312","12119","861","cpp","1775949364.379200000","1",NULL,NULL,"82181",NULL,NULL,"team page"
"82182",NULL,"49","9351","12234","861","cpp","1775949364.391600000","1",NULL,NULL,"82182",NULL,NULL,"team page"
"82183",NULL,"49","10090","14371","859","cpp","1775949365.845500000","1",NULL,NULL,"82183",NULL,NULL,"team page"
"82184",NULL,"49","9976","14057","859","cpp","1775949365.999100000","1",NULL,NULL,"82184",NULL,NULL,"team page"
"82185",NULL,"49","9442","12507","861","cpp","1775949366.282000000","1",NULL,NULL,"82185",NULL,NULL,"team page"
"82186",NULL,"49","9982","14076","861","cpp","1775949368.127000000","1",NULL,NULL,"82186",NULL,NULL,"team page"
"82187",NULL,"49","9712","13319","861","cpp","1775949368.280300000","1",NULL,NULL,"82187",NULL,NULL,"team page"
"82188",NULL,"49","9792","13556","861","cpp","1775949368.622000000","1",NULL,NULL,"82188",NULL,NULL,"team page"
"82189",NULL,"49","9632","13078","859","cpp","1775949369.673500000","1",NULL,NULL,"82189",NULL,NULL,"team page"
"82190",NULL,"49","9333","12180","859","cpp","1775949369.937100000","1",NULL,NULL,"82190",NULL,NULL,"team page"
"82191",NULL,"49","9629","13069","859","cpp","1775949370.125700000","1",NULL,NULL,"82191",NULL,NULL,"team page"
"82192",NULL,"49","9576","12910","861","cpp","1775949370.725500000","1",NULL,NULL,"82192",NULL,NULL,"team page"
"82193",NULL,"49","9372","12299","861","py3","1775949370.874200000","1",NULL,NULL,"82193","main.py",NULL,"team page"
"82194",NULL,"49","9593","12960","859","cpp","1775949371.459400000","1",NULL,NULL,"82194",NULL,NULL,"team page"
"82195",NULL,"49","9604","12994","859","cpp","1775949373.738400000","1",NULL,NULL,"82195",NULL,NULL,"team page"
"82196",NULL,"49","9369","12288","860","cpp","1775949374.506100000","1",NULL,NULL,"82196",NULL,NULL,"team page"
"82197",NULL,"49","10097","14392","860","cpp","1775949375.676400000","1",NULL,NULL,"82197",NULL,NULL,"team page"
"82198",NULL,"49","9992","14105","859","cpp","1775949379.874800000","1",NULL,NULL,"82198",NULL,NULL,"team page"
"82199",NULL,"49","9321","12144","859","java","1775949380.339200000","1",NULL,NULL,"82199","Solution",NULL,"team page"
"82200",NULL,"49","9795","13565","860","cpp","1775949382.437700000","1",NULL,NULL,"82200",NULL,NULL,"team page"
"82201",NULL,"49","9203","11791","861","cpp","1775949383.456300000","1",NULL,NULL,"82201",NULL,NULL,"team page"
"82202",NULL,"49","9988","14093","861","cpp","1775949384.032800000","1",NULL,NULL,"82202",NULL,NULL,"team page"
"82203",NULL,"49","9464","12575","861","cpp","1775949384.282100000","1",NULL,NULL,"82203",NULL,NULL,"team page"
"82204",NULL,"49","9806","13597","865","cpp","1775949387.097300000","1",NULL,NULL,"82204",NULL,NULL,"team page"
"82205",NULL,"49","9793","13558","860","cpp","1775949387.237800000","1",NULL,NULL,"82205",NULL,NULL,"team page"
"82206",NULL,"49","9761","13465","859","cpp","1775949389.378200000","1",NULL,NULL,"82206",NULL,NULL,"team page"
"82207",NULL,"49","9654","13144","859","cpp","1775949390.598600000","1",NULL,NULL,"82207",NULL,NULL,"team page"
"82208",NULL,"49","9919","13915","861","cpp","1775949391.706200000","1",NULL,NULL,"82208",NULL,NULL,"team page"
"82209",NULL,"49","9279","12018","867","cpp","1775949394.249400000","1",NULL,NULL,"82209",NULL,NULL,"team page"
"82210",NULL,"49","9569","12890","861","cpp","1775949395.192100000","1",NULL,NULL,"82210",NULL,NULL,"team page"
"82211",NULL,"49","9693","13262","861","cpp","1775949396.424900000","1",NULL,NULL,"82211",NULL,NULL,"team page"
"82212",NULL,"49","9229","11868","860","cpp","1775949396.738500000","1",NULL,NULL,"82212",NULL,NULL,"team page"
"82213",NULL,"49","9938","13971","860","cpp","1775949398.874900000","1",NULL,NULL,"82213",NULL,NULL,"team page"
"82214",NULL,"49","9422","12448","859","py3","1775949400.691600000","1",NULL,NULL,"82214","piezoelectric_template.py",NULL,"team page"
"82215",NULL,"49","9713","13321","859","py3","1775949401.816100000","1",NULL,NULL,"82215","piezoelectric.py",NULL,"team page"
"82216",NULL,"49","9919","13914","860","cpp","1775949402.660100000","1",NULL,NULL,"82216",NULL,NULL,"team page"
"82217",NULL,"49","10048","14264","860","cpp","1775949402.794000000","1",NULL,NULL,"82217",NULL,NULL,"team page"
"82218",NULL,"49","9367","12284","859","cpp","1775949403.493500000","1",NULL,NULL,"82218",NULL,NULL,"team page"
"82219",NULL,"49","9313","12122","859","py3","1775949404.117900000","1",NULL,NULL,"82219","p1_calico_spring_2026.py",NULL,"team page"
"82220",NULL,"49","9300","12081","861","cpp","1775949405.177100000","1",NULL,NULL,"82220",NULL,NULL,"team page"
"82221",NULL,"49","9549","12830","859","cpp","1775949406.461300000","1",NULL,NULL,"82221",NULL,NULL,"team page"
"82222",NULL,"49","10042","14246","861","cpp","1775949406.662100000","1",NULL,NULL,"82222",NULL,NULL,"team page"
"82223",NULL,"49","9302","12089","859","py3","1775949407.168900000","1",NULL,NULL,"82223","piezoelectric_template.py",NULL,"team page"
"82224",NULL,"49","9710","13313","860","cpp","1775949408.950600000","1",NULL,NULL,"82224",NULL,NULL,"team page"
"82225",NULL,"49","9777","13512","861","cpp","1775949410.421000000","1",NULL,NULL,"82225",NULL,NULL,"team page"
"82226",NULL,"49","9997","14120","859","cpp","1775949410.733200000","1",NULL,NULL,"82226",NULL,NULL,"team page"
"82227",NULL,"49","10082","14349","859","py3","1775949411.298400000","1",NULL,NULL,"82227","japan.py",NULL,"team page"
"82228",NULL,"49","9708","13305","859","py3","1775949411.867700000","1",NULL,NULL,"82228","problem1.py",NULL,"team page"
"82229",NULL,"49","9640","13101","861","cpp","1775949412.166100000","1",NULL,NULL,"82229",NULL,NULL,"team page"
"82230",NULL,"49","9245","11917","860","cpp","1775949413.072400000","1",NULL,NULL,"82230",NULL,NULL,"team page"
"82231",NULL,"49","9240","11901","860","cpp","1775949413.371100000","1",NULL,NULL,"82231",NULL,NULL,"team page"
"82232",NULL,"49","9947","13999","859","py3","1775949413.786000000","1",NULL,NULL,"82232","one.py",NULL,"team page"
"82233",NULL,"49","9657","13153","860","cpp","1775949413.951100000","1",NULL,NULL,"82233",NULL,NULL,"team page"
"82234",NULL,"49","9240","11903","861","cpp","1775949417.094300000","1",NULL,NULL,"82234",NULL,NULL,"team page"
"82235",NULL,"49","9333","12181","866","cpp","1775949417.209500000","1",NULL,NULL,"82235",NULL,NULL,"team page"
"82236",NULL,"49","9716","13329","859","py3","1775949418.508000000","1",NULL,NULL,"82236","piezoelectric_template.py",NULL,"team page"
"82237",NULL,"49","9489","12648","859","py3","1775949418.536500000","1",NULL,NULL,"82237","piezoelectric_template.py",NULL,"team page"
"82238",NULL,"49","9668","13187","861","cpp","1775949421.049300000","1",NULL,NULL,"82238",NULL,NULL,"team page"
"82239",NULL,"49","10016","14177","859","cpp","1775949421.668200000","1",NULL,NULL,"82239",NULL,NULL,"team page"
"82240",NULL,"49","9339","12198","859","py3","1775949424.163900000","1",NULL,NULL,"82240","prob1.py",NULL,"team page"
"82241",NULL,"49","9599","12978","859","cpp","1775949424.287800000","1",NULL,NULL,"82241",NULL,NULL,"team page"
"82242",NULL,"49","9643","13110","861","cpp","1775949424.400500000","1",NULL,NULL,"82242",NULL,NULL,"team page"
"82243",NULL,"49","9717","13332","860","cpp","1775949425.513400000","1",NULL,NULL,"82243",NULL,NULL,"team page"
"82244",NULL,"49","9312","12118","860","cpp","1775949427.559700000","1",NULL,NULL,"82244",NULL,NULL,"team page"
"82245",NULL,"49","9368","12287","860","java","1775949429.165500000","1",NULL,NULL,"82245","B",NULL,"team page"
"82246",NULL,"49","9633","13080","862","cpp","1775949431.185200000","1",NULL,NULL,"82246",NULL,NULL,"team page"
"82247",NULL,"49","9215","11827","859","py3","1775949431.300200000","1",NULL,NULL,"82247","calico.py",NULL,"team page"
"82248",NULL,"49","9564","12875","860","cpp","1775949431.961800000","1",NULL,NULL,"82248",NULL,NULL,"team page"
"82249",NULL,"49","9777","13513","860","cpp","1775949432.885800000","1",NULL,NULL,"82249",NULL,NULL,"team page"
"82250",NULL,"49","9499","12678","861","cpp","1775949434.074700000","1",NULL,NULL,"82250",NULL,NULL,"team page"
"82251",NULL,"49","9227","11863","859","cpp","1775949435.768500000","1",NULL,NULL,"82251",NULL,NULL,"team page"
"82252",NULL,"49","9827","13662","859","cpp","1775949435.947800000","1",NULL,NULL,"82252",NULL,NULL,"team page"
"82253",NULL,"49","9608","13007","860","cpp","1775949436.248300000","1",NULL,NULL,"82253",NULL,NULL,"team page"
"82254",NULL,"49","9375","12307","859","py3","1775949438.608000000","1",NULL,NULL,"82254","1.py",NULL,"team page"
"82255",NULL,"49","9229","11870","861","cpp","1775949440.201800000","1",NULL,NULL,"82255",NULL,NULL,"team page"
"82256",NULL,"49","10038","14234","859","java","1775949440.216100000","1",NULL,NULL,"82256","Main",NULL,"team page"
"82257",NULL,"49","9562","12867","860","cpp","1775949441.640700000","1",NULL,NULL,"82257",NULL,NULL,"team page"
"82258",NULL,"49","9716","13329","859","py3","1775949441.881000000","1",NULL,NULL,"82258","piezoelectric_template.py",NULL,"team page"
"82259",NULL,"49","9370","12291","860","cpp","1775949442.830100000","1",NULL,NULL,"82259",NULL,NULL,"team page"
"82260",NULL,"49","9714","13323","859","py3","1775949443.755300000","1",NULL,NULL,"82260","Calicos261.py",NULL,"team page"
"82261",NULL,"49","9712","13319","861","cpp","1775949444.052000000","1",NULL,NULL,"82261",NULL,NULL,"team page"
"82262",NULL,"49","10017","14182","859","cpp","1775949445.658400000","1",NULL,NULL,"82262",NULL,NULL,"team page"
"82263",NULL,"49","10015","14174","861","cpp","1775949446.342900000","1",NULL,NULL,"82263",NULL,NULL,"team page"
"82264",NULL,"49","9370","12293","861","cpp","1775949446.463800000","1",NULL,NULL,"82264",NULL,NULL,"team page"
"82265",NULL,"49","9938","13971","860","cpp","1775949446.749800000","1",NULL,NULL,"82265",NULL,NULL,"team page"
"82266",NULL,"49","9999","14126","860","cpp","1775949447.352300000","1",NULL,NULL,"82266",NULL,NULL,"team page"
"82267",NULL,"49","9279","12019","860","cpp","1775949448.715700000","1",NULL,NULL,"82267",NULL,NULL,"team page"
"82268",NULL,"49","9693","13260","860","cpp","1775949449.856400000","1",NULL,NULL,"82268",NULL,NULL,"team page"
"82269",NULL,"49","9950","14007","859","cpp","1775949451.040200000","1",NULL,NULL,"82269",NULL,NULL,"team page"
"82270",NULL,"49","9373","12300","859","cpp","1775949451.558800000","1",NULL,NULL,"82270",NULL,NULL,"team page"
"82271",NULL,"49","9275","12007","861","java","1775949451.955000000","1",NULL,NULL,"82271","Solution",NULL,"team page"
"82272",NULL,"49","10098","14395","866","cpp","1775949453.689700000","1",NULL,NULL,"82272",NULL,NULL,"team page"
"82273",NULL,"49","9918","13912","860","cpp","1775949455.042200000","1",NULL,NULL,"82273",NULL,NULL,"team page"
"82274",NULL,"49","9806","13599","861","cpp","1775949456.386900000","1",NULL,NULL,"82274",NULL,NULL,"team page"
"82275",NULL,"49","9641","13104","859","cpp","1775949456.627300000","1",NULL,NULL,"82275",NULL,NULL,"team page"
"82276",NULL,"49","9593","12961","860","cpp","1775949456.717400000","1",NULL,NULL,"82276",NULL,NULL,"team page"
"82277",NULL,"49","9485","12638","861","cpp","1775949457.032100000","1",NULL,NULL,"82277",NULL,NULL,"team page"
"82278",NULL,"49","9275","12006","860","py3","1775949457.711900000","1",NULL,NULL,"82278","nah_template.py",NULL,"team page"
"82279",NULL,"49","9635","13088","859","cpp","1775949459.062100000","1",NULL,NULL,"82279",NULL,NULL,"team page"
"82280",NULL,"49","9364","12275","860","cpp","1775949460.791500000","1",NULL,NULL,"82280",NULL,NULL,"team page"
"82281",NULL,"49","9369","12288","860","cpp","1775949460.853300000","1",NULL,NULL,"82281",NULL,NULL,"team page"
"82282",NULL,"49","9937","13969","860","cpp","1775949461.507200000","1",NULL,NULL,"82282",NULL,NULL,"team page"
"82283",NULL,"49","9709","13308","859","cpp","1775949461.553100000","1",NULL,NULL,"82283",NULL,NULL,"team page"
"82284",NULL,"49","9654","13143","861","cpp","1775949463.193900000","1",NULL,NULL,"82284",NULL,NULL,"team page"
"82285",NULL,"49","9558","12855","861","cpp","1775949466.974500000","1",NULL,NULL,"82285",NULL,NULL,"team page"
"82286",NULL,"49","9328","12166","860","cpp","1775949470.115300000","1",NULL,NULL,"82286",NULL,NULL,"team page"
"82287",NULL,"49","9431","12474","859","py3","1775949471.425300000","1",NULL,NULL,"82287","calico.py",NULL,"team page"
"82288",NULL,"49","9676","13209","861","cpp","1775949471.609100000","1",NULL,NULL,"82288",NULL,NULL,"team page"
"82289",NULL,"49","9419","12438","859","cpp","1775949472.035300000","1",NULL,NULL,"82289",NULL,NULL,"team page"
"82290",NULL,"49","9618","13035","859","java","1775949475.025100000","1",NULL,NULL,"82290","piezoelectric",NULL,"team page"
"82291",NULL,"49","9879","13816","860","cpp","1775949475.410100000","1",NULL,NULL,"82291",NULL,NULL,"team page"
"82292",NULL,"49","9430","12473","859","py3","1775949477.974800000","1",NULL,NULL,"82292","piezoelectric_template.py",NULL,"team page"
"82293",NULL,"49","10005","14144","859","cpp","1775949480.014300000","1",NULL,NULL,"82293",NULL,NULL,"team page"
"82294",NULL,"49","9502","12688","863","java","1775949480.229400000","1",NULL,NULL,"82294","Laser",NULL,"team page"
"82295",NULL,"49","9958","14033","859","py3","1775949483.885600000","1",NULL,NULL,"82295","piezoelectric_template.py",NULL,"team page"
"82296",NULL,"49","9614","13024","859","py3","1775949484.887600000","1",NULL,NULL,"82296","Japan_Footsteps.py",NULL,"team page"
"82297",NULL,"49","9296","12070","859","cpp","1775949486.149600000","1",NULL,NULL,"82297",NULL,NULL,"team page"
"82298",NULL,"49","9493","12662","861","cpp","1775949486.332700000","1",NULL,NULL,"82298",NULL,NULL,"team page"
"82299",NULL,"49","9608","13007","860","cpp","1775949487.174300000","1",NULL,NULL,"82299",NULL,NULL,"team page"
"82300",NULL,"49","9389","12348","861","py3","1775949489.473500000","1",NULL,NULL,"82300","solution.py",NULL,"team page"
"82301",NULL,"49","9948","14001","859","cpp","1775949489.543300000","1",NULL,NULL,"82301",NULL,NULL,"team page"
"82302",NULL,"49","9744","13415","867","cpp","1775949490.468400000","1",NULL,NULL,"82302",NULL,NULL,"team page"
"82303",NULL,"49","9608","13006","859","cpp","1775949491.132200000","1",NULL,NULL,"82303",NULL,NULL,"team page"
"82304",NULL,"49","9712","13317","860","cpp","1775949492.188100000","1",NULL,NULL,"82304",NULL,NULL,"team page"
"82305",NULL,"49","9558","12856","860","cpp","1775949492.623400000","1",NULL,NULL,"82305",NULL,NULL,"team page"
"82306",NULL,"49","9938","13973","861","cpp","1775949493.589800000","1",NULL,NULL,"82306",NULL,NULL,"team page"
"82307",NULL,"49","9302","12087","860","cpp","1775949494.534200000","1",NULL,NULL,"82307",NULL,NULL,"team page"
"82308",NULL,"49","9370","12291","860","cpp","1775949495.374600000","1",NULL,NULL,"82308",NULL,NULL,"team page"
"82309",NULL,"49","9331","12175","860","pypy3","1775949497.341500000","1",NULL,NULL,"82309","regular-fog-315.py",NULL,"team page"
"82310",NULL,"49","9419","12438","861","cpp","1775949497.743500000","1",NULL,NULL,"82310",NULL,NULL,"team page"
"82311",NULL,"49","9761","13464","866","cpp","1775949498.137900000","1",NULL,NULL,"82311",NULL,NULL,"team page"
"82312",NULL,"49","9300","12082","860","cpp","1775949498.323800000","1",NULL,NULL,"82312",NULL,NULL,"team page"
"82313",NULL,"49","9696","13269","859","cpp","1775949499.041900000","1",NULL,NULL,"82313",NULL,NULL,"team page"
"82314",NULL,"49","9830","13669","859","py3","1775949499.156300000","1",NULL,NULL,"82314","A.py",NULL,"team page"
"82315",NULL,"49","9367","12282","861","cpp","1775949499.941600000","1",NULL,NULL,"82315",NULL,NULL,"team page"
"82316",NULL,"49","9464","12574","859","cpp","1775949500.920800000","1",NULL,NULL,"82316",NULL,NULL,"team page"
"82317",NULL,"49","9644","13114","861","cpp","1775949501.811200000","1",NULL,NULL,"82317",NULL,NULL,"team page"
"82318",NULL,"49","9376","12311","859","cpp","1775949502.313100000","1",NULL,NULL,"82318",NULL,NULL,"team page"
"82319",NULL,"49","10016","14177","859","cpp","1775949503.216000000","1",NULL,NULL,"82319",NULL,NULL,"team page"
"82320",NULL,"49","9571","12894","859","py3","1775949503.567100000","1",NULL,NULL,"82320","solution.py",NULL,"team page"
"82321",NULL,"49","9642","13108","859","java","1775949505.122200000","1",NULL,NULL,"82321","calico_1",NULL,"team page"
"82322",NULL,"49","9432","12477","860","cpp","1775949506.795500000","1",NULL,NULL,"82322",NULL,NULL,"team page"
"82323",NULL,"49","9753","13440","860","cpp","1775949507.443200000","1",NULL,NULL,"82323",NULL,NULL,"team page"
"82324",NULL,"49","9210","11811","859","pypy3","1775949507.950600000","1",NULL,NULL,"82324","piezoelectric_template.py",NULL,"team page"
"82325",NULL,"49","9777","13512","861","cpp","1775949507.993500000","1",NULL,NULL,"82325",NULL,NULL,"team page"
"82326",NULL,"49","9903","13889","859","py3","1775949510.711100000","1",NULL,NULL,"82326","CALICO-2026-Problem-1.py",NULL,"team page"
"82327",NULL,"49","9918","13913","859","cpp","1775949515.944900000","1",NULL,NULL,"82327",NULL,NULL,"team page"
"82328",NULL,"49","9296","12069","865","cpp","1775949516.176500000","1",NULL,NULL,"82328",NULL,NULL,"team page"
"82329",NULL,"49","9700","13283","860","cpp","1775949517.364300000","1",NULL,NULL,"82329",NULL,NULL,"team page"
"82330",NULL,"49","9848","13723","859","py3","1775949518.824800000","1",NULL,NULL,"82330","main1.py",NULL,"team page"
"82331",NULL,"49","9830","13670","860","pypy3","1775949519.996800000","1",NULL,NULL,"82331","b.nah.py",NULL,"team page"
"82332",NULL,"49","9700","13282","861","cpp","1775949520.267200000","1",NULL,NULL,"82332",NULL,NULL,"team page"
"82333",NULL,"49","9871","13794","859","py3","1775949520.467600000","1",NULL,NULL,"82333","piezoelectric_template.py",NULL,"team page"
"82334",NULL,"49","9576","12911","860","cpp","1775949524.699200000","1",NULL,NULL,"82334",NULL,NULL,"team page"
"82335",NULL,"49","9983","14079","859","cpp","1775949525.294600000","1",NULL,NULL,"82335",NULL,NULL,"team page"
"82336",NULL,"49","9744","13413","859","cpp","1775949526.214800000","1",NULL,NULL,"82336",NULL,NULL,"team page"
"82337",NULL,"49","10072","14335","859","pypy3","1775949526.216200000","1",NULL,NULL,"82337","electricity.py",NULL,"team page"
"82338",NULL,"49","9620","13041","860","cpp","1775949527.330700000","1",NULL,NULL,"82338",NULL,NULL,"team page"
"82339",NULL,"49","9491","12654","860","cpp","1775949527.502500000","1",NULL,NULL,"82339",NULL,NULL,"team page"
"82340",NULL,"49","9608","13006","859","cpp","1775949528.771400000","1",NULL,NULL,"82340",NULL,NULL,"team page"
"82341",NULL,"49","9423","12451","859","cpp","1775949529.294900000","1",NULL,NULL,"82341",NULL,NULL,"team page"
"82342",NULL,"49","9331","12174","861","py3","1775949529.445100000","1",NULL,NULL,"82342","C.py",NULL,"team page"
"82343",NULL,"49","9512","12718","860","cpp","1775949533.595000000","1",NULL,NULL,"82343",NULL,NULL,"team page"
"82344",NULL,"49","9950","14007","859","cpp","1775949534.456800000","1",NULL,NULL,"82344",NULL,NULL,"team page"
"82345",NULL,"49","9655","13146","859","java","1775949534.475400000","1",NULL,NULL,"82345","Main",NULL,"team page"
"82346",NULL,"49","9417","12432","859","cpp","1775949535.086400000","1",NULL,NULL,"82346",NULL,NULL,"team page"
"82347",NULL,"49","9314","12123","859","cpp","1775949537.959100000","1",NULL,NULL,"82347",NULL,NULL,"team page"
"82348",NULL,"49","9263","11970","860","cpp","1775949538.376000000","1",NULL,NULL,"82348",NULL,NULL,"team page"
"82349",NULL,"49","9995","14114","859","cpp","1775949539.416000000","1",NULL,NULL,"82349",NULL,NULL,"team page"
"82350",NULL,"49","9710","13313","860","cpp","1775949541.943500000","1",NULL,NULL,"82350",NULL,NULL,"team page"
"82351",NULL,"49","9681","13225","860","py3","1775949543.963700000","1",NULL,NULL,"82351","problem2.py",NULL,"team page"
"82352",NULL,"49","10087","14363","859","cpp","1775949544.004200000","1",NULL,NULL,"82352",NULL,NULL,"team page"
"82353",NULL,"49","9296","12069","864","cpp","1775949548.118100000","1",NULL,NULL,"82353",NULL,NULL,"team page"
"82354",NULL,"49","9637","13092","861","py3","1775949549.072300000","1",NULL,NULL,"82354","p1.py",NULL,"team page"
"82355",NULL,"49","9245","11917","861","cpp","1775949549.357100000","1",NULL,NULL,"82355",NULL,NULL,"team page"
"82356",NULL,"49","9988","14095","859","py3","1775949549.801100000","1",NULL,NULL,"82356","piezoelectric_template.py",NULL,"team page"
"82357",NULL,"49","9343","12211","864","cpp","1775949551.704300000","1",NULL,NULL,"82357",NULL,NULL,"team page"
"82358",NULL,"49","9282","12028","860","py3","1775949554.993900000","1",NULL,NULL,"82358","2.py",NULL,"team page"
"82359",NULL,"49","10048","14263","859","java","1775949555.528800000","1",NULL,NULL,"82359","A",NULL,"team page"
"82360",NULL,"49","9313","12120","860","py3","1775949556.047300000","1",NULL,NULL,"82360","fvfdcfdcfdc.py",NULL,"team page"
"82361",NULL,"49","9516","12729","860","cpp","1775949559.921400000","1",NULL,NULL,"82361",NULL,NULL,"team page"
"82362",NULL,"49","9322","12147","860","cpp","1775949560.968400000","1",NULL,NULL,"82362",NULL,NULL,"team page"
"82363",NULL,"49","9848","13724","860","py3","1775949562.235400000","1",NULL,NULL,"82363","p2.py",NULL,"team page"
"82364",NULL,"49","9301","12084","861","cpp","1775949562.523600000","1",NULL,NULL,"82364",NULL,NULL,"team page"
"82365",NULL,"49","9711","13314","860","java","1775949563.625500000","1",NULL,NULL,"82365","Main",NULL,"team page"
"82366",NULL,"49","9786","13539","864","py3","1775949565.918200000","1",NULL,NULL,"82366","gridlocked.py",NULL,"team page"
"82367",NULL,"49","9464","12574","859","cpp","1775949566.116600000","1",NULL,NULL,"82367",NULL,NULL,"team page"
"82368",NULL,"49","10020","14189","859","cpp","1775949566.236400000","1",NULL,NULL,"82368",NULL,NULL,"team page"
"82369",NULL,"49","9340","12203","861","cpp","1775949567.185300000","1",NULL,NULL,"82369",NULL,NULL,"team page"
"82370",NULL,"49","9343","12211","865","cpp","1775949568.288600000","1",NULL,NULL,"82370",NULL,NULL,"team page"
"82371",NULL,"49","9502","12689","859","java","1775949569.659500000","1",NULL,NULL,"82371","piezoelectric",NULL,"team page"
"82372",NULL,"49","9592","12957","859","cpp","1775949570.571000000","1",NULL,NULL,"82372",NULL,NULL,"team page"
"82373",NULL,"49","9938","13972","861","cpp","1775949570.642400000","1",NULL,NULL,"82373",NULL,NULL,"team page"
"82374",NULL,"49","9700","13283","860","cpp","1775949571.528900000","1",NULL,NULL,"82374",NULL,NULL,"team page"
"82375",NULL,"49","9376","12309","860","cpp","1775949572.974800000","1",NULL,NULL,"82375",NULL,NULL,"team page"
"82376",NULL,"49","9680","13221","860","cpp","1775949575.373000000","1",NULL,NULL,"82376",NULL,NULL,"team page"
"82377",NULL,"49","9981","14072","859","cpp","1775949575.778300000","1",NULL,NULL,"82377",NULL,NULL,"team page"
"82378",NULL,"49","9876","13807","859","py3","1775949576.515400000","1",NULL,NULL,"82378","japan.py",NULL,"team page"
"82379",NULL,"49","9921","13920","859","cpp","1775949578.697000000","1",NULL,NULL,"82379",NULL,NULL,"team page"
"82380",NULL,"49","9493","12660","859","py3","1775949581.237000000","1",NULL,NULL,"82380","Q1.py",NULL,"team page"
"82381",NULL,"49","9270","11991","861","cpp","1775949582.458700000","1",NULL,NULL,"82381",NULL,NULL,"team page"
"82382",NULL,"49","9693","13260","860","cpp","1775949583.334900000","1",NULL,NULL,"82382",NULL,NULL,"team page"
"82383",NULL,"49","9476","12609","859","py3","1775949583.635400000","1",NULL,NULL,"82383","piezoelectric_template.py",NULL,"team page"
"82384",NULL,"49","9691","13254","860","cpp","1775949584.322100000","1",NULL,NULL,"82384",NULL,NULL,"team page"
"82385",NULL,"49","9376","12309","861","cpp","1775949584.663000000","1",NULL,NULL,"82385",NULL,NULL,"team page"
"82386",NULL,"49","9858","13755","859","py3","1775949584.829400000","1",NULL,NULL,"82386","11.py",NULL,"team page"
"82387",NULL,"49","9735","13387","859","cpp","1775949585.453100000","1",NULL,NULL,"82387",NULL,NULL,"team page"
"82388",NULL,"49","9654","13144","860","cpp","1775949586.248700000","1",NULL,NULL,"82388",NULL,NULL,"team page"
"82389",NULL,"49","9312","12118","860","cpp","1775949587.629600000","1",NULL,NULL,"82389",NULL,NULL,"team page"
"82390",NULL,"49","9296","12069","865","cpp","1775949591.486600000","1",NULL,NULL,"82390",NULL,NULL,"team page"
"82391",NULL,"49","9919","13914","859","cpp","1775949592.715000000","1",NULL,NULL,"82391",NULL,NULL,"team page"
"82392",NULL,"49","9830","13670","860","pypy3","1775949593.282500000","1",NULL,NULL,"82392","b.nah.py",NULL,"team page"
"82393",NULL,"49","10014","14172","859","py3","1775949593.508500000","1",NULL,NULL,"82393","solution1.py",NULL,"team page"
"82394",NULL,"49","9362","12267","861","cpp","1775949593.579800000","1",NULL,NULL,"82394",NULL,NULL,"team page"
"82395",NULL,"49","9710","13312","861","cpp","1775949594.022200000","1",NULL,NULL,"82395",NULL,NULL,"team page"
"82396",NULL,"49","9368","12285","864","cpp","1775949598.489600000","1",NULL,NULL,"82396",NULL,NULL,"team page"
"82397",NULL,"49","10098","14396","859","py3","1775949599.653200000","1",NULL,NULL,"82397","electricity.py",NULL,"team page"
"82398",NULL,"49","9880","13820","859","cpp","1775949601.632900000","1",NULL,NULL,"82398",NULL,NULL,"team page"
"82399",NULL,"49","9897","13872","860","py3","1775949601.951900000","1",NULL,NULL,"82399","NahIdWin.py",NULL,"team page"
"82400",NULL,"49","9657","13152","859","cpp","1775949603.084400000","1",NULL,NULL,"82400",NULL,NULL,"team page"
"82401",NULL,"49","10003","14138","859","cpp","1775949603.348000000","1",NULL,NULL,"82401",NULL,NULL,"team page"
"82402",NULL,"49","9296","12069","864","cpp","1775949605.818600000","1",NULL,NULL,"82402",NULL,NULL,"team page"
"82403",NULL,"49","9503","12690","860","cpp","1775949609.095600000","1",NULL,NULL,"82403",NULL,NULL,"team page"
"82404",NULL,"49","9206","11799","861","cpp","1775949613.031200000","1",NULL,NULL,"82404",NULL,NULL,"team page"
"82405",NULL,"49","9786","13541","860","py3","1775949613.448400000","1",NULL,NULL,"82405","nah.py",NULL,"team page"
"82406",NULL,"49","9368","12285","865","cpp","1775949613.922500000","1",NULL,NULL,"82406",NULL,NULL,"team page"
"82407",NULL,"49","9882","13825","859","cpp","1775949614.308900000","1",NULL,NULL,"82407",NULL,NULL,"team page"
"82408",NULL,"49","9753","13440","860","cpp","1775949615.368800000","1",NULL,NULL,"82408",NULL,NULL,"team page"
"82409",NULL,"49","9544","12814","861","cpp","1775949617.810100000","1",NULL,NULL,"82409",NULL,NULL,"team page"
"82410",NULL,"49","9993","14110","859","cpp","1775949618.006800000","1",NULL,NULL,"82410",NULL,NULL,"team page"
"82411",NULL,"49","9369","12290","861","cpp","1775949618.407200000","1",NULL,NULL,"82411",NULL,NULL,"team page"
"82412",NULL,"49","9612","13017","860","py3","1775949621.394200000","1",NULL,NULL,"82412","nah_template.py",NULL,"team page"
"82413",NULL,"49","9604","12994","861","cpp","1775949621.723600000","1",NULL,NULL,"82413",NULL,NULL,"team page"
"82414",NULL,"49","9280","12023","861","cpp","1775949623.826600000","1",NULL,NULL,"82414",NULL,NULL,"team page"
"82415",NULL,"49","9389","12348","860","py3","1775949624.732400000","1",NULL,NULL,"82415","solution.py",NULL,"team page"
"82416",NULL,"49","9943","13988","859","cpp","1775949624.769800000","1",NULL,NULL,"82416",NULL,NULL,"team page"
"82417",NULL,"49","10016","14178","861","py3","1775949625.415100000","1",NULL,NULL,"82417","BigBenFiles.py",NULL,"team page"
"82418",NULL,"49","9653","13142","859","cpp","1775949625.832300000","1",NULL,NULL,"82418",NULL,NULL,"team page"
"82419",NULL,"49","9888","13845","859","pypy3","1775949630.573100000","1",NULL,NULL,"82419","1.py",NULL,"team page"
"82420",NULL,"49","9512","12719","859","cpp","1775949636.103900000","1",NULL,NULL,"82420",NULL,NULL,"team page"
"82421",NULL,"49","9658","13156","859","cpp","1775949636.616900000","1",NULL,NULL,"82421",NULL,NULL,"team page"
"82422",NULL,"49","9700","13283","860","cpp","1775949638.002100000","1",NULL,NULL,"82422",NULL,NULL,"team page"
"82423",NULL,"49","9669","13189","859","py3","1775949640.353400000","1",NULL,NULL,"82423","piezoelectric_template.py",NULL,"team page"
"82424",NULL,"49","9784","13533","859","cpp","1775949640.398400000","1",NULL,NULL,"82424",NULL,NULL,"team page"
"82425",NULL,"49","9366","12279","859","pypy3","1775949642.480200000","1",NULL,NULL,"82425","p1.py",NULL,"team page"
"82426",NULL,"49","9593","12962","861","cpp","1775949643.120300000","1",NULL,NULL,"82426",NULL,NULL,"team page"
"82427",NULL,"49","9270","11993","859","cpp","1775949644.325600000","1",NULL,NULL,"82427",NULL,NULL,"team page"
"82428",NULL,"49","10060","14299","859","java","1775949645.579100000","1",NULL,NULL,"82428","piezoelectric",NULL,"team page"
"82429",NULL,"49","10000","14129","859","cpp","1775949645.943300000","1",NULL,NULL,"82429",NULL,NULL,"team page"
"82430",NULL,"49","9619","13039","859","cpp","1775949646.493600000","1",NULL,NULL,"82430",NULL,NULL,"team page"
"82431",NULL,"49","9543","12810","860","cpp","1775949646.695900000","1",NULL,NULL,"82431",NULL,NULL,"team page"
"82432",NULL,"49","9999","14126","861","cpp","1775949647.888400000","1",NULL,NULL,"82432",NULL,NULL,"team page"
"82433",NULL,"49","9435","12487","859","cpp","1775949648.128800000","1",NULL,NULL,"82433",NULL,NULL,"team page"
"82434",NULL,"49","9672","13197","859","pypy3","1775949648.308400000","1",NULL,NULL,"82434","piezoelectric.py",NULL,"team page"
"82435",NULL,"49","9375","12308","860","py3","1775949648.417600000","1",NULL,NULL,"82435","2.py",NULL,"team page"
"82436",NULL,"49","9666","13179","861","cpp","1775949650.696300000","1",NULL,NULL,"82436",NULL,NULL,"team page"
"82437",NULL,"49","9649","13128","860","cpp","1775949651.352800000","1",NULL,NULL,"82437",NULL,NULL,"team page"
"82438",NULL,"49","9892","13856","859","cpp","1775949651.676400000","1",NULL,NULL,"82438",NULL,NULL,"team page"
"82439",NULL,"49","9636","13090","859","java","1775949651.843900000","1",NULL,NULL,"82439","Main",NULL,"team page"
"82440",NULL,"49","9892","13857","859","pypy3","1775949652.526600000","1",NULL,NULL,"82440","car_no_energy.py",NULL,"team page"
"82441",NULL,"49","9930","13949","859","java","1775949656.340300000","1",NULL,NULL,"82441","piezoelectric",NULL,"team page"
"82442",NULL,"49","9250","11932","866","py3","1775949657.449200000","1",NULL,NULL,"82442","block_area.py",NULL,"team page"
"82443",NULL,"49","9644","13114","861","cpp","1775949661.819800000","1",NULL,NULL,"82443",NULL,NULL,"team page"
"82444",NULL,"49","9682","13227","860","cpp","1775949662.628400000","1",NULL,NULL,"82444",NULL,NULL,"team page"
"82445",NULL,"49","9818","13633","861","cpp","1775949662.956000000","1",NULL,NULL,"82445",NULL,NULL,"team page"
"82446",NULL,"49","9925","13932","860","cpp","1775949663.637800000","1",NULL,NULL,"82446",NULL,NULL,"team page"
"82447",NULL,"49","9389","12348","862","py3","1775949664.583900000","1",NULL,NULL,"82447","laser.py",NULL,"team page"
"82448",NULL,"49","10005","14144","859","cpp","1775949665.302700000","1",NULL,NULL,"82448",NULL,NULL,"team page"
"82449",NULL,"49","9633","13080","863","cpp","1775949666.295000000","1",NULL,NULL,"82449",NULL,NULL,"team page"
"82450",NULL,"49","9233","11880","859","py3","1775949670.562400000","1",NULL,NULL,"82450","sol.py",NULL,"team page"
"82451",NULL,"49","9888","13843","861","py3","1775949671.287400000","1",NULL,NULL,"82451","test.py",NULL,"team page"
"82452",NULL,"49","10014","14173","873","cpp","1775949672.356500000","1",NULL,NULL,"82452",NULL,NULL,"team page"
"82453",NULL,"49","9937","13968","864","cpp","1775949675.673600000","1",NULL,NULL,"82453",NULL,NULL,"team page"
"82454",NULL,"49","9533","12780","861","java","1775949676.546600000","1",NULL,NULL,"82454","BigBen",NULL,"team page"
"82455",NULL,"49","9268","11986","859","pypy3","1775949677.982100000","1",NULL,NULL,"82455","1.py",NULL,"team page"
"82456",NULL,"49","10090","14372","867","cpp","1775949678.409900000","1",NULL,NULL,"82456",NULL,NULL,"team page"
"82457",NULL,"49","9885","13835","861","cpp","1775949679.679300000","1",NULL,NULL,"82457",NULL,NULL,"team page"
"82458",NULL,"49","9795","13566","864","cpp","1775949679.851600000","1",NULL,NULL,"82458",NULL,NULL,"team page"
"82459",NULL,"49","9923","13928","859","py3","1775949682.665200000","1",NULL,NULL,"82459","p1.py",NULL,"team page"
"82460",NULL,"49","9640","13102","859","cpp","1775949683.153500000","1",NULL,NULL,"82460",NULL,NULL,"team page"
"82461",NULL,"49","9717","13334","866","cpp","1775949685.129700000","1",NULL,NULL,"82461",NULL,NULL,"team page"
"82462",NULL,"49","9485","12636","860","cpp","1775949685.426700000","1",NULL,NULL,"82462",NULL,NULL,"team page"
"82463",NULL,"49","10016","14178","861","py3","1775949685.627900000","1",NULL,NULL,"82463","BigBenFiles.py",NULL,"team page"
"82464",NULL,"49","9827","13660","860","cpp","1775949688.752000000","1",NULL,NULL,"82464",NULL,NULL,"team page"
"82465",NULL,"49","9367","12282","861","cpp","1775949689.120300000","1",NULL,NULL,"82465",NULL,NULL,"team page"
"82466",NULL,"49","9898","13874","859","py3","1775949689.739800000","1",NULL,NULL,"82466","ASEEDER.py",NULL,"team page"
"82467",NULL,"49","9567","12882","862","cpp","1775949690.646800000","1",NULL,NULL,"82467",NULL,NULL,"team page"
"82468",NULL,"49","9779","13519","860","cpp","1775949691.486800000","1",NULL,NULL,"82468",NULL,NULL,"team page"
"82469",NULL,"49","9614","13025","862","py3","1775949692.024000000","1",NULL,NULL,"82469","main.py",NULL,"team page"
"82470",NULL,"49","9629","13068","860","cpp","1775949692.810800000","1",NULL,NULL,"82470",NULL,NULL,"team page"
"82471",NULL,"49","9712","13318","862","cpp","1775949693.869700000","1",NULL,NULL,"82471",NULL,NULL,"team page"
"82472",NULL,"49","9392","12358","859","cpp","1775949696.232400000","1",NULL,NULL,"82472",NULL,NULL,"team page"
"82473",NULL,"49","9761","13465","860","cpp","1775949698.083900000","1",NULL,NULL,"82473",NULL,NULL,"team page"
"82474",NULL,"49","9419","12438","859","cpp","1775949701.983000000","1",NULL,NULL,"82474",NULL,NULL,"team page"
"82475",NULL,"49","9526","12759","861","cpp","1775949703.716900000","1",NULL,NULL,"82475",NULL,NULL,"team page"
"82476",NULL,"49","9378","12317","860","py3","1775949706.644400000","1",NULL,NULL,"82476","nah_template.py",NULL,"team page"
"82477",NULL,"49","9927","13938","860","py3","1775949707.362700000","1",NULL,NULL,"82477","CALICO_SP26.py",NULL,"team page"
"82478",NULL,"49","9694","13265","860","cpp","1775949709.261500000","1",NULL,NULL,"82478",NULL,NULL,"team page"
"82479",NULL,"49","9992","14105","860","cpp","1775949711.696800000","1",NULL,NULL,"82479",NULL,NULL,"team page"
"82480",NULL,"49","9270","11993","860","cpp","1775949712.277000000","1",NULL,NULL,"82480",NULL,NULL,"team page"
"82481",NULL,"49","9567","12882","863","cpp","1775949713.060800000","1",NULL,NULL,"82481",NULL,NULL,"team page"
"82482",NULL,"49","9379","12319","860","cpp","1775949713.674500000","1",NULL,NULL,"82482",NULL,NULL,"team page"
"82483",NULL,"49","9948","14001","860","cpp","1775949716.107300000","1",NULL,NULL,"82483",NULL,NULL,"team page"
"82484",NULL,"49","9366","12279","859","pypy3","1775949716.223900000","1",NULL,NULL,"82484","p1.py",NULL,"team page"
"82485",NULL,"49","9710","13311","862","cpp","1775949717.962900000","1",NULL,NULL,"82485",NULL,NULL,"team page"
"82486",NULL,"49","9296","12069","865","cpp","1775949721.772300000","1",NULL,NULL,"82486",NULL,NULL,"team page"
"82487",NULL,"49","9275","12006","860","py3","1775949722.773400000","1",NULL,NULL,"82487","nah_template.py",NULL,"team page"
"82488",NULL,"49","9717","13334","866","cpp","1775949724.479500000","1",NULL,NULL,"82488",NULL,NULL,"team page"
"82489",NULL,"49","10014","14171","861","py3","1775949724.683300000","1",NULL,NULL,"82489","env.py",NULL,"team page"
"82490",NULL,"49","9761","13464","867","cpp","1775949725.135300000","1",NULL,NULL,"82490",NULL,NULL,"team page"
"82491",NULL,"49","9882","13825","859","cpp","1775949726.494200000","1",NULL,NULL,"82491",NULL,NULL,"team page"
"82492",NULL,"49","10060","14299","859","java","1775949726.537600000","1",NULL,NULL,"82492","piezoelectric",NULL,"team page"
"82493",NULL,"49","9690","13253","860","cpp","1775949727.793800000","1",NULL,NULL,"82493",NULL,NULL,"team page"
"82494",NULL,"49","10014","14173","860","cpp","1775949727.845900000","1",NULL,NULL,"82494",NULL,NULL,"team page"
"82495",NULL,"49","9670","13191","859","py3","1775949728.374900000","1",NULL,NULL,"82495","main.py",NULL,"team page"
"82496",NULL,"49","9753","13440","860","cpp","1775949729.474900000","1",NULL,NULL,"82496",NULL,NULL,"team page"
"82497",NULL,"49","9296","12070","860","cpp","1775949730.070100000","1",NULL,NULL,"82497",NULL,NULL,"team page"
"82498",NULL,"49","9407","12404","860","cpp","1775949730.236100000","1",NULL,NULL,"82498",NULL,NULL,"team page"
"82499",NULL,"49","9512","12717","861","py3","1775949731.632400000","1",NULL,NULL,"82499","sensor.py",NULL,"team page"
"82500",NULL,"49","9219","11839","860","cpp","1775949732.427100000","1",NULL,NULL,"82500",NULL,NULL,"team page"
"82501",NULL,"49","9982","14075","860","cpp","1775949733.948000000","1",NULL,NULL,"82501",NULL,NULL,"team page"
"82502",NULL,"49","9988","14095","859","py3","1775949733.983900000","1",NULL,NULL,"82502","piezoelectric_template.py",NULL,"team page"
"82503",NULL,"49","9669","13189","859","py3","1775949734.210400000","1",NULL,NULL,"82503","piezoelectric_template.py",NULL,"team page"
"82504",NULL,"49","9357","12252","859","cpp","1775949735.715900000","1",NULL,NULL,"82504",NULL,NULL,"team page"
"82505",NULL,"49","9296","12069","864","cpp","1775949736.737900000","1",NULL,NULL,"82505",NULL,NULL,"team page"
"82506",NULL,"49","9708","13305","860","py3","1775949737.308700000","1",NULL,NULL,"82506","problem2.py",NULL,"team page"
"82507",NULL,"49","9394","12363","859","py3","1775949738.039200000","1",NULL,NULL,"82507","Car_Rounds_problem.py",NULL,"team page"
"82508",NULL,"49","9858","13755","873","py3","1775949741.144100000","1",NULL,NULL,"82508","2.py",NULL,"team page"
"82509",NULL,"49","9592","12957","873","cpp","1775949741.796600000","1",NULL,NULL,"82509",NULL,NULL,"team page"
"82510",NULL,"49","10031","14212","859","py3","1775949742.602400000","1",NULL,NULL,"82510","piezoelectric_adeji.py",NULL,"team page"
"82511",NULL,"49","9422","12448","861","py3","1775949744.453300000","1",NULL,NULL,"82511","files_template.py",NULL,"team page"
"82512",NULL,"49","9928","13943","866","cpp","1775949744.559400000","1",NULL,NULL,"82512",NULL,NULL,"team page"
"82513",NULL,"49","9417","12432","859","cpp","1775949745.992200000","1",NULL,NULL,"82513",NULL,NULL,"team page"
"82514",NULL,"49","9279","12019","861","cpp","1775949747.660300000","1",NULL,NULL,"82514",NULL,NULL,"team page"
"82515",NULL,"49","9370","12291","860","cpp","1775949749.196900000","1",NULL,NULL,"82515",NULL,NULL,"team page"
"82516",NULL,"49","9253","11942","860","cpp","1775949749.499100000","1",NULL,NULL,"82516",NULL,NULL,"team page"
"82517",NULL,"49","9608","13007","860","cpp","1775949751.103500000","1",NULL,NULL,"82517",NULL,NULL,"team page"
"82518",NULL,"49","9333","12181","867","cpp","1775949751.609300000","1",NULL,NULL,"82518",NULL,NULL,"team page"
"82519",NULL,"49","9362","12268","860","cpp","1775949751.745800000","1",NULL,NULL,"82519",NULL,NULL,"team page"
"82520",NULL,"49","9690","13251","862","cpp","1775949751.812300000","1",NULL,NULL,"82520",NULL,NULL,"team page"
"82521",NULL,"49","10036","14229","860","cpp","1775949752.007300000","1",NULL,NULL,"82521",NULL,NULL,"team page"
"82522",NULL,"49","9691","13254","861","cpp","1775949752.538100000","1",NULL,NULL,"82522",NULL,NULL,"team page"
"82523",NULL,"49","9653","13140","860","cpp","1775949753.240700000","1",NULL,NULL,"82523",NULL,NULL,"team page"
"82524",NULL,"49","9536","12789","860","cpp","1775949756.372800000","1",NULL,NULL,"82524",NULL,NULL,"team page"
"82525",NULL,"49","9201","11784","859","py3","1775949757.021500000","1",NULL,NULL,"82525","problem1.py",NULL,"team page"
"82526",NULL,"49","9620","13042","861","cpp","1775949758.191000000","1",NULL,NULL,"82526",NULL,NULL,"team page"
"82527",NULL,"49","9268","11985","861","cpp","1775949759.225300000","1",NULL,NULL,"82527",NULL,NULL,"team page"
"82528",NULL,"49","9848","13724","859","py3","1775949760.094600000","1",NULL,NULL,"82528","main.py",NULL,"team page"
"82529",NULL,"49","9280","12023","861","cpp","1775949760.519000000","1",NULL,NULL,"82529",NULL,NULL,"team page"
"82530",NULL,"49","10096","14391","860","cpp","1775949766.660500000","1",NULL,NULL,"82530",NULL,NULL,"team page"
"82531",NULL,"49","9394","12363","859","py3","1775949768.222600000","1",NULL,NULL,"82531","Car_Rounds_problem.py",NULL,"team page"
"82532",NULL,"49","9364","12275","860","cpp","1775949768.896900000","1",NULL,NULL,"82532",NULL,NULL,"team page"
"82533",NULL,"49","9544","12814","861","cpp","1775949769.844300000","1",NULL,NULL,"82533",NULL,NULL,"team page"
"82534",NULL,"49","9373","12300","860","cpp","1775949770.368300000","1",NULL,NULL,"82534",NULL,NULL,"team page"
"82535",NULL,"49","9328","12165","861","cpp","1775949771.643200000","1",NULL,NULL,"82535",NULL,NULL,"team page"
"82536",NULL,"49","10021","14192","859","py3","1775949771.846100000","1",NULL,NULL,"82536","calico.py",NULL,"team page"
"82537",NULL,"49","9840","13699","860","cpp","1775949774.124200000","1",NULL,NULL,"82537",NULL,NULL,"team page"
"82538",NULL,"49","9628","13067","859","py3","1775949774.904100000","1",NULL,NULL,"82538","piezoelectric_template.py",NULL,"team page"
"82539",NULL,"49","10014","14171","861","py3","1775949775.748800000","1",NULL,NULL,"82539","env.py",NULL,"team page"
"82540",NULL,"49","9690","13252","866","py3","1775949777.276200000","1",NULL,NULL,"82540","TEST.py",NULL,"team page"
"82541",NULL,"49","10083","14350","859","py3","1775949778.541900000","1",NULL,NULL,"82541","problem-1.py",NULL,"team page"
"82542",NULL,"49","9933","13957","859","cpp","1775949781.032700000","1",NULL,NULL,"82542",NULL,NULL,"team page"
"82543",NULL,"49","9258","11955","864","cpp","1775949781.467200000","1",NULL,NULL,"82543",NULL,NULL,"team page"
"82544",NULL,"49","9562","12868","860","cpp","1775949782.652300000","1",NULL,NULL,"82544",NULL,NULL,"team page"
"82545",NULL,"49","9366","12279","859","pypy3","1775949785.174700000","1",NULL,NULL,"82545","p1.py",NULL,"team page"
"82546",NULL,"49","9633","13080","864","cpp","1775949786.211600000","1",NULL,NULL,"82546",NULL,NULL,"team page"
"82547",NULL,"49","9937","13968","864","cpp","1775949786.532000000","1",NULL,NULL,"82547",NULL,NULL,"team page"
"82548",NULL,"49","9599","12978","860","cpp","1775949786.547300000","1",NULL,NULL,"82548",NULL,NULL,"team page"
"82549",NULL,"49","9716","13329","860","py3","1775949787.118000000","1",NULL,NULL,"82549","nah_template.py",NULL,"team page"
"82550",NULL,"49","9317","12132","860","cpp","1775949789.228800000","1",NULL,NULL,"82550",NULL,NULL,"team page"
"82551",NULL,"49","9333","12180","861","cpp","1775949789.695200000","1",NULL,NULL,"82551",NULL,NULL,"team page"
"82552",NULL,"49","9376","12309","861","cpp","1775949791.266800000","1",NULL,NULL,"82552",NULL,NULL,"team page"
"82553",NULL,"49","9436","12489","859","java","1775949791.743200000","1",NULL,NULL,"82553","Q1",NULL,"team page"
"82554",NULL,"49","9680","13223","866","cpp","1775949792.977900000","1",NULL,NULL,"82554",NULL,NULL,"team page"
"82555",NULL,"49","9551","12834","859","java","1775949794.242900000","1",NULL,NULL,"82555","Solution",NULL,"team page"
"82556",NULL,"49","9895","13864","859","cpp","1775949794.616100000","1",NULL,NULL,"82556",NULL,NULL,"team page"
"82557",NULL,"49","9753","13440","860","cpp","1775949799.884300000","1",NULL,NULL,"82557",NULL,NULL,"team page"
"82558",NULL,"49","9266","11980","859","cpp","1775949800.176400000","1",NULL,NULL,"82558",NULL,NULL,"team page"
"82559",NULL,"49","10070","14329","863","cpp","1775949800.730300000","1",NULL,NULL,"82559",NULL,NULL,"team page"
"82560",NULL,"49","10005","14144","859","cpp","1775949801.016900000","1",NULL,NULL,"82560",NULL,NULL,"team page"
"82561",NULL,"49","9898","13874","859","py3","1775949801.813300000","1",NULL,NULL,"82561","ASEEDER.py",NULL,"team page"
"82562",NULL,"49","10085","14356","859","cpp","1775949802.088800000","1",NULL,NULL,"82562",NULL,NULL,"team page"
"82563",NULL,"49","9681","13225","859","py3","1775949802.448100000","1",NULL,NULL,"82563","problem1.py",NULL,"team page"
"82564",NULL,"49","9859","13756","859","cpp","1775949804.544000000","1",NULL,NULL,"82564",NULL,NULL,"team page"
"82565",NULL,"49","9253","11942","860","cpp","1775949805.324200000","1",NULL,NULL,"82565",NULL,NULL,"team page"
"82566",NULL,"49","10045","14254","859","pypy3","1775949805.927100000","1",NULL,NULL,"82566","pizo.py",NULL,"team page"
"82567",NULL,"49","9902","13885","859","py3","1775949807.729100000","1",NULL,NULL,"82567","1.py",NULL,"team page"
"82568",NULL,"49","9368","12287","866","java","1775949809.750000000","1",NULL,NULL,"82568","P6",NULL,"team page"
"82569",NULL,"49","9389","12348","863","py3","1775949809.930300000","1",NULL,NULL,"82569","laser.py",NULL,"team page"
"82570",NULL,"49","9568","12885","859","cpp","1775949811.231600000","1",NULL,NULL,"82570",NULL,NULL,"team page"
"82571",NULL,"49","9929","13944","859","py3","1775949811.830800000","1",NULL,NULL,"82571","piezoelectric_done.py",NULL,"team page"
"82572",NULL,"49","9491","12654","860","cpp","1775949812.213200000","1",NULL,NULL,"82572",NULL,NULL,"team page"
"82573",NULL,"49","9666","13180","860","cpp","1775949812.756200000","1",NULL,NULL,"82573",NULL,NULL,"team page"
"82574",NULL,"49","9900","13879","860","py3","1775949813.597700000","1",NULL,NULL,"82574","nah_template.py",NULL,"team page"
"82575",NULL,"49","9792","13555","860","cpp","1775949814.587200000","1",NULL,NULL,"82575",NULL,NULL,"team page"
"82576",NULL,"49","9950","14007","859","cpp","1775949816.225800000","1",NULL,NULL,"82576",NULL,NULL,"team page"
"82577",NULL,"49","9779","13519","861","cpp","1775949816.974700000","1",NULL,NULL,"82577",NULL,NULL,"team page"
"82578",NULL,"49","9793","13559","866","cpp","1775949817.261300000","1",NULL,NULL,"82578",NULL,NULL,"team page"
"82579",NULL,"49","9343","12212","861","java","1775949817.856700000","1",NULL,NULL,"82579","BigBen",NULL,"team page"
"82580",NULL,"49","9219","11839","860","cpp","1775949818.096700000","1",NULL,NULL,"82580",NULL,NULL,"team page"
"82581",NULL,"49","10003","14138","859","cpp","1775949820.401400000","1",NULL,NULL,"82581",NULL,NULL,"team page"
"82582",NULL,"49","9474","12604","859","cpp","1775949821.453200000","1",NULL,NULL,"82582",NULL,NULL,"team page"
"82583",NULL,"49","9343","12210","860","py3","1775949825.479400000","1",NULL,NULL,"82583","nah_template.py",NULL,"team page"
"82584",NULL,"49","9905","13895","859","py3","1775949828.091100000","1",NULL,NULL,"82584","piezoelectric.py",NULL,"team page"
"82585",NULL,"49","9343","12211","865","cpp","1775949829.817100000","1",NULL,NULL,"82585",NULL,NULL,"team page"
"82586",NULL,"49","9806","13597","864","cpp","1775949830.761800000","1",NULL,NULL,"82586",NULL,NULL,"team page"
"82587",NULL,"49","9340","12202","860","cpp","1775949831.837400000","1",NULL,NULL,"82587",NULL,NULL,"team page"
"82588",NULL,"49","9885","13834","860","java","1775949835.069800000","1",NULL,NULL,"82588","Solution",NULL,"team page"
"82589",NULL,"49","10000","14129","859","cpp","1775949836.017600000","1",NULL,NULL,"82589",NULL,NULL,"team page"
"82590",NULL,"49","10090","14373","864","java","1775949836.860000000","1",NULL,NULL,"82590","Main",NULL,"team page"
"82591",NULL,"49","9361","12264","860","py3","1775949837.726600000","1",NULL,NULL,"82591","nah_template.py",NULL,"team page"
"82592",NULL,"49","9640","13103","860","cpp","1775949837.790000000","1",NULL,NULL,"82592",NULL,NULL,"team page"
"82593",NULL,"49","9503","12690","860","cpp","1775949837.818000000","1",NULL,NULL,"82593",NULL,NULL,"team page"
"82594",NULL,"49","9391","12354","861","py3","1775949838.221500000","1",NULL,NULL,"82594","files_template.py",NULL,"team page"
"82595",NULL,"49","9354","12245","859","cpp","1775949839.836600000","1",NULL,NULL,"82595",NULL,NULL,"team page"
"82596",NULL,"49","9354","12245","859","cpp","1775949840.002300000","1",NULL,NULL,"82596",NULL,NULL,"team page"
"82597",NULL,"49","9466","12579","859","py3","1775949840.018000000","1",NULL,NULL,"82597","Case1.py",NULL,"team page"
"82598",NULL,"49","9627","13062","859","py3","1775949840.083500000","1",NULL,NULL,"82598","piezoelectric_template.py",NULL,"team page"
"82599",NULL,"49","9543","12810","860","cpp","1775949840.369900000","1",NULL,NULL,"82599",NULL,NULL,"team page"
"82600",NULL,"49","9317","12132","860","cpp","1775949841.692300000","1",NULL,NULL,"82600",NULL,NULL,"team page"
"82601",NULL,"49","9206","11800","860","cpp","1775949842.325000000","1",NULL,NULL,"82601",NULL,NULL,"team page"
"82602",NULL,"49","9748","13425","861","py3","1775949842.453400000","1",NULL,NULL,"82602","3.py",NULL,"team page"
"82603",NULL,"49","9629","13069","861","cpp","1775949843.222800000","1",NULL,NULL,"82603",NULL,NULL,"team page"
"82604",NULL,"49","9536","12789","860","cpp","1775949843.698300000","1",NULL,NULL,"82604",NULL,NULL,"team page"
"82605",NULL,"49","9308","12105","860","pypy3","1775949845.084000000","1",NULL,NULL,"82605","main.py",NULL,"team page"
"82606",NULL,"49","9358","12255","859","cpp","1775949846.350300000","1",NULL,NULL,"82606",NULL,NULL,"team page"
"82607",NULL,"49","9447","12522","860","cpp","1775949850.132500000","1",NULL,NULL,"82607",NULL,NULL,"team page"
"82608",NULL,"49","9608","13007","860","cpp","1775949850.267000000","1",NULL,NULL,"82608",NULL,NULL,"team page"
"82609",NULL,"49","10015","14175","859","py3","1775949850.306600000","1",NULL,NULL,"82609","main.py",NULL,"team page"
"82610",NULL,"49","9976","14057","860","cpp","1775949850.868800000","1",NULL,NULL,"82610",NULL,NULL,"team page"
"82611",NULL,"49","9592","12957","860","cpp","1775949854.886600000","1",NULL,NULL,"82611",NULL,NULL,"team page"
"82612",NULL,"49","9787","13543","860","cpp","1775949856.086700000","1",NULL,NULL,"82612",NULL,NULL,"team page"
"82613",NULL,"49","9391","12356","859","py3","1775949858.302800000","1",NULL,NULL,"82613","piezoelectric_template.py",NULL,"team page"
"82614",NULL,"49","9322","12147","861","cpp","1775949859.574500000","1",NULL,NULL,"82614",NULL,NULL,"team page"
"82615",NULL,"49","9864","13772","860","cpp","1775949859.683400000","1",NULL,NULL,"82615",NULL,NULL,"team page"
"82616",NULL,"49","9373","12302","861","cpp","1775949859.746800000","1",NULL,NULL,"82616",NULL,NULL,"team page"
"82617",NULL,"49","9296","12070","861","cpp","1775949860.457300000","1",NULL,NULL,"82617",NULL,NULL,"team page"
"82618",NULL,"49","9637","13093","860","java","1775949861.376500000","1",NULL,NULL,"82618","Nah",NULL,"team page"
"82619",NULL,"49","10087","14362","860","pypy3","1775949864.779700000","1",NULL,NULL,"82619","nah_template.py",NULL,"team page"
"82620",NULL,"49","9694","13264","859","py3","1775949865.262300000","1",NULL,NULL,"82620","piezoelectric_template.py",NULL,"team page"
"82621",NULL,"49","9693","13260","864","cpp","1775949866.281400000","1",NULL,NULL,"82621",NULL,NULL,"team page"
"82622",NULL,"49","9858","13755","860","py3","1775949866.948400000","1",NULL,NULL,"82622","2.py",NULL,"team page"
"82623",NULL,"49","9711","13314","861","java","1775949868.892900000","1",NULL,NULL,"82623","Main",NULL,"team page"
"82624",NULL,"49","9258","11955","864","cpp","1775949869.713000000","1",NULL,NULL,"82624",NULL,NULL,"team page"
"82625",NULL,"49","9756","13449","859","pypy3","1775949872.832300000","1",NULL,NULL,"82625","piezoelectric.py",NULL,"team page"
"82626",NULL,"49","9887","13842","859","py3","1775949873.071100000","1",NULL,NULL,"82626","calico3.py",NULL,"team page"
"82627",NULL,"49","10060","14299","859","java","1775949874.190500000","1",NULL,NULL,"82627","piezoelectric",NULL,"team page"
"82628",NULL,"49","9699","13280","862","cpp","1775949877.540500000","1",NULL,NULL,"82628",NULL,NULL,"team page"
"82629",NULL,"49","9263","11970","860","cpp","1775949877.625500000","1",NULL,NULL,"82629",NULL,NULL,"team page"
"82630",NULL,"49","9489","12648","860","py3","1775949878.800800000","1",NULL,NULL,"82630","nah_template.py",NULL,"team page"
"82631",NULL,"49","9442","12507","864","cpp","1775949879.722700000","1",NULL,NULL,"82631",NULL,NULL,"team page"
"82632",NULL,"49","10087","14363","861","cpp","1775949879.968500000","1",NULL,NULL,"82632",NULL,NULL,"team page"
"82633",NULL,"49","9644","13115","860","cpp","1775949882.187000000","1",NULL,NULL,"82633",NULL,NULL,"team page"
"82634",NULL,"49","9431","12474","861","py3","1775949883.690200000","1",NULL,NULL,"82634","calico.py",NULL,"team page"
"82635",NULL,"49","10006","14147","859","py3","1775949885.710600000","1",NULL,NULL,"82635","1.py",NULL,"team page"
"82636",NULL,"49","10021","14192","859","py3","1775949886.175400000","1",NULL,NULL,"82636","calico.py",NULL,"team page"
"82637",NULL,"49","10021","14192","859","py3","1775949886.751500000","1",NULL,NULL,"82637","calico.py",NULL,"team page"
"82638",NULL,"49","9258","11955","865","cpp","1775949887.339400000","1",NULL,NULL,"82638",NULL,NULL,"team page"
"82639",NULL,"49","9567","12882","864","cpp","1775949887.672800000","1",NULL,NULL,"82639",NULL,NULL,"team page"
"82640",NULL,"49","9367","12283","860","cpp","1775949889.317700000","1",NULL,NULL,"82640",NULL,NULL,"team page"
"82641",NULL,"49","9787","13543","860","cpp","1775949890.256900000","1",NULL,NULL,"82641",NULL,NULL,"team page"
"82642",NULL,"49","10010","14159","859","cpp","1775949896.065400000","1",NULL,NULL,"82642",NULL,NULL,"team page"
"82643",NULL,"49","9603","12990","859","py3","1775949896.780700000","1",NULL,NULL,"82643","main.py",NULL,"team page"
"82644",NULL,"49","9649","13128","860","cpp","1775949897.209400000","1",NULL,NULL,"82644",NULL,NULL,"team page"
"82645",NULL,"49","9336","12189","859","cpp","1775949897.228900000","1",NULL,NULL,"82645",NULL,NULL,"team page"
"82646",NULL,"49","9806","13599","862","cpp","1775949897.578200000","1",NULL,NULL,"82646",NULL,NULL,"team page"
"82647",NULL,"49","9203","11790","860","cpp","1775949899.668400000","1",NULL,NULL,"82647",NULL,NULL,"team page"
"82648",NULL,"49","9567","12882","865","cpp","1775949900.636200000","1",NULL,NULL,"82648",NULL,NULL,"team page"
"82649",NULL,"49","9278","12015","859","java","1775949901.749000000","1",NULL,NULL,"82649","Solution",NULL,"team page"
"82650",NULL,"49","9897","13871","859","py3","1775949906.526600000","1",NULL,NULL,"82650","piezoelectric.py",NULL,"team page"
"82651",NULL,"49","9930","13947","866","cpp","1775949908.306500000","1",NULL,NULL,"82651",NULL,NULL,"team page"
"82652",NULL,"49","10016","14177","859","cpp","1775949914.165300000","1",NULL,NULL,"82652",NULL,NULL,"team page"
"82653",NULL,"49","9364","12275","860","cpp","1775949914.498600000","1",NULL,NULL,"82653",NULL,NULL,"team page"
"82654",NULL,"49","9981","14072","873","cpp","1775949915.914300000","1",NULL,NULL,"82654",NULL,NULL,"team page"
"82655",NULL,"49","9466","12579","859","cpp","1775949918.100800000","1",NULL,NULL,"82655",NULL,NULL,"team page"
"82656",NULL,"49","9871","13794","859","py3","1775949919.066700000","1",NULL,NULL,"82656","piezoelectric_template.py",NULL,"team page"
"82657",NULL,"49","9918","13912","861","cpp","1775949919.420300000","1",NULL,NULL,"82657",NULL,NULL,"team page"
"82658",NULL,"49","9537","12792","859","cpp","1775949924.710200000","1",NULL,NULL,"82658",NULL,NULL,"team page"
"82659",NULL,"49","9929","13944","859","py3","1775949925.515800000","1",NULL,NULL,"82659","piezoelectric_done.py",NULL,"team page"
"82660",NULL,"49","9647","13123","860","cpp","1775949925.892000000","1",NULL,NULL,"82660",NULL,NULL,"team page"
"82661",NULL,"49","9673","13200","859","java","1775949927.150000000","1",NULL,NULL,"82661","Solution",NULL,"team page"
"82662",NULL,"49","9321","12144","860","java","1775949929.328800000","1",NULL,NULL,"82662","Solution",NULL,"team page"
"82663",NULL,"49","10086","14359","859","cpp","1775949929.433600000","1",NULL,NULL,"82663",NULL,NULL,"team page"
"82664",NULL,"49","9378","12315","861","py3","1775949929.552500000","1",NULL,NULL,"82664","files_template.py",NULL,"team page"
"82665",NULL,"49","9653","13140","860","cpp","1775949929.930800000","1",NULL,NULL,"82665",NULL,NULL,"team page"
"82666",NULL,"49","9680","13221","861","cpp","1775949932.044400000","1",NULL,NULL,"82666",NULL,NULL,"team page"
"82667",NULL,"49","9644","13115","860","cpp","1775949932.141800000","1",NULL,NULL,"82667",NULL,NULL,"team page"
"82668",NULL,"49","9858","13755","861","py3","1775949932.146600000","1",NULL,NULL,"82668","3.py",NULL,"team page"
"82669",NULL,"49","9423","12450","861","pypy3","1775949933.800300000","1",NULL,NULL,"82669","3.py",NULL,"team page"
"82670",NULL,"49","9442","12507","864","cpp","1775949934.533500000","1",NULL,NULL,"82670",NULL,NULL,"team page"
"82671",NULL,"49","10015","14175","859","py3","1775949934.534400000","1",NULL,NULL,"82671","calico_1_main.py",NULL,"team page"
"82672",NULL,"49","9997","14120","860","cpp","1775949934.852200000","1",NULL,NULL,"82672",NULL,NULL,"team page"
"82673",NULL,"49","9632","13078","860","cpp","1775949936.176700000","1",NULL,NULL,"82673",NULL,NULL,"team page"
"82674",NULL,"49","10038","14234","878","java","1775949937.608200000","1",NULL,NULL,"82674","Main",NULL,"team page"
"82675",NULL,"49","9464","12573","860","cpp","1775949937.780300000","1",NULL,NULL,"82675",NULL,NULL,"team page"
"82676",NULL,"49","9313","12122","862","py3","1775949938.425200000","1",NULL,NULL,"82676","p4_calico_spring_2026.py",NULL,"team page"
"82677",NULL,"49","9918","13911","867","rs","1775949940.685400000","1",NULL,NULL,"82677",NULL,NULL,"team page"
"82678",NULL,"49","9581","12924","859","py3","1775949941.172400000","1",NULL,NULL,"82678","test.py",NULL,"team page"
"82679",NULL,"49","9568","12885","859","cpp","1775949941.295500000","1",NULL,NULL,"82679",NULL,NULL,"team page"
"82680",NULL,"49","10070","14329","863","cpp","1775949942.552300000","1",NULL,NULL,"82680",NULL,NULL,"team page"
"82681",NULL,"49","9447","12522","860","cpp","1775949944.440400000","1",NULL,NULL,"82681",NULL,NULL,"team page"
"82682",NULL,"49","10067","14320","859","py3","1775949945.467600000","1",NULL,NULL,"82682","gta6.py",NULL,"team page"
"82683",NULL,"49","9540","12801","860","cpp","1775949945.802100000","1",NULL,NULL,"82683",NULL,NULL,"team page"
"82684",NULL,"49","10007","14151","866","py3","1775949946.644400000","1",NULL,NULL,"82684","q6.py",NULL,"team page"
"82685",NULL,"49","9317","12132","860","cpp","1775949948.670800000","1",NULL,NULL,"82685",NULL,NULL,"team page"
"82686",NULL,"49","9716","13329","860","py3","1775949949.437800000","1",NULL,NULL,"82686","nah_template.py",NULL,"team page"
"82687",NULL,"49","9937","13969","860","cpp","1775949949.642500000","1",NULL,NULL,"82687",NULL,NULL,"team page"
"82688",NULL,"49","9928","13942","864","cpp","1775949952.478000000","1",NULL,NULL,"82688",NULL,NULL,"team page"
"82689",NULL,"49","10090","14373","865","java","1775949953.900500000","1",NULL,NULL,"82689","Main",NULL,"team page"
"82690",NULL,"49","9357","12254","861","py3","1775949954.856000000","1",NULL,NULL,"82690","problem3.py",NULL,"team page"
"82691",NULL,"49","9638","13095","859","cpp","1775949956.533600000","1",NULL,NULL,"82691",NULL,NULL,"team page"
"82692",NULL,"49","9638","13095","859","cpp","1775949957.474600000","1",NULL,NULL,"82692",NULL,NULL,"team page"
"82693",NULL,"49","9792","13557","859","cpp","1775949958.311100000","1",NULL,NULL,"82693",NULL,NULL,"team page"
"82694",NULL,"49","9354","12245","859","cpp","1775949958.690600000","1",NULL,NULL,"82694",NULL,NULL,"team page"
"82695",NULL,"49","10010","14159","859","cpp","1775949961.225700000","1",NULL,NULL,"82695",NULL,NULL,"team page"
"82696",NULL,"49","9709","13308","860","cpp","1775949962.475100000","1",NULL,NULL,"82696",NULL,NULL,"team page"
"82697",NULL,"49","9421","12444","859","cpp","1775949963.951500000","1",NULL,NULL,"82697",NULL,NULL,"team page"
"82698",NULL,"49","9302","12089","862","py3","1775949964.322700000","1",NULL,NULL,"82698","laser_template.py",NULL,"team page"
"82699",NULL,"49","9630","13071","864","cpp","1775949964.951100000","1",NULL,NULL,"82699",NULL,NULL,"team page"
"82700",NULL,"49","9375","12306","861","py3","1775949965.340800000","1",NULL,NULL,"82700","3.py",NULL,"team page"
"82701",NULL,"49","9314","12123","860","cpp","1775949967.367000000","1",NULL,NULL,"82701",NULL,NULL,"team page"
"82702",NULL,"49","9282","12028","861","py3","1775949967.979700000","1",NULL,NULL,"82702","3.py",NULL,"team page"
"82703",NULL,"49","9806","13597","864","cpp","1775949970.086100000","1",NULL,NULL,"82703",NULL,NULL,"team page"
"82704",NULL,"49","9694","13265","860","cpp","1775949971.076100000","1",NULL,NULL,"82704",NULL,NULL,"team page"
"82705",NULL,"49","9716","13329","860","py3","1775949971.570700000","1",NULL,NULL,"82705","nah_template.py",NULL,"team page"
"82706",NULL,"49","9568","12885","859","cpp","1775949973.314400000","1",NULL,NULL,"82706",NULL,NULL,"team page"
"82707",NULL,"49","9938","13972","864","cpp","1775949973.494000000","1",NULL,NULL,"82707",NULL,NULL,"team page"
"82708",NULL,"49","9215","11827","861","py3","1775949973.704900000","1",NULL,NULL,"82708","calico.py",NULL,"team page"
"82709",NULL,"49","9998","14124","868","cpp","1775949976.014700000","1",NULL,NULL,"82709",NULL,NULL,"team page"
"82710",NULL,"49","9489","12648","860","py3","1775949976.990600000","1",NULL,NULL,"82710","nah_template.py",NULL,"team page"
"82711",NULL,"49","9996","14118","859","py3","1775949979.104500000","1",NULL,NULL,"82711","answer1.py",NULL,"team page"
"82712",NULL,"49","9982","14076","862","cpp","1775949980.096000000","1",NULL,NULL,"82712",NULL,NULL,"team page"
"82713",NULL,"49","9258","11955","865","cpp","1775949980.771200000","1",NULL,NULL,"82713",NULL,NULL,"team page"
"82714",NULL,"49","9682","13227","861","cpp","1775949982.956300000","1",NULL,NULL,"82714",NULL,NULL,"team page"
"82715",NULL,"49","9928","13942","865","cpp","1775949983.176500000","1",NULL,NULL,"82715",NULL,NULL,"team page"
"82716",NULL,"49","9618","13035","860","java","1775949983.183600000","1",NULL,NULL,"82716","gojofightingstuff",NULL,"team page"
"82717",NULL,"49","10038","14234","877","java","1775949983.918700000","1",NULL,NULL,"82717","Main",NULL,"team page"
"82718",NULL,"49","9917","13909","865","pypy3","1775949985.834800000","1",NULL,NULL,"82718","5b1.py",NULL,"team page"
"82719",NULL,"49","9532","12777","859","py3","1775949985.901000000","1",NULL,NULL,"82719","piezoelectric_template.py",NULL,"team page"
"82720",NULL,"49","9666","13180","860","cpp","1775949989.104300000","1",NULL,NULL,"82720",NULL,NULL,"team page"
"82721",NULL,"49","9603","12990","861","py3","1775949989.225400000","1",NULL,NULL,"82721","main.py",NULL,"team page"
"82722",NULL,"49","9647","13123","860","cpp","1775949989.699900000","1",NULL,NULL,"82722",NULL,NULL,"team page"
"82723",NULL,"49","9569","12889","860","cpp","1775949989.791000000","1",NULL,NULL,"82723",NULL,NULL,"team page"
"82724",NULL,"49","9203","11790","860","cpp","1775949991.494600000","1",NULL,NULL,"82724",NULL,NULL,"team page"
"82725",NULL,"49","9543","12810","860","cpp","1775949991.984700000","1",NULL,NULL,"82725",NULL,NULL,"team page"
"82726",NULL,"49","10042","14247","862","cpp","1775949993.619900000","1",NULL,NULL,"82726",NULL,NULL,"team page"
"82727",NULL,"49","9430","12473","867","py3","1775949995.746000000","1",NULL,NULL,"82727","cross_template.py",NULL,"team page"
"82728",NULL,"49","10008","14153","860","py3","1775949995.947900000","1",NULL,NULL,"82728","nah_template.py",NULL,"team page"
"82729",NULL,"49","9625","13056","862","cpp","1775949996.504000000","1",NULL,NULL,"82729",NULL,NULL,"team page"
"82730",NULL,"49","9564","12874","862","pypy3","1775949998.491400000","1",NULL,NULL,"82730","759.py",NULL,"team page"
"82731",NULL,"49","9564","12874","862","pypy3","1775949998.683100000","1",NULL,NULL,"82731","759.py",NULL,"team page"
"82732",NULL,"49","9351","12234","862","cpp","1775949999.373000000","1",NULL,NULL,"82732",NULL,NULL,"team page"
"82733",NULL,"49","10048","14265","861","cpp","1775950000.218400000","1",NULL,NULL,"82733",NULL,NULL,"team page"
"82734",NULL,"49","9710","13312","861","cpp","1775950000.575100000","1",NULL,NULL,"82734",NULL,NULL,"team page"
"82735",NULL,"49","9421","12444","859","cpp","1775950000.871400000","1",NULL,NULL,"82735",NULL,NULL,"team page"
"82736",NULL,"49","9536","12791","862","cpp","1775950001.742500000","1",NULL,NULL,"82736",NULL,NULL,"team page"
"82737",NULL,"49","9210","11811","860","pypy3","1775950003.231400000","1",NULL,NULL,"82737","nah_template.py",NULL,"team page"
"82738",NULL,"49","9693","13262","860","cpp","1775950004.866800000","1",NULL,NULL,"82738",NULL,NULL,"team page"
"82739",NULL,"49","10029","14206","859","py3","1775950006.685200000","1",NULL,NULL,"82739","piezoelectricsolution.py",NULL,"team page"
"82740",NULL,"49","9392","12357","862","cpp","1775950007.055500000","1",NULL,NULL,"82740",NULL,NULL,"team page"
"82741",NULL,"49","10042","14246","866","cpp","1775950007.102900000","1",NULL,NULL,"82741",NULL,NULL,"team page"
"82742",NULL,"49","9536","12789","860","cpp","1775950008.031300000","1",NULL,NULL,"82742",NULL,NULL,"team page"
"82743",NULL,"49","9713","13321","861","py3","1775950009.131100000","1",NULL,NULL,"82743","files.py",NULL,"team page"
"82744",NULL,"49","9407","12404","861","cpp","1775950013.043000000","1",NULL,NULL,"82744",NULL,NULL,"team page"
"82745",NULL,"49","9351","12234","863","cpp","1775950013.975700000","1",NULL,NULL,"82745",NULL,NULL,"team page"
"82746",NULL,"49","9675","13208","860","java","1775950015.698500000","1",NULL,NULL,"82746","Solution",NULL,"team page"
"82747",NULL,"49","9779","13518","866","cpp","1775950016.292600000","1",NULL,NULL,"82747",NULL,NULL,"team page"
"82748",NULL,"49","9779","13518","866","cpp","1775950016.546200000","1",NULL,NULL,"82748",NULL,NULL,"team page"
"82749",NULL,"49","9300","12081","864","cpp","1775950017.513100000","1",NULL,NULL,"82749",NULL,NULL,"team page"
"82750",NULL,"49","9992","14105","861","cpp","1775950019.566400000","1",NULL,NULL,"82750",NULL,NULL,"team page"
"82751",NULL,"49","9717","13334","867","cpp","1775950021.676400000","1",NULL,NULL,"82751",NULL,NULL,"team page"
"82752",NULL,"49","9925","13932","861","cpp","1775950021.805900000","1",NULL,NULL,"82752",NULL,NULL,"team page"
"82753",NULL,"49","9282","12028","861","py3","1775950022.909000000","1",NULL,NULL,"82753","3.py",NULL,"team page"
"82754",NULL,"49","9900","13879","860","py3","1775950024.669300000","1",NULL,NULL,"82754","2.py",NULL,"team page"
"82755",NULL,"49","10009","14156","859","cpp","1775950025.369700000","1",NULL,NULL,"82755",NULL,NULL,"team page"
"82756",NULL,"49","9604","12995","860","pypy3","1775950025.577900000","1",NULL,NULL,"82756","calicoans.py",NULL,"team page"
"82757",NULL,"49","10000","14129","859","cpp","1775950026.574600000","1",NULL,NULL,"82757",NULL,NULL,"team page"
"82758",NULL,"49","9329","12168","859","py3","1775950026.866300000","1",NULL,NULL,"82758","piezoelectric_template.py",NULL,"team page"
"82759",NULL,"49","9827","13660","860","cpp","1775950027.248600000","1",NULL,NULL,"82759",NULL,NULL,"team page"
"82760",NULL,"49","9815","13624","867","py3","1775950030.118500000","1",NULL,NULL,"82760","cross.py",NULL,"team page"
"82761",NULL,"49","9206","11800","860","cpp","1775950031.484100000","1",NULL,NULL,"82761",NULL,NULL,"team page"
"82762",NULL,"49","9476","12609","859","py3","1775950033.239500000","1",NULL,NULL,"82762","piezoelectric_template.py",NULL,"team page"
"82763",NULL,"49","9735","13387","861","cpp","1775950033.262200000","1",NULL,NULL,"82763",NULL,NULL,"team page"
"82764",NULL,"49","9540","12801","860","cpp","1775950033.549300000","1",NULL,NULL,"82764",NULL,NULL,"team page"
"82765",NULL,"49","9490","12653","859","cpp","1775950033.791200000","1",NULL,NULL,"82765",NULL,NULL,"team page"
"82766",NULL,"49","9787","13543","860","cpp","1775950038.624900000","1",NULL,NULL,"82766",NULL,NULL,"team page"
"82767",NULL,"49","9300","12081","865","cpp","1775950039.698700000","1",NULL,NULL,"82767",NULL,NULL,"team page"
"82768",NULL,"49","9368","12287","867","java","1775950040.528600000","1",NULL,NULL,"82768","P7",NULL,"team page"
"82769",NULL,"49","9343","12210","860","pypy3","1775950040.821500000","1",NULL,NULL,"82769","nah_template.py",NULL,"team page"
"82770",NULL,"49","9636","13089","860","java","1775950041.144100000","1",NULL,NULL,"82770","nah_main",NULL,"team page"
"82771",NULL,"49","9876","13807","861","py3","1775950042.274300000","1",NULL,NULL,"82771","hash.py",NULL,"team page"
"82772",NULL,"49","10019","14187","859","cpp","1775950043.373400000","1",NULL,NULL,"82772",NULL,NULL,"team page"
"82773",NULL,"49","9389","12348","879","py3","1775950045.206200000","1",NULL,NULL,"82773","multiplication.py",NULL,"team page"
"82774",NULL,"49","9905","13895","859","py3","1775950045.388600000","1",NULL,NULL,"82774","piezoelectric.py",NULL,"team page"
"82775",NULL,"49","9532","12779","860","py3","1775950045.403200000","1",NULL,NULL,"82775","prob2.py",NULL,"team page"
"82776",NULL,"49","9603","12991","859","py3","1775950047.018100000","1",NULL,NULL,"82776","piezoelectric_template.py",NULL,"team page"
"82777",NULL,"49","9937","13968","864","cpp","1775950047.229500000","1",NULL,NULL,"82777",NULL,NULL,"team page"
"82778",NULL,"49","9937","13969","860","cpp","1775950047.575500000","1",NULL,NULL,"82778",NULL,NULL,"team page"
"82779",NULL,"49","9536","12791","863","cpp","1775950047.737100000","1",NULL,NULL,"82779",NULL,NULL,"team page"
"82780",NULL,"49","9676","13210","860","cpp","1775950048.345200000","1",NULL,NULL,"82780",NULL,NULL,"team page"
"82781",NULL,"49","9938","13971","862","cpp","1775950048.815700000","1",NULL,NULL,"82781",NULL,NULL,"team page"
"82782",NULL,"49","9735","13388","862","cpp","1775950049.829700000","1",NULL,NULL,"82782",NULL,NULL,"team page"
"82783",NULL,"49","9649","13128","860","cpp","1775950050.847500000","1",NULL,NULL,"82783",NULL,NULL,"team page"
"82784",NULL,"49","9678","13215","860","py3","1775950050.990300000","1",NULL,NULL,"82784","prob2.py",NULL,"team page"
"82785",NULL,"49","9592","12957","861","cpp","1775950052.019200000","1",NULL,NULL,"82785",NULL,NULL,"team page"
"82786",NULL,"49","9379","12319","861","cpp","1775950053.455200000","1",NULL,NULL,"82786",NULL,NULL,"team page"
"82787",NULL,"49","9761","13465","860","cpp","1775950053.993700000","1",NULL,NULL,"82787",NULL,NULL,"team page"
"82788",NULL,"49","9308","12106","859","cpp","1775950055.785600000","1",NULL,NULL,"82788",NULL,NULL,"team page"
"82789",NULL,"49","9601","12984","861","py3","1775950058.949000000","1",NULL,NULL,"82789","p3.py",NULL,"team page"
"82790",NULL,"49","9917","13910","859","py3","1775950060.986800000","1",NULL,NULL,"82790","main.py",NULL,"team page"
"82791",NULL,"49","9674","13205","861","cpp","1775950062.250400000","1",NULL,NULL,"82791",NULL,NULL,"team page"
"82792",NULL,"49","9858","13755","862","py3","1775950062.376000000","1",NULL,NULL,"82792","4.py",NULL,"team page"
"82793",NULL,"49","9203","11792","862","cpp","1775950063.364900000","1",NULL,NULL,"82793",NULL,NULL,"team page"
"82794",NULL,"49","9504","12693","859","cpp","1775950063.717200000","1",NULL,NULL,"82794",NULL,NULL,"team page"
"82795",NULL,"49","9673","13202","860","java","1775950065.330800000","1",NULL,NULL,"82795",NULL,NULL,"team page"
"82796",NULL,"49","9219","11839","861","cpp","1775950068.291600000","1",NULL,NULL,"82796",NULL,NULL,"team page"
"82797",NULL,"49","9649","13128","860","cpp","1775950069.420500000","1",NULL,NULL,"82797",NULL,NULL,"team page"
"82798",NULL,"49","9640","13103","860","cpp","1775950071.000700000","1",NULL,NULL,"82798",NULL,NULL,"team page"
"82799",NULL,"49","9279","12020","866","cpp","1775950075.049800000","1",NULL,NULL,"82799",NULL,NULL,"team page"
"82800",NULL,"49","9268","11985","860","cpp","1775950076.736300000","1",NULL,NULL,"82800",NULL,NULL,"team page"
"82801",NULL,"49","9339","12198","860","py3","1775950076.887800000","1",NULL,NULL,"82801","prob2.py",NULL,"team page"
"82802",NULL,"49","9675","13206","861","java","1775950078.314700000","1",NULL,NULL,"82802","Solution",NULL,"team page"
"82803",NULL,"49","9993","14109","860","cpp","1775950078.598500000","1",NULL,NULL,"82803",NULL,NULL,"team page"
"82804",NULL,"49","9795","13564","862","cpp","1775950079.194500000","1",NULL,NULL,"82804",NULL,NULL,"team page"
"82805",NULL,"49","9275","12008","859","java","1775950080.501300000","1",NULL,NULL,"82805","Solution",NULL,"team page"
"82806",NULL,"49","9618","13035","860","java","1775950080.564700000","1",NULL,NULL,"82806","gojofightingstuff2",NULL,"team page"
"82807",NULL,"49","9897","13872","860","py3","1775950084.932300000","1",NULL,NULL,"82807","NahIdWin.py",NULL,"team page"
"82808",NULL,"49","9423","12452","862","cpp","1775950086.597500000","1",NULL,NULL,"82808",NULL,NULL,"team page"
"82809",NULL,"49","9589","12949","861","cpp","1775950088.261000000","1",NULL,NULL,"82809",NULL,NULL,"team page"
"82810",NULL,"49","9493","12660","859","py3","1775950090.901900000","1",NULL,NULL,"82810","Q1.py",NULL,"team page"
"82811",NULL,"49","9564","12875","864","cpp","1775950092.050000000","1",NULL,NULL,"82811",NULL,NULL,"team page"
"82812",NULL,"49","9301","12085","860","cpp","1775950092.171700000","1",NULL,NULL,"82812",NULL,NULL,"team page"
"82813",NULL,"49","9600","12981","859","cpp","1775950092.611800000","1",NULL,NULL,"82813",NULL,NULL,"team page"
"82814",NULL,"49","9668","13185","862","cpp","1775950093.645500000","1",NULL,NULL,"82814",NULL,NULL,"team page"
"82815",NULL,"49","9340","12202","860","cpp","1775950095.016800000","1",NULL,NULL,"82815",NULL,NULL,"team page"
"82816",NULL,"49","10090","14371","860","cpp","1775950095.188900000","1",NULL,NULL,"82816",NULL,NULL,"team page"
"82817",NULL,"49","9319","12138","859","py3","1775950098.455800000","1",NULL,NULL,"82817","piezoelectric_template.py",NULL,"team page"
"82818",NULL,"49","9938","13972","865","cpp","1775950098.848400000","1",NULL,NULL,"82818",NULL,NULL,"team page"
"82819",NULL,"49","9368","12287","867","java","1775950099.631000000","1",NULL,NULL,"82819","P7",NULL,"team page"
"82820",NULL,"49","9250","11932","866","cpp","1775950100.448300000","1",NULL,NULL,"82820",NULL,NULL,"team page"
"82821",NULL,"49","9339","12199","860","cpp","1775950101.362500000","1",NULL,NULL,"82821",NULL,NULL,"team page"
"82822",NULL,"49","9673","13202","860","java","1775950102.358300000","1",NULL,NULL,"82822","Solution",NULL,"team page"
"82823",NULL,"49","9245","11917","862","cpp","1775950104.004300000","1",NULL,NULL,"82823",NULL,NULL,"team page"
"82824",NULL,"49","9675","13207","859","java","1775950104.151700000","1",NULL,NULL,"82824","Solution",NULL,"team page"
"82825",NULL,"49","9635","13086","861","cpp","1775950107.039500000","1",NULL,NULL,"82825",NULL,NULL,"team page"
"82826",NULL,"49","9521","12746","859","py3","1775950110.038100000","1",NULL,NULL,"82826","number1.py",NULL,"team page"
"82827",NULL,"49","9466","12579","859","cpp","1775950113.934900000","1",NULL,NULL,"82827",NULL,NULL,"team page"
"82828",NULL,"49","9644","13115","860","cpp","1775950114.191500000","1",NULL,NULL,"82828",NULL,NULL,"team page"
"82829",NULL,"49","10042","14245","864","cpp","1775950114.305500000","1",NULL,NULL,"82829",NULL,NULL,"team page"
"82830",NULL,"49","9389","12348","866","py3","1775950116.339300000","1",NULL,NULL,"82830","shadows.py",NULL,"team page"
"82831",NULL,"49","9936","13965","859","py3","1775950116.558300000","1",NULL,NULL,"82831","all.py",NULL,"team page"
"82832",NULL,"49","9917","13909","865","pypy3","1775950116.628900000","1",NULL,NULL,"82832","5b1.py",NULL,"team page"
"82833",NULL,"49","9447","12522","860","cpp","1775950117.322700000","1",NULL,NULL,"82833",NULL,NULL,"team page"
"82834",NULL,"49","9693","13261","862","cpp","1775950117.845900000","1",NULL,NULL,"82834",NULL,NULL,"team page"
"82835",NULL,"49","9432","12477","862","cpp","1775950118.550100000","1",NULL,NULL,"82835",NULL,NULL,"team page"
"82836",NULL,"49","10098","14395","867","cpp","1775950120.548900000","1",NULL,NULL,"82836",NULL,NULL,"team page"
"82837",NULL,"49","9999","14126","862","cpp","1775950123.051700000","1",NULL,NULL,"82837",NULL,NULL,"team page"
"82838",NULL,"49","9856","13747","862","py3","1775950124.753300000","1",NULL,NULL,"82838","laser_template.py",NULL,"team page"
"82839",NULL,"49","9263","11971","862","cpp","1775950126.236300000","1",NULL,NULL,"82839",NULL,NULL,"team page"
"82840",NULL,"49","9716","13329","860","py3","1775950126.896900000","1",NULL,NULL,"82840","nah_template.py",NULL,"team page"
"82841",NULL,"49","9793","13559","866","cpp","1775950127.270600000","1",NULL,NULL,"82841",NULL,NULL,"team page"
"82842",NULL,"49","9947","13999","861","py3","1775950129.310500000","1",NULL,NULL,"82842","three.py",NULL,"team page"
"82843",NULL,"49","9871","13794","859","py3","1775950129.370300000","1",NULL,NULL,"82843","piezoelectric_template.py",NULL,"team page"
"82844",NULL,"49","9567","12882","860","cpp","1775950131.180200000","1",NULL,NULL,"82844",NULL,NULL,"team page"
"82845",NULL,"49","9693","13261","863","cpp","1775950132.089800000","1",NULL,NULL,"82845",NULL,NULL,"team page"
"82846",NULL,"49","9950","14008","860","py3","1775950133.689700000","1",NULL,NULL,"82846","smelly-order-593.py",NULL,"team page"
"82847",NULL,"49","9599","12978","861","cpp","1775950134.324300000","1",NULL,NULL,"82847",NULL,NULL,"team page"
"82848",NULL,"49","9407","12403","868","cpp","1775950135.694700000","1",NULL,NULL,"82848",NULL,NULL,"team page"
"82849",NULL,"49","10008","14154","859","java","1775950135.951400000","1",NULL,NULL,"82849","japanIsTurningFootstepsIntoElectricity.JapanIsTurningFootstepsIntoElectricity",NULL,"team page"
"82850",NULL,"49","9551","12836","862","cpp","1775950137.120500000","1",NULL,NULL,"82850",NULL,NULL,"team page"
"82851",NULL,"49","9753","13440","860","cpp","1775950137.342700000","1",NULL,NULL,"82851",NULL,NULL,"team page"
"82852",NULL,"49","9708","13305","861","py3","1775950140.228800000","1",NULL,NULL,"82852","problem3.py",NULL,"team page"
"82853",NULL,"49","9392","12357","863","cpp","1775950141.183100000","1",NULL,NULL,"82853",NULL,NULL,"team page"
"82854",NULL,"49","9263","11971","863","cpp","1775950141.566300000","1",NULL,NULL,"82854",NULL,NULL,"team page"
"82855",NULL,"49","9603","12992","859","java","1775950143.472700000","1",NULL,NULL,"82855","Solution",NULL,"team page"
"82856",NULL,"49","9786","13539","867","py3","1775950144.771400000","1",NULL,NULL,"82856","theonlynormalonecruh.py",NULL,"team page"
"82857",NULL,"49","9317","12132","860","cpp","1775950147.074100000","1",NULL,NULL,"82857",NULL,NULL,"team page"
"82858",NULL,"49","9786","13540","862","py3","1775950149.823700000","1",NULL,NULL,"82858","laser.py",NULL,"team page"
"82859",NULL,"49","10015","14175","859","py3","1775950152.246900000","1",NULL,NULL,"82859","calico_1_main.py",NULL,"team page"
"82860",NULL,"49","9614","13024","860","py3","1775950152.289700000","1",NULL,NULL,"82860","nah_win.py",NULL,"team page"
"82861",NULL,"49","9948","14001","861","cpp","1775950153.550700000","1",NULL,NULL,"82861",NULL,NULL,"team page"
"82862",NULL,"49","9571","12894","860","py3","1775950156.399000000","1",NULL,NULL,"82862","solution.py",NULL,"team page"
"82863",NULL,"49","10051","14272","859","py3","1775950156.886900000","1",NULL,NULL,"82863","piezoelectric_template.py",NULL,"team page"
"82864",NULL,"49","9401","12384","859","py3","1775950156.890400000","1",NULL,NULL,"82864","piezo.py",NULL,"team page"
"82865",NULL,"49","9653","13140","860","cpp","1775950157.414200000","1",NULL,NULL,"82865",NULL,NULL,"team page"
"82866",NULL,"49","9672","13197","860","py3","1775950158.759000000","1",NULL,NULL,"82866","gojo.py",NULL,"team page"
"82867",NULL,"49","9716","13329","860","py3","1775950158.933800000","1",NULL,NULL,"82867","nah_template.py",NULL,"team page"
"82868",NULL,"49","10014","14173","860","cpp","1775950160.484900000","1",NULL,NULL,"82868",NULL,NULL,"team page"
"82869",NULL,"49","9364","12275","861","cpp","1775950160.575800000","1",NULL,NULL,"82869",NULL,NULL,"team page"
"82870",NULL,"49","9642","13109","861","py3","1775950163.469300000","1",NULL,NULL,"82870","mainmain.py",NULL,"team page"
"82871",NULL,"49","9419","12438","860","cpp","1775950163.640100000","1",NULL,NULL,"82871",NULL,NULL,"team page"
"82872",NULL,"49","9679","13218","859","cpp","1775950164.900400000","1",NULL,NULL,"82872",NULL,NULL,"team page"
"82873",NULL,"49","9666","13180","860","cpp","1775950164.900400000","1",NULL,NULL,"82873",NULL,NULL,"team page"
"82874",NULL,"49","9668","13187","864","cpp","1775950165.417300000","1",NULL,NULL,"82874",NULL,NULL,"team page"
"82875",NULL,"49","9988","14093","860","cpp","1775950166.375300000","1",NULL,NULL,"82875",NULL,NULL,"team page"
"82876",NULL,"49","9462","12567","859","java","1775950167.183000000","1",NULL,NULL,"82876","Solution",NULL,"team page"
"82877",NULL,"49","9638","13095","859","cpp","1775950170.617200000","1",NULL,NULL,"82877",NULL,NULL,"team page"
"82878",NULL,"49","9465","12577","861","cpp","1775950171.487600000","1",NULL,NULL,"82878",NULL,NULL,"team page"
"82879",NULL,"49","9240","11903","866","cpp","1775950171.896300000","1",NULL,NULL,"82879",NULL,NULL,"team page"
"82880",NULL,"49","9983","14078","860","cpp","1775950172.353200000","1",NULL,NULL,"82880",NULL,NULL,"team page"
"82881",NULL,"49","9361","12264","859","py3","1775950173.079200000","1",NULL,NULL,"82881","piezoelectric_template.py",NULL,"team page"
"82882",NULL,"49","9625","13056","861","cpp","1775950173.656400000","1",NULL,NULL,"82882",NULL,NULL,"team page"
"82883",NULL,"49","9430","12471","861","cpp","1775950174.430200000","1",NULL,NULL,"82883",NULL,NULL,"team page"
"82884",NULL,"49","9943","13988","861","cpp","1775950176.379100000","1",NULL,NULL,"82884",NULL,NULL,"team page"
"82885",NULL,"49","9202","11789","859","cpp","1775950176.577400000","1",NULL,NULL,"82885",NULL,NULL,"team page"
"82886",NULL,"49","9339","12198","860","py3","1775950177.457100000","1",NULL,NULL,"82886","prob2.py",NULL,"team page"
"82887",NULL,"49","9858","13755","863","py3","1775950178.401300000","1",NULL,NULL,"82887","4.py",NULL,"team page"
"82888",NULL,"49","9676","13210","860","cpp","1775950179.535000000","1",NULL,NULL,"82888",NULL,NULL,"team page"
"82889",NULL,"49","9930","13949","860","java","1775950181.520800000","1",NULL,NULL,"82889","nah",NULL,"team page"
"82890",NULL,"49","9668","13187","865","cpp","1775950182.168200000","1",NULL,NULL,"82890",NULL,NULL,"team page"
"82891",NULL,"49","9884","13831","861","py3","1775950182.672900000","1",NULL,NULL,"82891","4.py",NULL,"team page"
"82892",NULL,"49","9629","13068","860","cpp","1775950182.887600000","1",NULL,NULL,"82892",NULL,NULL,"team page"
"82893",NULL,"49","9781","13525","859","cpp","1775950183.787300000","1",NULL,NULL,"82893",NULL,NULL,"team page"
"82894",NULL,"49","9566","12879","859","cpp","1775950184.259300000","1",NULL,NULL,"82894",NULL,NULL,"team page"
"82895",NULL,"49","10017","14182","873","cpp","1775950184.707500000","1",NULL,NULL,"82895",NULL,NULL,"team page"
"82896",NULL,"49","9886","13837","859","java","1775950185.110100000","1",NULL,NULL,"82896",NULL,NULL,"team page"
"82897",NULL,"49","9543","12810","861","cpp","1775950187.032600000","1",NULL,NULL,"82897",NULL,NULL,"team page"
"82898",NULL,"49","9756","13449","860","pypy3","1775950188.492700000","1",NULL,NULL,"82898","prob_nah_main.py",NULL,"team page"
"82899",NULL,"49","9516","12731","866","cpp","1775950189.076000000","1",NULL,NULL,"82899",NULL,NULL,"team page"
"82900",NULL,"49","9929","13945","860","py3","1775950191.029700000","1",NULL,NULL,"82900","nahidwin.py",NULL,"team page"
"82901",NULL,"49","9407","12403","869","cpp","1775950191.827700000","1",NULL,NULL,"82901",NULL,NULL,"team page"
"82902",NULL,"49","9574","12905","860","py3","1775950193.710100000","1",NULL,NULL,"82902","problem2.py",NULL,"team page"
"82903",NULL,"49","9389","12348","879","py3","1775950195.822200000","1",NULL,NULL,"82903","multiplication.py",NULL,"team page"
"82904",NULL,"49","9389","12348","879","py3","1775950196.181100000","1",NULL,NULL,"82904","multiplication.py",NULL,"team page"
"82905",NULL,"49","9350","12231","859","py3","1775950196.415800000","1",NULL,NULL,"82905","piezoelectric_template.py",NULL,"team page"
"82906",NULL,"49","9709","13308","861","cpp","1775950197.472100000","1",NULL,NULL,"82906",NULL,NULL,"team page"
"82907",NULL,"49","9340","12201","862","cpp","1775950199.814200000","1",NULL,NULL,"82907",NULL,NULL,"team page"
"82908",NULL,"49","9608","13006","861","cpp","1775950203.227700000","1",NULL,NULL,"82908",NULL,NULL,"team page"
"82909",NULL,"49","9795","13565","866","cpp","1775950204.402100000","1",NULL,NULL,"82909",NULL,NULL,"team page"
"82910",NULL,"49","9431","12475","860","cpp","1775950204.475800000","1",NULL,NULL,"82910",NULL,NULL,"team page"
"82911",NULL,"49","9464","12573","860","cpp","1775950205.785400000","1",NULL,NULL,"82911",NULL,NULL,"team page"
"82912",NULL,"49","9562","12869","864","cpp","1775950206.193200000","1",NULL,NULL,"82912",NULL,NULL,"team page"
"82913",NULL,"49","10020","14191","860","cpp","1775950208.150400000","1",NULL,NULL,"82913",NULL,NULL,"team page"
"82914",NULL,"49","10017","14182","860","cpp","1775950209.106800000","1",NULL,NULL,"82914",NULL,NULL,"team page"
"82915",NULL,"49","10096","14389","862","cpp","1775950209.376300000","1",NULL,NULL,"82915",NULL,NULL,"team page"
"82916",NULL,"49","9633","13080","865","cpp","1775950211.028000000","1",NULL,NULL,"82916",NULL,NULL,"team page"
"82917",NULL,"49","9710","13313","864","cpp","1775950213.281700000","1",NULL,NULL,"82917",NULL,NULL,"team page"
"82918",NULL,"49","9301","12085","860","cpp","1775950219.735500000","1",NULL,NULL,"82918",NULL,NULL,"team page"
"82919",NULL,"49","9564","12874","866","pypy3","1775950220.773600000","1",NULL,NULL,"82919","759.py",NULL,"team page"
"82920",NULL,"49","9900","13879","860","py3","1775950222.071000000","1",NULL,NULL,"82920","3.py",NULL,"team page"
"82921",NULL,"49","9354","12245","859","cpp","1775950222.201900000","1",NULL,NULL,"82921",NULL,NULL,"team page"
"82922",NULL,"49","9544","12815","860","cpp","1775950222.845400000","1",NULL,NULL,"82922",NULL,NULL,"team page"
"82923",NULL,"49","9919","13914","866","cpp","1775950223.777700000","1",NULL,NULL,"82923",NULL,NULL,"team page"
"82924",NULL,"49","9302","12087","864","cpp","1775950224.300600000","1",NULL,NULL,"82924",NULL,NULL,"team page"
"82925",NULL,"49","9666","13180","860","cpp","1775950224.516800000","1",NULL,NULL,"82925",NULL,NULL,"team page"
"82926",NULL,"49","9710","13313","865","cpp","1775950228.971600000","1",NULL,NULL,"82926",NULL,NULL,"team page"
"82927",NULL,"49","9806","13597","864","cpp","1775950229.073500000","1",NULL,NULL,"82927",NULL,NULL,"team page"
"82928",NULL,"49","9309","12108","859","cpp","1775950229.230700000","1",NULL,NULL,"82928",NULL,NULL,"team page"
"82929",NULL,"49","9673","13202","860","java","1775950231.171100000","1",NULL,NULL,"82929","Solution",NULL,"team page"
"82930",NULL,"49","9949","14005","859","py3","1775950231.404200000","1",NULL,NULL,"82930","CalicoSetpiezoelectric.py",NULL,"team page"
"82931",NULL,"49","9988","14093","860","cpp","1775950235.981400000","1",NULL,NULL,"82931",NULL,NULL,"team page"
"82932",NULL,"49","9568","12885","859","cpp","1775950237.429600000","1",NULL,NULL,"82932",NULL,NULL,"team page"
"82933",NULL,"49","9253","11942","861","cpp","1775950238.725700000","1",NULL,NULL,"82933",NULL,NULL,"team page"
"82934",NULL,"49","10016","14177","859","cpp","1775950243.466400000","1",NULL,NULL,"82934",NULL,NULL,"team page"
"82935",NULL,"49","9302","12088","861","py3","1775950245.131100000","1",NULL,NULL,"82935","files_template.py",NULL,"team page"
"82936",NULL,"49","9465","12576","860","cpp","1775950249.369000000","1",NULL,NULL,"82936",NULL,NULL,"team page"
"82937",NULL,"49","9389","12348","867","py3","1775950251.345600000","1",NULL,NULL,"82937","cross.py",NULL,"team page"
"82938",NULL,"49","9321","12144","861","java","1775950253.487900000","1",NULL,NULL,"82938","Solution",NULL,"team page"
"82939",NULL,"49","9300","12081","865","cpp","1775950258.295700000","1",NULL,NULL,"82939",NULL,NULL,"team page"
"82940",NULL,"49","9435","12488","859","py3","1775950259.437600000","1",NULL,NULL,"82940","piezoelectric_template.py",NULL,"team page"
"82941",NULL,"49","9937","13968","864","cpp","1775950259.613300000","1",NULL,NULL,"82941",NULL,NULL,"team page"
"82942",NULL,"49","9729","13369","859","py3","1775950261.158100000","1",NULL,NULL,"82942","main.py",NULL,"team page"
"82943",NULL,"49","10038","14234","860","java","1775950262.507200000","1",NULL,NULL,"82943","Main",NULL,"team page"
"82944",NULL,"49","9540","12801","861","cpp","1775950263.146500000","1",NULL,NULL,"82944",NULL,NULL,"team page"
"82945",NULL,"49","9499","12678","864","py3","1775950263.374900000","1",NULL,NULL,"82945","main.py",NULL,"team page"
"82946",NULL,"49","9844","13712","859","java","1775950263.817800000","1",NULL,NULL,"82946","SolutionPE",NULL,"team page"
"82947",NULL,"49","9544","12815","860","cpp","1775950263.834800000","1",NULL,NULL,"82947",NULL,NULL,"team page"
"82948",NULL,"49","9786","13540","863","py3","1775950264.124700000","1",NULL,NULL,"82948","laser.py",NULL,"team page"
"82949",NULL,"49","9502","12689","860","java","1775950264.440900000","1",NULL,NULL,"82949","nah",NULL,"team page"
"82950",NULL,"49","9850","13729","859","cpp","1775950264.678300000","1",NULL,NULL,"82950",NULL,NULL,"team page"
"82951",NULL,"49","9279","12019","862","cpp","1775950265.147200000","1",NULL,NULL,"82951",NULL,NULL,"team page"
"82952",NULL,"49","9981","14072","860","cpp","1775950265.828200000","1",NULL,NULL,"82952",NULL,NULL,"team page"
"82953",NULL,"49","10038","14233","867","pypy3","1775950267.237000000","1",NULL,NULL,"82953","cross_template.py",NULL,"team page"
"82954",NULL,"49","9632","13078","860","cpp","1775950268.210300000","1",NULL,NULL,"82954",NULL,NULL,"team page"
"82955",NULL,"49","9339","12198","860","py3","1775950268.710900000","1",NULL,NULL,"82955","prob2.py",NULL,"team page"
"82956",NULL,"49","10067","14321","860","pypy3","1775950269.458800000","1",NULL,NULL,"82956","nah_template.py",NULL,"team page"
"82957",NULL,"49","9370","12292","862","cpp","1775950270.407000000","1",NULL,NULL,"82957",NULL,NULL,"team page"
"82958",NULL,"49","9266","11980","861","cpp","1775950273.284800000","1",NULL,NULL,"82958",NULL,NULL,"team page"
"82959",NULL,"49","9215","11827","861","py3","1775950273.501200000","1",NULL,NULL,"82959","calico.py",NULL,"team page"
"82960",NULL,"49","9694","13265","860","cpp","1775950274.565000000","1",NULL,NULL,"82960",NULL,NULL,"team page"
"82961",NULL,"49","9376","12309","866","cpp","1775950275.529700000","1",NULL,NULL,"82961",NULL,NULL,"team page"
"82962",NULL,"49","9840","13700","864","cpp","1775950276.691200000","1",NULL,NULL,"82962",NULL,NULL,"team page"
"82963",NULL,"49","9976","14057","860","cpp","1775950277.695200000","1",NULL,NULL,"82963",NULL,NULL,"team page"
"82964",NULL,"49","9423","12452","862","cpp","1775950279.821400000","1",NULL,NULL,"82964",NULL,NULL,"team page"
"82965",NULL,"49","9958","14033","860","py3","1775950282.197200000","1",NULL,NULL,"82965","nah_template.py",NULL,"team page"
"82966",NULL,"49","9950","14007","861","cpp","1775950282.922000000","1",NULL,NULL,"82966",NULL,NULL,"team page"
"82967",NULL,"49","9818","13635","860","pypy3","1775950283.107000000","1",NULL,NULL,"82967","nah.py",NULL,"team page"
"82968",NULL,"49","9840","13700","865","cpp","1775950285.589800000","1",NULL,NULL,"82968",NULL,NULL,"team page"
"82969",NULL,"49","9806","13597","864","cpp","1775950285.906300000","1",NULL,NULL,"82969",NULL,NULL,"team page"
"82970",NULL,"49","9923","13928","860","py3","1775950287.342400000","1",NULL,NULL,"82970","p2.py",NULL,"team page"
"82971",NULL,"49","9229","11869","862","cpp","1775950287.833500000","1",NULL,NULL,"82971",NULL,NULL,"team page"
"82972",NULL,"49","9516","12729","860","cpp","1775950288.848400000","1",NULL,NULL,"82972",NULL,NULL,"team page"
"82973",NULL,"49","9251","11934","859","py3","1775950288.921700000","1",NULL,NULL,"82973","piezoelectric_template.py",NULL,"team page"
"82974",NULL,"49","9612","13018","861","py3","1775950293.580400000","1",NULL,NULL,"82974","files_template.py",NULL,"team page"
"82975",NULL,"49","9937","13969","860","cpp","1775950294.430900000","1",NULL,NULL,"82975",NULL,NULL,"team page"
"82976",NULL,"49","9503","12690","860","cpp","1775950294.961900000","1",NULL,NULL,"82976",NULL,NULL,"team page"
"82977",NULL,"49","9554","12844","859","py3","1775950296.464700000","1",NULL,NULL,"82977","brilliant-sky-739.py",NULL,"team page"
"82978",NULL,"49","9815","13624","861","py3","1775950297.045500000","1",NULL,NULL,"82978","files.py",NULL,"team page"
"82979",NULL,"49","9690","13251","867","cpp","1775950298.318600000","1",NULL,NULL,"82979",NULL,NULL,"team page"
"82980",NULL,"49","10098","14396","860","py3","1775950298.897900000","1",NULL,NULL,"82980","gojo.py",NULL,"team page"
"82981",NULL,"49","9806","13597","865","cpp","1775950300.842900000","1",NULL,NULL,"82981",NULL,NULL,"team page"
"82982",NULL,"49","9293","12062","859","py3","1775950305.433700000","1",NULL,NULL,"82982","piezoelectric_template.py",NULL,"team page"
"82983",NULL,"49","9256","11949","859","py3","1775950307.506000000","1",NULL,NULL,"82983","problem1.py",NULL,"team page"
"82984",NULL,"49","9784","13533","860","cpp","1775950307.901900000","1",NULL,NULL,"82984",NULL,NULL,"team page"
"82985",NULL,"49","9340","12202","860","cpp","1775950308.363200000","1",NULL,NULL,"82985",NULL,NULL,"team page"
"82986",NULL,"49","9567","12882","859","cpp","1775950309.613200000","1",NULL,NULL,"82986",NULL,NULL,"team page"
"82987",NULL,"49","10097","14393","864","cpp","1775950312.186600000","1",NULL,NULL,"82987",NULL,NULL,"team page"
"82988",NULL,"49","10015","14175","859","py3","1775950312.387900000","1",NULL,NULL,"82988","calico_1_main.py",NULL,"team page"
"82989",NULL,"49","9526","12759","860","cpp","1775950313.787700000","1",NULL,NULL,"82989",NULL,NULL,"team page"
"82990",NULL,"49","9658","13156","860","cpp","1775950314.110100000","1",NULL,NULL,"82990",NULL,NULL,"team page"
"82991",NULL,"49","9526","12759","860","cpp","1775950314.811500000","1",NULL,NULL,"82991",NULL,NULL,"team page"
"82992",NULL,"49","9315","12126","859","java","1775950315.167200000","1",NULL,NULL,"82992","A",NULL,"team page"
"82993",NULL,"49","9317","12132","861","cpp","1775950315.188100000","1",NULL,NULL,"82993",NULL,NULL,"team page"
"82994",NULL,"49","9328","12165","866","cpp","1775950315.254000000","1",NULL,NULL,"82994",NULL,NULL,"team page"
"82995",NULL,"49","10020","14191","860","cpp","1775950316.744200000","1",NULL,NULL,"82995",NULL,NULL,"team page"
"82996",NULL,"49","9876","13808","860","java","1775950317.664800000","1",NULL,NULL,"82996","Win",NULL,"team page"
"82997",NULL,"49","9592","12957","862","cpp","1775950318.223200000","1",NULL,NULL,"82997",NULL,NULL,"team page"
"82998",NULL,"49","9666","13179","859","cpp","1775950319.674900000","1",NULL,NULL,"82998",NULL,NULL,"team page"
"82999",NULL,"49","9897","13872","860","py3","1775950320.899200000","1",NULL,NULL,"82999","NahIdWin.py",NULL,"team page"
"83000",NULL,"49","9423","12452","862","cpp","1775950323.537600000","1",NULL,NULL,"83000",NULL,NULL,"team page"
"83001",NULL,"49","9858","13755","864","py3","1775950323.700800000","1",NULL,NULL,"83001","5.py",NULL,"team page"
"83002",NULL,"49","9569","12890","866","cpp","1775950324.369800000","1",NULL,NULL,"83002",NULL,NULL,"team page"
"83003",NULL,"49","9633","13080","865","cpp","1775950327.073100000","1",NULL,NULL,"83003",NULL,NULL,"team page"
"83004",NULL,"49","9588","12945","859","java","1775950329.696900000","1",NULL,NULL,"83004","Solution",NULL,"team page"
"83005",NULL,"49","9949","14005","859","py3","1775950331.221200000","1",NULL,NULL,"83005","CalicoSetpiezoelectric.py",NULL,"team page"
"83006",NULL,"49","9431","12475","860","cpp","1775950332.514900000","1",NULL,NULL,"83006",NULL,NULL,"team page"
"83007",NULL,"49","9988","14093","860","cpp","1775950334.400100000","1",NULL,NULL,"83007",NULL,NULL,"team page"
"83008",NULL,"49","9614","13024","860","py3","1775950335.775300000","1",NULL,NULL,"83008","nah_win.py",NULL,"team page"
"83009",NULL,"49","9716","13329","861","py3","1775950340.080700000","1",NULL,NULL,"83009","files_template.py",NULL,"team page"
"83010",NULL,"49","10036","14229","866","cpp","1775950346.492700000","1",NULL,NULL,"83010",NULL,NULL,"team page"
"83011",NULL,"49","9619","13038","860","cpp","1775950348.720400000","1",NULL,NULL,"83011",NULL,NULL,"team page"
"83012",NULL,"49","9280","12021","859","cpp","1775950350.096900000","1",NULL,NULL,"83012",NULL,NULL,"team page"
"83013",NULL,"49","9502","12688","863","java","1775950350.242700000","1",NULL,NULL,"83013","Laser",NULL,"team page"
"83014",NULL,"49","10036","14227","864","cpp","1775950350.552400000","1",NULL,NULL,"83014",NULL,NULL,"team page"
"83015",NULL,"49","9917","13909","865","pypy3","1775950353.439100000","1",NULL,NULL,"83015","5b1.py",NULL,"team page"
"83016",NULL,"49","9761","13465","860","cpp","1775950354.515900000","1",NULL,NULL,"83016",NULL,NULL,"team page"
"83017",NULL,"49","9795","13566","865","cpp","1775950355.445000000","1",NULL,NULL,"83017",NULL,NULL,"team page"
"83018",NULL,"49","9947","14000","860","py3","1775950358.122800000","1",NULL,NULL,"83018","coderbunny.py",NULL,"team page"
"83019",NULL,"49","9925","13932","864","cpp","1775950359.746700000","1",NULL,NULL,"83019",NULL,NULL,"team page"
"83020",NULL,"49","9354","12245","859","cpp","1775950360.307400000","1",NULL,NULL,"83020",NULL,NULL,"team page"
"83021",NULL,"49","9502","12689","860","java","1775950361.705600000","1",NULL,NULL,"83021","nah",NULL,"team page"
"83022",NULL,"49","10083","14350","859","py3","1775950363.321500000","1",NULL,NULL,"83022","problem-1.py",NULL,"team page"
"83023",NULL,"49","9219","11840","864","cpp","1775950364.305400000","1",NULL,NULL,"83023",NULL,NULL,"team page"
"83024",NULL,"49","9435","12488","859","py3","1775950365.625100000","1",NULL,NULL,"83024","piezoelectric_template.py",NULL,"team page"
"83025",NULL,"49","9716","13329","861","py3","1775950365.911100000","1",NULL,NULL,"83025","files_template.py",NULL,"team page"
"83026",NULL,"49","9533","12782","862","java","1775950365.958900000","1",NULL,NULL,"83026","Lasers",NULL,"team page"
"83027",NULL,"49","9604","12994","862","cpp","1775950367.859000000","1",NULL,NULL,"83027",NULL,NULL,"team page"
"83028",NULL,"49","9928","13942","865","cpp","1775950368.899800000","1",NULL,NULL,"83028",NULL,NULL,"team page"
"83029",NULL,"49","9649","13128","861","cpp","1775950370.014900000","1",NULL,NULL,"83029",NULL,NULL,"team page"
"83030",NULL,"49","9792","13555","860","cpp","1775950370.411300000","1",NULL,NULL,"83030",NULL,NULL,"team page"
"83031",NULL,"49","9489","12648","860","py3","1775950371.110700000","1",NULL,NULL,"83031","nah_template.py",NULL,"team page"
"83032",NULL,"49","9937","13968","864","cpp","1775950371.842000000","1",NULL,NULL,"83032",NULL,NULL,"team page"
"83033",NULL,"49","9647","13123","861","cpp","1775950373.663200000","1",NULL,NULL,"83033",NULL,NULL,"team page"
"83034",NULL,"49","9742","13408","859","java","1775950377.173900000","1",NULL,NULL,"83034","Solution",NULL,"team page"
"83035",NULL,"49","9568","12885","859","cpp","1775950379.007100000","1",NULL,NULL,"83035",NULL,NULL,"team page"
"83036",NULL,"49","9579","12918","859","py3","1775950379.191500000","1",NULL,NULL,"83036","piezoelectric.py",NULL,"team page"
"83037",NULL,"49","9258","11956","866","cpp","1775950379.818700000","1",NULL,NULL,"83037",NULL,NULL,"team page"
"83038",NULL,"49","10017","14182","860","cpp","1775950385.830300000","1",NULL,NULL,"83038",NULL,NULL,"team page"
"83039",NULL,"49","9362","12267","862","cpp","1775950386.593700000","1",NULL,NULL,"83039",NULL,NULL,"team page"
"83040",NULL,"49","9710","13313","865","cpp","1775950386.772900000","1",NULL,NULL,"83040",NULL,NULL,"team page"
"83041",NULL,"49","9840","13699","861","cpp","1775950387.481800000","1",NULL,NULL,"83041",NULL,NULL,"team page"
"83042",NULL,"49","9302","12088","861","py3","1775950390.921600000","1",NULL,NULL,"83042","files_template.py",NULL,"team page"
"83043",NULL,"49","9502","12688","862","java","1775950395.236200000","1",NULL,NULL,"83043","Laser",NULL,"team page"
"83044",NULL,"49","10072","14335","860","py3","1775950395.323200000","1",NULL,NULL,"83044","wizardfight.py",NULL,"team page"
"83045",NULL,"49","9210","11811","860","pypy3","1775950395.472100000","1",NULL,NULL,"83045","nah_template.py",NULL,"team page"
"83046",NULL,"49","9853","13738","859","py3","1775950397.319100000","1",NULL,NULL,"83046","piezoelectric_main.py",NULL,"team page"
"83047",NULL,"49","9933","13957","861","cpp","1775950398.600300000","1",NULL,NULL,"83047",NULL,NULL,"team page"
"83048",NULL,"49","9489","12648","860","py3","1775950398.919700000","1",NULL,NULL,"83048","nah_template.py",NULL,"team page"
"83049",NULL,"49","9897","13872","860","py3","1775950399.112300000","1",NULL,NULL,"83049","NahIdWin.py",NULL,"team page"
"83050",NULL,"49","9856","13747","863","py3","1775950403.601000000","1",NULL,NULL,"83050","laser_template.py",NULL,"team page"
"83051",NULL,"49","9362","12267","863","cpp","1775950404.900500000","1",NULL,NULL,"83051",NULL,NULL,"team page"
"83052",NULL,"49","9430","12473","867","py3","1775950406.402600000","1",NULL,NULL,"83052","cross_template.py",NULL,"team page"
"83053",NULL,"49","9928","13943","866","cpp","1775950406.858100000","1",NULL,NULL,"83053",NULL,NULL,"team page"
"83054",NULL,"49","9280","12021","859","cpp","1775950408.266000000","1",NULL,NULL,"83054",NULL,NULL,"team page"
"83055",NULL,"49","9486","12639","859","cpp","1775950408.498100000","1",NULL,NULL,"83055",NULL,NULL,"team page"
"83056",NULL,"49","9592","12957","863","cpp","1775950409.274000000","1",NULL,NULL,"83056",NULL,NULL,"team page"
"83057",NULL,"49","9753","13440","861","cpp","1775950412.067100000","1",NULL,NULL,"83057",NULL,NULL,"team page"
"83058",NULL,"49","10000","14129","859","cpp","1775950415.907300000","1",NULL,NULL,"83058",NULL,NULL,"team page"
"83059",NULL,"49","9270","11993","864","cpp","1775950417.788100000","1",NULL,NULL,"83059",NULL,NULL,"team page"
"83060",NULL,"49","9667","13182","859","py3","1775950418.079000000","1",NULL,NULL,"83060","piezoelectric_template.py",NULL,"team page"
"83061",NULL,"49","9753","13440","860","cpp","1775950418.485600000","1",NULL,NULL,"83061",NULL,NULL,"team page"
"83062",NULL,"49","9465","12577","861","cpp","1775950418.487300000","1",NULL,NULL,"83062",NULL,NULL,"team page"
"83063",NULL,"49","10031","14212","860","py3","1775950424.023300000","1",NULL,NULL,"83063","nah_adeji.py",NULL,"team page"
"83064",NULL,"49","9564","12874","867","pypy3","1775950426.172000000","1",NULL,NULL,"83064","759.py",NULL,"team page"
"83065",NULL,"49","9593","12961","860","cpp","1775950428.857100000","1",NULL,NULL,"83065",NULL,NULL,"team page"
"83066",NULL,"49","9430","12472","860","cpp","1775950429.015500000","1",NULL,NULL,"83066",NULL,NULL,"team page"
"83067",NULL,"49","9676","13209","862","cpp","1775950429.301700000","1",NULL,NULL,"83067",NULL,NULL,"team page"
"83068",NULL,"49","10015","14175","859","py3","1775950431.057700000","1",NULL,NULL,"83068","calico_1_main.py",NULL,"team page"
"83069",NULL,"49","9340","12201","862","cpp","1775950433.730400000","1",NULL,NULL,"83069",NULL,NULL,"team page"
"83070",NULL,"49","9343","12211","867","cpp","1775950434.968600000","1",NULL,NULL,"83070",NULL,NULL,"team page"
"83071",NULL,"49","9784","13533","860","cpp","1775950435.956000000","1",NULL,NULL,"83071",NULL,NULL,"team page"
"83072",NULL,"49","9902","13885","860","py3","1775950437.873800000","1",NULL,NULL,"83072","2.py",NULL,"team page"
"83073",NULL,"49","9601","12985","860","cpp","1775950440.391500000","1",NULL,NULL,"83073",NULL,NULL,"team page"
"83074",NULL,"49","9947","13998","864","cpp","1775950444.219000000","1",NULL,NULL,"83074",NULL,NULL,"team page"
"83075",NULL,"49","10016","14178","862","py3","1775950445.931000000","1",NULL,NULL,"83075","laser.py",NULL,"team page"
"83076",NULL,"49","9958","14033","860","py3","1775950447.781300000","1",NULL,NULL,"83076","nah_template.py",NULL,"team page"
"83077",NULL,"49","9881","13822","859","py3","1775950450.272700000","1",NULL,NULL,"83077","piezoelectric.py",NULL,"team page"
"83078",NULL,"49","9787","13542","860","cpp","1775950450.376800000","1",NULL,NULL,"83078",NULL,NULL,"team page"
"83079",NULL,"49","9669","13189","860","py3","1775950451.106100000","1",NULL,NULL,"83079","nah_template.py",NULL,"team page"
"83080",NULL,"49","9625","13056","860","cpp","1775950452.206700000","1",NULL,NULL,"83080",NULL,NULL,"team page"
"83081",NULL,"49","9465","12578","859","cpp","1775950457.034100000","1",NULL,NULL,"83081",NULL,NULL,"team page"
"83082",NULL,"49","9883","13828","859","pypy3","1775950460.659100000","1",NULL,NULL,"83082","11.py",NULL,"team page"
"83083",NULL,"49","9827","13660","861","cpp","1775950461.686000000","1",NULL,NULL,"83083",NULL,NULL,"team page"
"83084",NULL,"49","9340","12201","862","cpp","1775950461.863700000","1",NULL,NULL,"83084",NULL,NULL,"team page"
"83085",NULL,"49","9653","13142","861","cpp","1775950463.502800000","1",NULL,NULL,"83085",NULL,NULL,"team page"
"83086",NULL,"49","9618","13035","860","java","1775950463.741600000","1",NULL,NULL,"83086","gojofightingstuff3",NULL,"team page"
"83087",NULL,"49","9600","12981","873","cpp","1775950466.628500000","1",NULL,NULL,"83087",NULL,NULL,"team page"
"83088",NULL,"49","9696","13269","860","cpp","1775950467.478100000","1",NULL,NULL,"83088",NULL,NULL,"team page"
"83089",NULL,"49","9836","13688","859","cpp","1775950467.810500000","1",NULL,NULL,"83089",NULL,NULL,"team page"
"83090",NULL,"49","9367","12283","866","cpp","1775950469.680400000","1",NULL,NULL,"83090",NULL,NULL,"team page"
"83091",NULL,"49","9516","12730","859","cpp","1775950471.220200000","1",NULL,NULL,"83091",NULL,NULL,"team page"
"83092",NULL,"49","10014","14173","860","cpp","1775950473.244600000","1",NULL,NULL,"83092",NULL,NULL,"team page"
"83093",NULL,"49","9296","12070","867","cpp","1775950476.602800000","1",NULL,NULL,"83093",NULL,NULL,"team page"
"83094",NULL,"49","9641","13104","860","cpp","1775950476.608900000","1",NULL,NULL,"83094",NULL,NULL,"team page"
"83095",NULL,"49","9531","12774","859","cpp","1775950478.800500000","1",NULL,NULL,"83095",NULL,NULL,"team page"
"83096",NULL,"49","9574","12904","859","py3","1775950481.186400000","1",NULL,NULL,"83096","piezoelectric.py",NULL,"team page"
"83097",NULL,"49","10010","14159","860","py3","1775950484.888700000","1",NULL,NULL,"83097","nah_template.py",NULL,"team page"
"83098",NULL,"49","9673","13202","860","java","1775950484.949700000","1",NULL,NULL,"83098","Solution",NULL,"team page"
"83099",NULL,"49","9947","13998","865","cpp","1775950488.158100000","1",NULL,NULL,"83099",NULL,NULL,"team page"
"83100",NULL,"49","9900","13880","860","py3","1775950489.946700000","1",NULL,NULL,"83100","nah_template.py",NULL,"team page"
"83101",NULL,"49","9300","12082","862","cpp","1775950490.302700000","1",NULL,NULL,"83101",NULL,NULL,"team page"
"83102",NULL,"49","9858","13755","866","py3","1775950490.597700000","1",NULL,NULL,"83102","6.py",NULL,"team page"
"83103",NULL,"49","10085","14356","859","cpp","1775950491.527700000","1",NULL,NULL,"83103",NULL,NULL,"team page"
"83104",NULL,"49","9694","13264","861","py3","1775950493.588200000","1",NULL,NULL,"83104","files_template.py",NULL,"team page"
"83105",NULL,"49","9206","11801","862","cpp","1775950493.743100000","1",NULL,NULL,"83105",NULL,NULL,"team page"
"83106",NULL,"49","9716","13329","861","py3","1775950494.995800000","1",NULL,NULL,"83106","files_template.py",NULL,"team page"
"83107",NULL,"49","9611","13014","859","py3","1775950495.259600000","1",NULL,NULL,"83107","piezoelectric_template.py",NULL,"team page"
"83108",NULL,"49","10057","14290","859","pypy3","1775950496.697500000","1",NULL,NULL,"83108","first.py",NULL,"team page"
"83109",NULL,"49","10042","14245","864","cpp","1775950496.883300000","1",NULL,NULL,"83109",NULL,NULL,"team page"
"83110",NULL,"49","9753","13440","861","cpp","1775950497.032400000","1",NULL,NULL,"83110",NULL,NULL,"team page"
"83111",NULL,"49","10015","14174","862","cpp","1775950498.562000000","1",NULL,NULL,"83111",NULL,NULL,"team page"
"83112",NULL,"49","9435","12488","859","py3","1775950498.566600000","1",NULL,NULL,"83112","piezoelectric_template.py",NULL,"team page"
"83113",NULL,"49","9786","13541","866","py3","1775950499.052700000","1",NULL,NULL,"83113","shadows.py",NULL,"team page"
"83114",NULL,"49","9637","13092","864","py3","1775950500.543900000","1",NULL,NULL,"83114","p1.py",NULL,"team page"
"83115",NULL,"49","9671","13195","860","pypy3","1775950504.365400000","1",NULL,NULL,"83115","nah_template.py",NULL,"team page"
"83116",NULL,"49","9728","13365","859","py3","1775950504.921000000","1",NULL,NULL,"83116","main.py",NULL,"team page"
"83117",NULL,"49","9357","12253","873","py3","1775950508.490000000","1",NULL,NULL,"83117","calico2.py",NULL,"team page"
"83118",NULL,"49","9948","14001","862","cpp","1775950509.024700000","1",NULL,NULL,"83118",NULL,NULL,"team page"
"83119",NULL,"49","9280","12022","860","cpp","1775950510.053100000","1",NULL,NULL,"83119",NULL,NULL,"team page"
"83120",NULL,"49","9263","11972","864","cpp","1775950510.863500000","1",NULL,NULL,"83120",NULL,NULL,"team page"
"83121",NULL,"49","9668","13187","867","cpp","1775950511.449900000","1",NULL,NULL,"83121",NULL,NULL,"team page"
"83122",NULL,"49","10005","14144","873","cpp","1775950513.452600000","1",NULL,NULL,"83122",NULL,NULL,"team page"
"83123",NULL,"49","9280","12021","859","cpp","1775950515.563500000","1",NULL,NULL,"83123",NULL,NULL,"team page"
"83124",NULL,"49","9716","13329","861","py3","1775950517.107400000","1",NULL,NULL,"83124","files_template.py",NULL,"team page"
"83125",NULL,"49","10071","14333","860","cpp","1775950517.642200000","1",NULL,NULL,"83125",NULL,NULL,"team page"
"83126",NULL,"49","9691","13254","862","cpp","1775950518.616100000","1",NULL,NULL,"83126",NULL,NULL,"team page"
"83127",NULL,"49","9744","13415","864","cpp","1775950521.972000000","1",NULL,NULL,"83127",NULL,NULL,"team page"
"83128",NULL,"49","9756","13449","863","pypy3","1775950522.712500000","1",NULL,NULL,"83128","problem_laser_bonus.py",NULL,"team page"
"83129",NULL,"49","9526","12759","864","cpp","1775950523.424800000","1",NULL,NULL,"83129",NULL,NULL,"team page"
"83130",NULL,"49","9676","13210","860","cpp","1775950526.722000000","1",NULL,NULL,"83130",NULL,NULL,"team page"
"83131",NULL,"49","9633","13080","866","cpp","1775950529.347000000","1",NULL,NULL,"83131",NULL,NULL,"team page"
"83132",NULL,"49","9366","12279","860","pypy3","1775950535.568300000","1",NULL,NULL,"83132","p2.py",NULL,"team page"
"83133",NULL,"49","9250","11933","867","py3","1775950536.304200000","1",NULL,NULL,"83133","main.py",NULL,"team page"
"83134",NULL,"49","9981","14072","861","cpp","1775950537.877300000","1",NULL,NULL,"83134",NULL,NULL,"team page"
"83135",NULL,"49","9202","11789","860","cpp","1775950541.025100000","1",NULL,NULL,"83135",NULL,NULL,"team page"
"83136",NULL,"49","9925","13933","872","py3","1775950543.563300000","1",NULL,NULL,"83136","example9.py",NULL,"team page"
"83137",NULL,"49","10007","14151","866","py3","1775950546.041200000","1",NULL,NULL,"83137","q6.py",NULL,"team page"
"83138",NULL,"49","9340","12201","863","cpp","1775950546.226100000","1",NULL,NULL,"83138",NULL,NULL,"team page"
"83139",NULL,"49","9598","12975","859","py3","1775950547.182300000","1",NULL,NULL,"83139","piezoelectric_template.py",NULL,"team page"
"83140",NULL,"49","9625","13056","860","cpp","1775950547.664700000","1",NULL,NULL,"83140",NULL,NULL,"team page"
"83141",NULL,"49","9998","14124","869","cpp","1775950548.360200000","1",NULL,NULL,"83141",NULL,NULL,"team page"
"83142",NULL,"49","9512","12718","865","cpp","1775950549.190600000","1",NULL,NULL,"83142",NULL,NULL,"team page"
"83143",NULL,"49","9600","12981","873","cpp","1775950550.130200000","1",NULL,NULL,"83143",NULL,NULL,"team page"
"83144",NULL,"49","9903","13889","860","py3","1775950551.414000000","1",NULL,NULL,"83144","CALICO-2026-Problem-2.py",NULL,"team page"
"83145",NULL,"49","10016","14178","863","py3","1775950551.734000000","1",NULL,NULL,"83145","laser.py",NULL,"team page"
"83146",NULL,"49","9830","13670","861","pypy3","1775950552.895000000","1",NULL,NULL,"83146","c.benfiles.py",NULL,"team page"
"83147",NULL,"49","9657","13152","864","cpp","1775950553.512000000","1",NULL,NULL,"83147",NULL,NULL,"team page"
"83148",NULL,"49","9261","11966","859","py3","1775950554.817700000","1",NULL,NULL,"83148","piezoelectric.py",NULL,"team page"
"83149",NULL,"49","9981","14072","859","cpp","1775950555.148700000","1",NULL,NULL,"83149",NULL,NULL,"team page"
"83150",NULL,"49","9836","13687","860","py3","1775950555.241200000","1",NULL,NULL,"83150","nah_template.py",NULL,"team page"
"83151",NULL,"49","9716","13329","861","py3","1775950557.267600000","1",NULL,NULL,"83151","files_template.py",NULL,"team page"
"83152",NULL,"49","9369","12290","866","cpp","1775950561.995400000","1",NULL,NULL,"83152",NULL,NULL,"team page"
"83153",NULL,"49","9589","12948","860","cpp","1775950562.279100000","1",NULL,NULL,"83153",NULL,NULL,"team page"
"83154",NULL,"49","10042","14246","867","cpp","1775950562.621000000","1",NULL,NULL,"83154",NULL,NULL,"team page"
"83155",NULL,"49","9976","14057","860","cpp","1775950563.387200000","1",NULL,NULL,"83155",NULL,NULL,"team page"
"83156",NULL,"49","9844","13712","859","java","1775950564.607600000","1",NULL,NULL,"83156","SolutionPE",NULL,"team page"
"83157",NULL,"49","9887","13840","860","py3","1775950566.371300000","1",NULL,NULL,"83157","nah.py",NULL,"team page"
"83158",NULL,"49","9258","11955","862","cpp","1775950567.892400000","1",NULL,NULL,"83158",NULL,NULL,"team page"
"83159",NULL,"49","9994","14111","859","java","1775950568.000600000","1",NULL,NULL,"83159","Main",NULL,"team page"
"83160",NULL,"49","9357","12253","873","py3","1775950568.187500000","1",NULL,NULL,"83160","calicon.py",NULL,"team page"
"83161",NULL,"49","9389","12348","877","py3","1775950568.531400000","1",NULL,NULL,"83161","lecture_solution.py",NULL,"team page"
"83162",NULL,"49","9345","12217","859","py3","1775950571.305800000","1",NULL,NULL,"83162","piezoelectric_template.py",NULL,"team page"
"83163",NULL,"49","9444","12513","859","cpp","1775950573.944600000","1",NULL,NULL,"83163",NULL,NULL,"team page"
"83164",NULL,"49","9357","12254","866","py3","1775950574.214800000","1",NULL,NULL,"83164","problem6.py",NULL,"team page"
"83165",NULL,"49","9693","13260","865","cpp","1775950574.986100000","1",NULL,NULL,"83165",NULL,NULL,"team page"
"83166",NULL,"49","9761","13465","861","cpp","1775950575.076200000","1",NULL,NULL,"83166",NULL,NULL,"team page"
"83167",NULL,"49","9251","11936","860","py3","1775950575.208800000","1",NULL,NULL,"83167","gojo.py",NULL,"team page"
"83168",NULL,"49","10090","14371","861","cpp","1775950577.724000000","1",NULL,NULL,"83168",NULL,NULL,"team page"
"83169",NULL,"49","10021","14192","860","py3","1775950579.297900000","1",NULL,NULL,"83169","calico.py",NULL,"team page"
"83170",NULL,"49","9422","12449","860","py3","1775950579.639400000","1",NULL,NULL,"83170","p2.py",NULL,"team page"
"83171",NULL,"49","10055","14286","861","cpp","1775950580.063900000","1",NULL,NULL,"83171",NULL,NULL,"team page"
"83172",NULL,"49","9614","13025","862","py3","1775950581.945900000","1",NULL,NULL,"83172","main.py",NULL,"team page"
"83173",NULL,"49","9329","12168","860","py3","1775950582.182600000","1",NULL,NULL,"83173","nah_template.py",NULL,"team page"
"83174",NULL,"49","9793","13558","864","cpp","1775950582.518900000","1",NULL,NULL,"83174",NULL,NULL,"team page"
"83175",NULL,"49","9270","11991","862","cpp","1775950583.079300000","1",NULL,NULL,"83175",NULL,NULL,"team page"
"83176",NULL,"49","9718","13337","859","py3","1775950585.933900000","1",NULL,NULL,"83176","problem.py",NULL,"team page"
"83177",NULL,"49","9981","14072","861","cpp","1775950587.067800000","1",NULL,NULL,"83177",NULL,NULL,"team page"
"83178",NULL,"49","9856","13747","859","py3","1775950590.584900000","1",NULL,NULL,"83178","piezoelectric_template.py",NULL,"team page"
"83179",NULL,"49","9996","14117","860","java","1775950594.428900000","1",NULL,NULL,"83179","nah_template",NULL,"team page"
"83180",NULL,"49","9857","13750","866","py3","1775950595.176400000","1",NULL,NULL,"83180","6.py",NULL,"team page"
"83181",NULL,"49","9268","11985","862","cpp","1775950595.422000000","1",NULL,NULL,"83181",NULL,NULL,"team page"
"83182",NULL,"49","9298","12077","859","cpp","1775950595.423600000","1",NULL,NULL,"83182",NULL,NULL,"team page"
"83183",NULL,"49","9633","13080","867","cpp","1775950595.541000000","1",NULL,NULL,"83183",NULL,NULL,"team page"
"83184",NULL,"49","9647","13124","862","cpp","1775950600.937400000","1",NULL,NULL,"83184",NULL,NULL,"team page"
"83185",NULL,"49","9716","13329","861","py3","1775950601.599600000","1",NULL,NULL,"83185","files_template.py",NULL,"team page"
"83186",NULL,"49","10008","14154","859","java","1775950601.855300000","1",NULL,NULL,"83186","japanIsTurningFootstepsIntoElectricity.JapanIsTurningFootstepsIntoElectricity",NULL,"team page"
"83187",NULL,"49","9917","13909","865","pypy3","1775950603.081500000","1",NULL,NULL,"83187","5b1.py",NULL,"team page"
"83188",NULL,"49","9850","13729","859","py3","1775950603.821600000","1",NULL,NULL,"83188","piezoelectric_template.py",NULL,"team page"
"83189",NULL,"49","9629","13069","867","cpp","1775950604.090800000","1",NULL,NULL,"83189",NULL,NULL,"team page"
"83190",NULL,"49","9668","13186","877","cpp","1775950605.730500000","1",NULL,NULL,"83190",NULL,NULL,"team page"
"83191",NULL,"49","10029","14207","868","cpp","1775950606.230400000","1",NULL,NULL,"83191",NULL,NULL,"team page"
"83192",NULL,"49","10060","14299","860","java","1775950607.111700000","1",NULL,NULL,"83192","nah",NULL,"team page"
"83193",NULL,"49","9592","12957","863","cpp","1775950607.699800000","1",NULL,NULL,"83193",NULL,NULL,"team page"
"83194",NULL,"49","9240","11901","864","cpp","1775950609.348800000","1",NULL,NULL,"83194",NULL,NULL,"team page"
"83195",NULL,"49","10020","14191","861","cpp","1775950611.898400000","1",NULL,NULL,"83195",NULL,NULL,"team page"
"83196",NULL,"49","9699","13279","866","cpp","1775950614.079400000","1",NULL,NULL,"83196",NULL,NULL,"team page"
"83197",NULL,"49","9389","12348","864","py3","1775950614.935000000","1",NULL,NULL,"83197","solution.py",NULL,"team page"
"83198",NULL,"49","9370","12291","866","cpp","1775950616.306900000","1",NULL,NULL,"83198",NULL,NULL,"team page"
"83199",NULL,"49","9431","12475","860","cpp","1775950619.410100000","1",NULL,NULL,"83199",NULL,NULL,"team page"
"83200",NULL,"49","9710","13311","866","cpp","1775950622.198300000","1",NULL,NULL,"83200",NULL,NULL,"team page"
"83201",NULL,"49","9658","13156","860","cpp","1775950622.636400000","1",NULL,NULL,"83201",NULL,NULL,"team page"
"83202",NULL,"49","9639","13099","859","cpp","1775950625.138400000","1",NULL,NULL,"83202",NULL,NULL,"team page"
"83203",NULL,"49","9526","12759","864","cpp","1775950625.174100000","1",NULL,NULL,"83203",NULL,NULL,"team page"
"83204",NULL,"49","9422","12449","860","py3","1775950627.823000000","1",NULL,NULL,"83204","p2.py",NULL,"team page"
"83205",NULL,"49","9339","12198","860","py3","1775950627.889600000","1",NULL,NULL,"83205","prob2.py",NULL,"team page"
"83206",NULL,"49","9210","11811","860","pypy3","1775950629.601300000","1",NULL,NULL,"83206","nah_template.py",NULL,"team page"
"83207",NULL,"49","9858","13755","864","py3","1775950629.710900000","1",NULL,NULL,"83207","5.py",NULL,"team page"
"83208",NULL,"49","9512","12718","865","cpp","1775950630.424400000","1",NULL,NULL,"83208",NULL,NULL,"team page"
"83209",NULL,"49","9240","11901","865","cpp","1775950631.801000000","1",NULL,NULL,"83209",NULL,NULL,"team page"
"83210",NULL,"49","9905","13895","860","py3","1775950633.940800000","1",NULL,NULL,"83210","nah.py",NULL,"team page"
"83211",NULL,"49","9896","13868","861","py3","1775950634.122300000","1",NULL,NULL,"83211","3.py",NULL,"team page"
"83212",NULL,"49","9921","13920","860","cpp","1775950634.885000000","1",NULL,NULL,"83212",NULL,NULL,"team page"
"83213",NULL,"49","9936","13965","860","py3","1775950636.084300000","1",NULL,NULL,"83213","s.py",NULL,"team page"
"83214",NULL,"49","9542","12807","859","pypy3","1775950636.106900000","1",NULL,NULL,"83214","piezoelectric.py",NULL,"team page"
"83215",NULL,"49","9744","13415","864","cpp","1775950639.675500000","1",NULL,NULL,"83215",NULL,NULL,"team page"
"83216",NULL,"49","9486","12639","859","cpp","1775950639.901100000","1",NULL,NULL,"83216",NULL,NULL,"team page"
"83217",NULL,"49","10036","14227","864","cpp","1775950641.303400000","1",NULL,NULL,"83217",NULL,NULL,"team page"
"83218",NULL,"49","9732","13377","866","cpp","1775950641.456300000","1",NULL,NULL,"83218",NULL,NULL,"team page"
"83219",NULL,"49","9370","12292","862","cpp","1775950641.814100000","1",NULL,NULL,"83219",NULL,NULL,"team page"
"83220",NULL,"49","9339","12199","860","cpp","1775950646.270200000","1",NULL,NULL,"83220",NULL,NULL,"team page"
"83221",NULL,"49","10007","14151","866","py3","1775950650.043900000","1",NULL,NULL,"83221","q6.py",NULL,"team page"
"83222",NULL,"49","9732","13378","859","cpp","1775950651.869800000","1",NULL,NULL,"83222",NULL,NULL,"team page"
"83223",NULL,"49","9923","13926","872","cpp","1775950653.192700000","1",NULL,NULL,"83223",NULL,NULL,"team page"
"83224",NULL,"49","9206","11799","866","cpp","1775950653.281200000","1",NULL,NULL,"83224",NULL,NULL,"team page"
"83225",NULL,"49","9567","12882","861","cpp","1775950655.607600000","1",NULL,NULL,"83225",NULL,NULL,"team page"
"83226",NULL,"49","10035","14224","859","cpp","1775950656.265800000","1",NULL,NULL,"83226",NULL,NULL,"team page"
"83227",NULL,"49","9716","13329","861","py3","1775950657.439600000","1",NULL,NULL,"83227","files_template.py",NULL,"team page"
"83228",NULL,"49","9322","12147","862","cpp","1775950658.144300000","1",NULL,NULL,"83228",NULL,NULL,"team page"
"83229",NULL,"49","9551","12835","860","java","1775950661.929800000","1",NULL,NULL,"83229","nah.templates.Solution",NULL,"team page"
"83230",NULL,"49","9629","13069","867","cpp","1775950669.917400000","1",NULL,NULL,"83230",NULL,NULL,"team page"
"83231",NULL,"49","9364","12275","862","cpp","1775950670.369300000","1",NULL,NULL,"83231",NULL,NULL,"team page"
"83232",NULL,"49","9706","13300","859","cpp","1775950670.467000000","1",NULL,NULL,"83232",NULL,NULL,"team page"
"83233",NULL,"49","10048","14264","862","cpp","1775950670.509400000","1",NULL,NULL,"83233",NULL,NULL,"team page"
"83234",NULL,"49","9976","14057","860","cpp","1775950670.810400000","1",NULL,NULL,"83234",NULL,NULL,"team page"
"83235",NULL,"49","9690","13253","864","cpp","1775950674.009500000","1",NULL,NULL,"83235",NULL,NULL,"team page"
"83236",NULL,"49","9442","12507","864","cpp","1775950674.580200000","1",NULL,NULL,"83236",NULL,NULL,"team page"
"83237",NULL,"49","9302","12088","861","py3","1775950677.421300000","1",NULL,NULL,"83237","files_template.py",NULL,"team page"
"83238",NULL,"49","9880","13820","860","cpp","1775950678.471300000","1",NULL,NULL,"83238",NULL,NULL,"team page"
"83239",NULL,"49","10048","14263","867","java","1775950679.542400000","1",NULL,NULL,"83239","B",NULL,"team page"
"83240",NULL,"49","9735","13387","860","cpp","1775950679.997900000","1",NULL,NULL,"83240",NULL,NULL,"team page"
"83241",NULL,"49","9938","13973","867","cpp","1775950681.135700000","1",NULL,NULL,"83241",NULL,NULL,"team page"
"83242",NULL,"49","9366","12279","860","pypy3","1775950682.062500000","1",NULL,NULL,"83242","p2.py",NULL,"team page"
"83243",NULL,"49","9423","12452","862","cpp","1775950682.262400000","1",NULL,NULL,"83243",NULL,NULL,"team page"
"83244",NULL,"49","9676","13210","860","cpp","1775950683.198100000","1",NULL,NULL,"83244",NULL,NULL,"team page"
"83245",NULL,"49","9718","13337","859","pypy3","1775950684.219500000","1",NULL,NULL,"83245","problem.py",NULL,"team page"
"83246",NULL,"49","9895","13865","860","cpp","1775950684.770300000","1",NULL,NULL,"83246",NULL,NULL,"team page"
"83247",NULL,"49","9576","12910","864","cpp","1775950685.251700000","1",NULL,NULL,"83247",NULL,NULL,"team page"
"83248",NULL,"49","9748","13426","859","pypy3","1775950686.059000000","1",NULL,NULL,"83248","P1.py",NULL,"team page"
"83249",NULL,"49","9422","12449","860","py3","1775950686.471500000","1",NULL,NULL,"83249","p2.py",NULL,"team page"
"83250",NULL,"49","9793","13558","865","cpp","1775950687.028500000","1",NULL,NULL,"83250",NULL,NULL,"team page"
"83251",NULL,"49","9391","12356","864","py3","1775950688.300300000","1",NULL,NULL,"83251","grid_template.py",NULL,"team page"
"83252",NULL,"49","9389","12348","877","py3","1775950689.034500000","1",NULL,NULL,"83252","lecture_solution.py",NULL,"team page"
"83253",NULL,"49","10014","14171","861","py3","1775950690.119300000","1",NULL,NULL,"83253","env.py",NULL,"team page"
"83254",NULL,"49","9657","13153","867","cpp","1775950690.987600000","1",NULL,NULL,"83254",NULL,NULL,"team page"
"83255",NULL,"49","9532","12779","860","py3","1775950692.556300000","1",NULL,NULL,"83255","prob2.py",NULL,"team page"
"83256",NULL,"49","9654","13143","862","cpp","1775950692.635200000","1",NULL,NULL,"83256",NULL,NULL,"team page"
"83257",NULL,"49","9693","13261","867","cpp","1775950697.884200000","1",NULL,NULL,"83257",NULL,NULL,"team page"
"83258",NULL,"49","9625","13056","860","cpp","1775950698.826400000","1",NULL,NULL,"83258",NULL,NULL,"team page"
"83259",NULL,"49","9997","14120","861","py3","1775950701.551600000","1",NULL,NULL,"83259","prob3.py",NULL,"team page"
"83260",NULL,"49","9777","13513","864","cpp","1775950707.937200000","1",NULL,NULL,"83260",NULL,NULL,"team page"
"83261",NULL,"49","10015","14174","863","cpp","1775950708.698900000","1",NULL,NULL,"83261",NULL,NULL,"team page"
"83262",NULL,"49","9937","13968","865","cpp","1775950711.178900000","1",NULL,NULL,"83262",NULL,NULL,"team page"
"83263",NULL,"49","9202","11789","861","cpp","1775950713.133800000","1",NULL,NULL,"83263",NULL,NULL,"team page"
"83264",NULL,"49","9608","13007","860","cpp","1775950713.466200000","1",NULL,NULL,"83264",NULL,NULL,"team page"
"83265",NULL,"49","9712","13319","864","cpp","1775950713.506800000","1",NULL,NULL,"83265",NULL,NULL,"team page"
"83266",NULL,"49","9281","12024","859","pypy3","1775950713.877600000","1",NULL,NULL,"83266","python_1.py",NULL,"team page"
"83267",NULL,"49","10015","14174","862","cpp","1775950718.974900000","1",NULL,NULL,"83267",NULL,NULL,"team page"
"83268",NULL,"49","9263","11971","868","cpp","1775950720.250600000","1",NULL,NULL,"83268",NULL,NULL,"team page"
"83269",NULL,"49","9994","14111","859","java","1775950721.288800000","1",NULL,NULL,"83269","lap",NULL,"team page"
"83270",NULL,"49","9717","13332","864","cpp","1775950721.842100000","1",NULL,NULL,"83270",NULL,NULL,"team page"
"83271",NULL,"49","9897","13872","860","py3","1775950721.869700000","1",NULL,NULL,"83271","NahIdWin.py",NULL,"team page"
"83272",NULL,"49","9548","12825","861","cpp","1775950723.400100000","1",NULL,NULL,"83272",NULL,NULL,"team page"
"83273",NULL,"49","9937","13970","862","cpp","1775950724.085600000","1",NULL,NULL,"83273",NULL,NULL,"team page"
"83274",NULL,"49","9677","13213","859","cpp","1775950724.122000000","1",NULL,NULL,"83274",NULL,NULL,"team page"
"83275",NULL,"49","9562","12867","860","cpp","1775950724.824800000","1",NULL,NULL,"83275",NULL,NULL,"team page"
"83276",NULL,"49","10067","14320","861","py3","1775950726.958600000","1",NULL,NULL,"83276","gta6.py",NULL,"team page"
"83277",NULL,"49","10035","14224","859","cpp","1775950727.119500000","1",NULL,NULL,"83277",NULL,NULL,"team page"
"83278",NULL,"49","9340","12202","860","cpp","1775950728.645600000","1",NULL,NULL,"83278",NULL,NULL,"team page"
"83279",NULL,"49","9340","12202","860","cpp","1775950728.858900000","1",NULL,NULL,"83279",NULL,NULL,"team page"
"83280",NULL,"49","9654","13144","866","cpp","1775950729.430000000","1",NULL,NULL,"83280",NULL,NULL,"team page"
"83281",NULL,"49","9716","13329","861","py3","1775950731.213700000","1",NULL,NULL,"83281","files_template.py",NULL,"team page"
"83282",NULL,"49","9712","13319","865","cpp","1775950731.506900000","1",NULL,NULL,"83282",NULL,NULL,"team page"
"83283",NULL,"49","9544","12814","860","cpp","1775950731.529600000","1",NULL,NULL,"83283",NULL,NULL,"team page"
"83284",NULL,"49","9350","12231","862","py3","1775950732.893800000","1",NULL,NULL,"83284","Problem4.py",NULL,"team page"
"83285",NULL,"49","9921","13920","860","cpp","1775950735.132800000","1",NULL,NULL,"83285",NULL,NULL,"team page"
"83286",NULL,"49","9717","13332","865","cpp","1775950739.236200000","1",NULL,NULL,"83286",NULL,NULL,"team page"
"83287",NULL,"49","9263","11971","869","cpp","1775950742.323900000","1",NULL,NULL,"83287",NULL,NULL,"team page"
"83288",NULL,"49","9720","13341","860","cpp","1775950743.815800000","1",NULL,NULL,"83288",NULL,NULL,"team page"
"83289",NULL,"49","9641","13106","861","java","1775950743.884800000","1",NULL,NULL,"83289","Solution",NULL,"team page"
"83290",NULL,"49","9329","12168","860","py3","1775950744.666800000","1",NULL,NULL,"83290","nah_template.py",NULL,"team page"
"83291",NULL,"49","9996","14117","860","java","1775950745.714400000","1",NULL,NULL,"83291","nah_template",NULL,"team page"
"83292",NULL,"49","9593","12961","860","py3","1775950746.355200000","1",NULL,NULL,"83292","main.py",NULL,"team page"
"83293",NULL,"49","9864","13772","861","cpp","1775950747.467800000","1",NULL,NULL,"83293",NULL,NULL,"team page"
"83294",NULL,"49","9554","12845","860","py3","1775950748.142500000","1",NULL,NULL,"83294","Nah_Id_Win.py",NULL,"team page"
"83295",NULL,"49","9777","13513","865","cpp","1775950748.499600000","1",NULL,NULL,"83295",NULL,NULL,"team page"
"83296",NULL,"49","9504","12693","860","cpp","1775950750.989700000","1",NULL,NULL,"83296",NULL,NULL,"team page"
"83297",NULL,"49","9293","12062","859","py3","1775950752.767100000","1",NULL,NULL,"83297","piezoelectric_template.py",NULL,"team page"
"83298",NULL,"49","10007","14151","866","py3","1775950757.797700000","1",NULL,NULL,"83298","q6.py",NULL,"team page"
"83299",NULL,"49","9253","11941","863","cpp","1775950758.407800000","1",NULL,NULL,"83299",NULL,NULL,"team page"
"83300",NULL,"49","10005","14144","860","cpp","1775950758.616700000","1",NULL,NULL,"83300",NULL,NULL,"team page"
"83301",NULL,"49","9314","12123","860","cpp","1775950759.689500000","1",NULL,NULL,"83301",NULL,NULL,"team page"
"83302",NULL,"49","10050","14269","859","pypy3","1775950759.763000000","1",NULL,NULL,"83302","piezoelectric.py",NULL,"team page"
"83303",NULL,"49","9366","12279","860","pypy3","1775950760.068000000","1",NULL,NULL,"83303","p2.py",NULL,"team page"
"83304",NULL,"49","9885","13835","864","cpp","1775950760.809100000","1",NULL,NULL,"83304",NULL,NULL,"team page"
"83305",NULL,"49","10055","14286","861","cpp","1775950761.442900000","1",NULL,NULL,"83305",NULL,NULL,"team page"
"83306",NULL,"49","10017","14180","859","cpp","1775950762.612700000","1",NULL,NULL,"83306",NULL,NULL,"team page"
"83307",NULL,"49","9681","13224","862","py3","1775950763.080300000","1",NULL,NULL,"83307","obscene-shower-402.py",NULL,"team page"
"83308",NULL,"49","10020","14191","860","cpp","1775950764.294800000","1",NULL,NULL,"83308",NULL,NULL,"team page"
"83309",NULL,"49","9900","13879","859","cpp","1775950767.531100000","1",NULL,NULL,"83309",NULL,NULL,"team page"
"83310",NULL,"49","9564","12875","865","cpp","1775950770.111300000","1",NULL,NULL,"83310",NULL,NULL,"team page"
"83311",NULL,"49","9943","13986","860","cpp","1775950771.240400000","1",NULL,NULL,"83311",NULL,NULL,"team page"
"83312",NULL,"49","9943","13986","860","cpp","1775950771.412800000","1",NULL,NULL,"83312",NULL,NULL,"team page"
"83313",NULL,"49","9261","11966","859","py3","1775950772.751100000","1",NULL,NULL,"83313","piezoelectric.py",NULL,"team page"
"83314",NULL,"49","9357","12253","873","py3","1775950772.926300000","1",NULL,NULL,"83314","calico3.py",NULL,"team page"
"83315",NULL,"49","9442","12507","864","cpp","1775950773.807300000","1",NULL,NULL,"83315",NULL,NULL,"team page"
"83316",NULL,"49","9711","13314","862","java","1775950775.374600000","1",NULL,NULL,"83316","Main",NULL,"team page"
"83317",NULL,"49","9604","12995","864","pypy3","1775950778.518100000","1",NULL,NULL,"83317","calicoans.py",NULL,"team page"
"83318",NULL,"49","10036","14229","867","cpp","1775950781.184600000","1",NULL,NULL,"83318",NULL,NULL,"team page"
"83319",NULL,"49","10070","14329","861","cpp","1775950781.472400000","1",NULL,NULL,"83319",NULL,NULL,"team page"
"83320",NULL,"49","9958","14031","868","java","1775950783.644800000","1",NULL,NULL,"83320","Main",NULL,"team page"
"83321",NULL,"49","10067","14321","860","py3","1775950784.408100000","1",NULL,NULL,"83321","nah_template.py",NULL,"team page"
"83322",NULL,"49","9917","13909","865","py3","1775950786.609800000","1",NULL,NULL,"83322","5b1.py",NULL,"team page"
"83323",NULL,"49","9923","13928","861","py3","1775950786.742300000","1",NULL,NULL,"83323","p3.py",NULL,"team page"
"83324",NULL,"49","9895","13865","860","cpp","1775950789.255300000","1",NULL,NULL,"83324",NULL,NULL,"team page"
"83325",NULL,"49","9647","13123","859","cpp","1775950789.815400000","1",NULL,NULL,"83325",NULL,NULL,"team page"
"83326",NULL,"49","9670","13193","860","java","1775950792.587500000","1",NULL,NULL,"83326",NULL,NULL,"team page"
"83327",NULL,"49","9998","14123","859","pypy3","1775950792.611100000","1",NULL,NULL,"83327","exam1.1.py",NULL,"team page"
"83328",NULL,"49","9394","12363","860","py3","1775950793.708900000","1",NULL,NULL,"83328","JJK_Problem.py",NULL,"team page"
"83329",NULL,"49","9668","13186","877","cpp","1775950795.302600000","1",NULL,NULL,"83329",NULL,NULL,"team page"
"83330",NULL,"49","9673","13202","860","java","1775950795.812800000","1",NULL,NULL,"83330","Solution",NULL,"team page"
"83331",NULL,"49","9203","11790","860","cpp","1775950796.797700000","1",NULL,NULL,"83331",NULL,NULL,"team page"
"83332",NULL,"49","9278","12015","860","java","1775950798.970600000","1",NULL,NULL,"83332","Solution",NULL,"team page"
"83333",NULL,"49","9442","12507","864","cpp","1775950804.247000000","1",NULL,NULL,"83333",NULL,NULL,"team page"
"83334",NULL,"49","9253","11941","862","cpp","1775950804.261800000","1",NULL,NULL,"83334",NULL,NULL,"team page"
"83335",NULL,"49","9672","13197","861","py3","1775950805.049200000","1",NULL,NULL,"83335","bigbenfiles.py",NULL,"team page"
"83336",NULL,"49","9665","13176","859","pypy3","1775950806.393700000","1",NULL,NULL,"83336","Japan.py",NULL,"team page"
"83337",NULL,"49","9537","12792","860","cpp","1775950807.023300000","1",NULL,NULL,"83337",NULL,NULL,"team page"
"83338",NULL,"49","10055","14284","860","cpp","1775950808.313400000","1",NULL,NULL,"83338",NULL,NULL,"team page"
"83339",NULL,"49","9489","12648","860","py3","1775950809.926000000","1",NULL,NULL,"83339","nah_template.py",NULL,"team page"
"83340",NULL,"49","9896","13867","860","cpp","1775950812.138300000","1",NULL,NULL,"83340",NULL,NULL,"team page"
"83341",NULL,"49","9502","12687","873","java","1775950812.260700000","1",NULL,NULL,"83341","ttt",NULL,"team page"
"83342",NULL,"49","9366","12279","860","pypy3","1775950812.410400000","1",NULL,NULL,"83342","p2.py",NULL,"team page"
"83343",NULL,"49","9206","11801","867","cpp","1775950812.920900000","1",NULL,NULL,"83343",NULL,NULL,"team page"
"83344",NULL,"49","9206","11801","867","cpp","1775950813.389600000","1",NULL,NULL,"83344",NULL,NULL,"team page"
"83345",NULL,"49","9334","12183","859","pypy3","1775950813.746500000","1",NULL,NULL,"83345","p1.py",NULL,"team page"
"83346",NULL,"49","9840","13700","866","cpp","1775950814.087900000","1",NULL,NULL,"83346",NULL,NULL,"team page"
"83347",NULL,"49","9357","12253","873","py3","1775950814.204400000","1",NULL,NULL,"83347","calico3.py",NULL,"team page"
"83348",NULL,"49","10004","14141","860","pypy3","1775950814.545800000","1",NULL,NULL,"83348","t412.py",NULL,"team page"
"83349",NULL,"49","9438","12495","860","pypy3","1775950815.069900000","1",NULL,NULL,"83349","nah_template.py",NULL,"team page"
"83350",NULL,"49","9625","13056","859","cpp","1775950815.527800000","1",NULL,NULL,"83350",NULL,NULL,"team page"
"83351",NULL,"49","9554","12845","860","py3","1775950817.985700000","1",NULL,NULL,"83351","Nah_Id_Win.py",NULL,"team page"
"83352",NULL,"49","9447","12522","860","cpp","1775950820.540400000","1",NULL,NULL,"83352",NULL,NULL,"team page"
"83353",NULL,"49","9447","12522","860","cpp","1775950821.368900000","1",NULL,NULL,"83353",NULL,NULL,"team page"
"83354",NULL,"49","9340","12202","860","cpp","1775950821.701300000","1",NULL,NULL,"83354",NULL,NULL,"team page"
"83355",NULL,"49","9919","13915","865","cpp","1775950822.448300000","1",NULL,NULL,"83355",NULL,NULL,"team page"
"83356",NULL,"49","9871","13794","860","py3","1775950824.079900000","1",NULL,NULL,"83356","nah_template.py",NULL,"team page"
"83357",NULL,"49","9728","13365","859","py3","1775950826.243000000","1",NULL,NULL,"83357","main.py",NULL,"team page"
"83358",NULL,"49","9918","13913","862","cpp","1775950828.100200000","1",NULL,NULL,"83358",NULL,NULL,"team page"
"83359",NULL,"49","9636","13091","862","cpp","1775950830.350100000","1",NULL,NULL,"83359",NULL,NULL,"team page"
"83360",NULL,"49","10006","14147","860","py3","1775950831.044100000","1",NULL,NULL,"83360","2.py",NULL,"team page"
"83361",NULL,"49","9219","11838","879","cpp","1775950832.029700000","1",NULL,NULL,"83361",NULL,NULL,"team page"
"83362",NULL,"49","9925","13932","862","cpp","1775950836.206300000","1",NULL,NULL,"83362",NULL,NULL,"team page"
"83363",NULL,"49","9858","13755","867","py3","1775950838.349300000","1",NULL,NULL,"83363","7.py",NULL,"team page"
"83364",NULL,"49","9353","12240","867","cpp","1775950838.670100000","1",NULL,NULL,"83364",NULL,NULL,"team page"
"83365",NULL,"49","9322","12147","863","cpp","1775950839.202700000","1",NULL,NULL,"83365",NULL,NULL,"team page"
"83366",NULL,"49","9512","12717","862","cpp","1775950840.767000000","1",NULL,NULL,"83366",NULL,NULL,"team page"
"83367",NULL,"49","10016","14178","863","py3","1775950841.941600000","1",NULL,NULL,"83367","laser.py",NULL,"team page"
"83368",NULL,"49","9512","12718","865","cpp","1775950842.298900000","1",NULL,NULL,"83368",NULL,NULL,"team page"
"83369",NULL,"49","9792","13555","860","cpp","1775950843.049400000","1",NULL,NULL,"83369",NULL,NULL,"team page"
"83370",NULL,"49","9720","13341","860","cpp","1775950843.936000000","1",NULL,NULL,"83370",NULL,NULL,"team page"
"83371",NULL,"49","9669","13189","860","py3","1775950848.574700000","1",NULL,NULL,"83371","nah_template.py",NULL,"team page"
"83372",NULL,"49","9919","13915","864","cpp","1775950848.912300000","1",NULL,NULL,"83372",NULL,NULL,"team page"
"83373",NULL,"49","9574","12905","860","py3","1775950852.451100000","1",NULL,NULL,"83373","problem2.py",NULL,"team page"
"83374",NULL,"49","9312","12119","864","cpp","1775950853.887000000","1",NULL,NULL,"83374",NULL,NULL,"team page"
"83375",NULL,"49","9544","12813","860","cpp","1775950854.207500000","1",NULL,NULL,"83375",NULL,NULL,"team page"
"83376",NULL,"49","9779","13518","867","cpp","1775950855.080300000","1",NULL,NULL,"83376",NULL,NULL,"team page"
"83377",NULL,"49","9925","13932","863","cpp","1775950855.485600000","1",NULL,NULL,"83377",NULL,NULL,"team page"
"83378",NULL,"49","10008","14153","862","py3","1775950855.782800000","1",NULL,NULL,"83378","laser_template.py",NULL,"team page"
"83379",NULL,"49","9879","13816","864","cpp","1775950856.952300000","1",NULL,NULL,"83379",NULL,NULL,"team page"
"83380",NULL,"49","9918","13913","863","cpp","1775950857.361300000","1",NULL,NULL,"83380",NULL,NULL,"team page"
"83381",NULL,"49","9879","13816","862","cpp","1775950857.402400000","1",NULL,NULL,"83381",NULL,NULL,"team page"
"83382",NULL,"49","9357","12253","873","pypy3","1775950858.390200000","1",NULL,NULL,"83382","calico3.py",NULL,"team page"
"83383",NULL,"49","9512","12718","864","cpp","1775950858.845000000","1",NULL,NULL,"83383",NULL,NULL,"team page"
"83384",NULL,"49","9781","13525","860","cpp","1775950859.595100000","1",NULL,NULL,"83384",NULL,NULL,"team page"
"83385",NULL,"49","9883","13828","873","pypy3","1775950860.001900000","1",NULL,NULL,"83385","11.py",NULL,"team page"
"83386",NULL,"49","9549","12828","861","py3","1775950860.398700000","1",NULL,NULL,"83386","files.py",NULL,"team page"
"83387",NULL,"49","9592","12957","864","cpp","1775950860.890500000","1",NULL,NULL,"83387",NULL,NULL,"team page"
"83388",NULL,"49","9735","13387","860","cpp","1775950861.331700000","1",NULL,NULL,"83388",NULL,NULL,"team page"
"83389",NULL,"49","9280","12021","859","cpp","1775950861.502100000","1",NULL,NULL,"83389",NULL,NULL,"team page"
"83390",NULL,"49","9927","13938","859","py3","1775950862.169200000","1",NULL,NULL,"83390","CALICO_SP26.py",NULL,"team page"
"83391",NULL,"49","9366","12281","863","pypy3","1775950863.448600000","1",NULL,NULL,"83391","4bb1.py",NULL,"team page"
"83392",NULL,"49","9607","13003","859","java","1775950863.618400000","1",NULL,NULL,"83392","Solution",NULL,"team page"
"83393",NULL,"49","9600","12981","873","cpp","1775950864.265700000","1",NULL,NULL,"83393",NULL,NULL,"team page"
"83394",NULL,"49","10090","14373","866","java","1775950864.610500000","1",NULL,NULL,"83394","Main",NULL,"team page"
"83395",NULL,"49","10009","14156","860","cpp","1775950864.961700000","1",NULL,NULL,"83395",NULL,NULL,"team page"
"83396",NULL,"49","9394","12363","860","py3","1775950867.309300000","1",NULL,NULL,"83396","JJK_Problem.py",NULL,"team page"
"83397",NULL,"49","9806","13599","866","cpp","1775950867.384600000","1",NULL,NULL,"83397",NULL,NULL,"team page"
"83398",NULL,"49","9493","12661","860","py3","1775950871.603300000","1",NULL,NULL,"83398","calico.py",NULL,"team page"
"83399",NULL,"49","9339","12198","860","py3","1775950872.872700000","1",NULL,NULL,"83399","prob2.py",NULL,"team page"
"83400",NULL,"49","9312","12119","865","cpp","1775950873.268600000","1",NULL,NULL,"83400",NULL,NULL,"team page"
"83401",NULL,"49","9462","12567","861","java","1775950873.809600000","1",NULL,NULL,"83401","Solution",NULL,"team page"
"83402",NULL,"49","9892","13856","860","cpp","1775950876.191700000","1",NULL,NULL,"83402",NULL,NULL,"team page"
"83403",NULL,"49","10035","14224","859","cpp","1775950876.562400000","1",NULL,NULL,"83403",NULL,NULL,"team page"
"83404",NULL,"49","9491","12656","864","py3","1775950879.262800000","1",NULL,NULL,"83404","b.py",NULL,"team page"
"83405",NULL,"49","9478","12615","859","py3","1775950880.073200000","1",NULL,NULL,"83405","piezoelectric.py",NULL,"team page"
"83406",NULL,"49","9593","12961","860","py3","1775950881.684800000","1",NULL,NULL,"83406","main.py",NULL,"team page"
"83407",NULL,"49","9736","13390","859","py3","1775950884.304500000","1",NULL,NULL,"83407","piezoelectric_template.py",NULL,"team page"
"83408",NULL,"49","10048","14263","867","java","1775950884.556900000","1",NULL,NULL,"83408","B",NULL,"team page"
"83409",NULL,"49","9357","12253","860","py3","1775950885.031300000","1",NULL,NULL,"83409","calico3.py",NULL,"team page"
"83410",NULL,"49","9917","13909","864","pypy3","1775950885.032000000","1",NULL,NULL,"83410","5b1.py",NULL,"team page"
"83411",NULL,"49","9777","13513","865","cpp","1775950886.858200000","1",NULL,NULL,"83411",NULL,NULL,"team page"
"83412",NULL,"49","9391","12354","862","py3","1775950889.097800000","1",NULL,NULL,"83412","laser_template.py",NULL,"team page"
"83413",NULL,"49","9632","13077","864","cpp","1775950891.816900000","1",NULL,NULL,"83413",NULL,NULL,"team page"
"83414",NULL,"49","9364","12275","864","cpp","1775950892.591800000","1",NULL,NULL,"83414",NULL,NULL,"team page"
"83415",NULL,"49","9571","12894","860","py3","1775950893.112800000","1",NULL,NULL,"83415","solution.py",NULL,"team page"
"83416",NULL,"49","9533","12781","867","cpp","1775950895.000800000","1",NULL,NULL,"83416",NULL,NULL,"team page"
"83417",NULL,"49","9768","13485","861","cpp","1775950896.551700000","1",NULL,NULL,"83417",NULL,NULL,"team page"
"83418",NULL,"49","9263","11972","864","cpp","1775950897.343000000","1",NULL,NULL,"83418",NULL,NULL,"team page"
"83419",NULL,"49","9366","12279","860","pypy3","1775950898.012500000","1",NULL,NULL,"83419","p2.py",NULL,"team page"
"83420",NULL,"49","9231","11874","859","py3","1775950900.784500000","1",NULL,NULL,"83420","problem_1.py",NULL,"team page"
"83421",NULL,"49","9700","13282","862","cpp","1775950901.829300000","1",NULL,NULL,"83421",NULL,NULL,"team page"
"83422",NULL,"49","9548","12825","860","cpp","1775950902.583000000","1",NULL,NULL,"83422",NULL,NULL,"team page"
"83423",NULL,"49","9806","13597","867","cpp","1775950904.882500000","1",NULL,NULL,"83423",NULL,NULL,"team page"
"83424",NULL,"49","9370","12291","866","cpp","1775950907.952200000","1",NULL,NULL,"83424",NULL,NULL,"team page"
"83425",NULL,"49","9358","12255","860","cpp","1775950909.430800000","1",NULL,NULL,"83425",NULL,NULL,"team page"
"83426",NULL,"49","9928","13943","867","cpp","1775950909.570600000","1",NULL,NULL,"83426",NULL,NULL,"team page"
"83427",NULL,"49","9364","12275","865","cpp","1775950910.871500000","1",NULL,NULL,"83427",NULL,NULL,"team page"
"83428",NULL,"49","10031","14212","861","py3","1775950911.354100000","1",NULL,NULL,"83428","files_adeji.py",NULL,"team page"
"83429",NULL,"49","9579","12918","861","py3","1775950912.415800000","1",NULL,NULL,"83429","files.py",NULL,"team page"
"83430",NULL,"49","10016","14178","863","py3","1775950913.087000000","1",NULL,NULL,"83430","laser.py",NULL,"team page"
"83431",NULL,"49","9642","13107","860","java","1775950915.848000000","1",NULL,NULL,"83431","nah",NULL,"team page"
"83432",NULL,"49","9880","13820","860","cpp","1775950917.526300000","1",NULL,NULL,"83432",NULL,NULL,"team page"
"83433",NULL,"49","9343","12210","866","py3","1775950917.933600000","1",NULL,NULL,"83433","submit.py",NULL,"team page"
"83434",NULL,"49","9298","12077","860","cpp","1775950917.954200000","1",NULL,NULL,"83434",NULL,NULL,"team page"
"83435",NULL,"49","9370","12292","862","cpp","1775950918.136900000","1",NULL,NULL,"83435",NULL,NULL,"team page"
"83436",NULL,"49","9573","12900","862","rs","1775950918.791300000","1",NULL,NULL,"83436",NULL,NULL,"team page"
"83437",NULL,"49","9431","12475","860","cpp","1775950919.386400000","1",NULL,NULL,"83437",NULL,NULL,"team page"
"83438",NULL,"49","9869","13787","859","py3","1775950922.111800000","1",NULL,NULL,"83438","piezoelectric_template.py",NULL,"team page"
"83439",NULL,"49","10038","14235","873","java","1775950923.090600000","1",NULL,NULL,"83439","Splitters2Submit",NULL,"team page"
"83440",NULL,"49","9887","13840","860","py3","1775950923.967300000","1",NULL,NULL,"83440","nah.py",NULL,"team page"
"83441",NULL,"49","9626","13060","861","cpp","1775950926.115200000","1",NULL,NULL,"83441",NULL,NULL,"team page"
"83442",NULL,"49","9308","12105","866","pypy3","1775950930.926300000","1",NULL,NULL,"83442","main.py",NULL,"team page"
"83443",NULL,"49","9394","12363","860","py3","1775950931.244200000","1",NULL,NULL,"83443","JJK_Problem.py",NULL,"team page"
"83444",NULL,"49","10045","14254","860","py3","1775950931.351800000","1",NULL,NULL,"83444","pizo.py",NULL,"team page"
"83445",NULL,"49","9627","13064","860","cpp","1775950932.744100000","1",NULL,NULL,"83445",NULL,NULL,"team page"
"83446",NULL,"49","10059","14296","864","cpp","1775950933.504900000","1",NULL,NULL,"83446",NULL,NULL,"team page"
"83447",NULL,"49","9720","13341","860","cpp","1775950935.610100000","1",NULL,NULL,"83447",NULL,NULL,"team page"
"83448",NULL,"49","9998","14124","869","cpp","1775950936.211100000","1",NULL,NULL,"83448",NULL,NULL,"team page"
"83449",NULL,"49","9558","12856","864","cpp","1775950938.059100000","1",NULL,NULL,"83449",NULL,NULL,"team page"
"83450",NULL,"49","9784","13533","861","cpp","1775950939.693000000","1",NULL,NULL,"83450",NULL,NULL,"team page"
"83451",NULL,"49","10008","14153","863","py3","1775950941.252900000","1",NULL,NULL,"83451","laser_template.py",NULL,"team page"
"83452",NULL,"49","10087","14362","860","py3","1775950943.673900000","1",NULL,NULL,"83452","nah_template.py",NULL,"team page"
"83453",NULL,"49","9508","12707","859","py3","1775950944.350700000","1",NULL,NULL,"83453","test.py",NULL,"team page"
"83454",NULL,"49","9643","13110","866","cpp","1775950944.807300000","1",NULL,NULL,"83454",NULL,NULL,"team page"
"83455",NULL,"49","10007","14151","866","py3","1775950945.404700000","1",NULL,NULL,"83455","q6.py",NULL,"team page"
"83456",NULL,"49","10014","14171","861","py3","1775950945.482400000","1",NULL,NULL,"83456","env.py",NULL,"team page"
"83457",NULL,"49","9806","13597","867","cpp","1775950945.510300000","1",NULL,NULL,"83457",NULL,NULL,"team page"
"83458",NULL,"49","9263","11970","866","cpp","1775950945.640800000","1",NULL,NULL,"83458",NULL,NULL,"team page"
"83459",NULL,"49","9658","13156","860","cpp","1775950945.713300000","1",NULL,NULL,"83459",NULL,NULL,"team page"
"83460",NULL,"49","9564","12874","868","pypy3","1775950947.699400000","1",NULL,NULL,"83460","759.py",NULL,"team page"
"83461",NULL,"49","9857","13750","866","py3","1775950948.090100000","1",NULL,NULL,"83461","6.py",NULL,"team page"
"83462",NULL,"49","9298","12077","860","cpp","1775950949.626000000","1",NULL,NULL,"83462",NULL,NULL,"team page"
"83463",NULL,"49","9564","12874","869","pypy3","1775950950.543300000","1",NULL,NULL,"83463","759.py",NULL,"team page"
"83464",NULL,"49","9592","12957","864","cpp","1775950952.247700000","1",NULL,NULL,"83464",NULL,NULL,"team page"
"83465",NULL,"49","9633","13080","868","cpp","1775950953.787300000","1",NULL,NULL,"83465",NULL,NULL,"team page"
"83466",NULL,"49","9391","12354","863","py3","1775950956.017600000","1",NULL,NULL,"83466","laser_template.py",NULL,"team page"
"83467",NULL,"49","9928","13943","867","cpp","1775950956.755700000","1",NULL,NULL,"83467",NULL,NULL,"team page"
"83468",NULL,"49","9558","12856","865","cpp","1775950957.628400000","1",NULL,NULL,"83468",NULL,NULL,"team page"
"83469",NULL,"49","9373","12302","864","cpp","1775950959.128200000","1",NULL,NULL,"83469",NULL,NULL,"team page"
"83470",NULL,"49","9896","13869","859","py3","1775950959.796600000","1",NULL,NULL,"83470","1.py",NULL,"team page"
"83471",NULL,"49","9657","13153","867","cpp","1775950960.108200000","1",NULL,NULL,"83471",NULL,NULL,"team page"
"83472",NULL,"49","9548","12825","873","cpp","1775950960.782700000","1",NULL,NULL,"83472",NULL,NULL,"team page"
"83473",NULL,"49","9245","11917","864","cpp","1775950961.517800000","1",NULL,NULL,"83473",NULL,NULL,"team page"
"83474",NULL,"49","9713","13321","860","py3","1775950963.102100000","1",NULL,NULL,"83474","nah.py",NULL,"team page"
"83475",NULL,"49","9603","12991","860","py3","1775950963.894200000","1",NULL,NULL,"83475","nah.py",NULL,"team page"
"83476",NULL,"49","10071","14332","859","cpp","1775950966.460400000","1",NULL,NULL,"83476",NULL,NULL,"team page"
"83477",NULL,"49","9716","13329","862","py3","1775950970.423900000","1",NULL,NULL,"83477","laser_template.py",NULL,"team page"
"83478",NULL,"49","9780","13521","859","cpp","1775950970.742700000","1",NULL,NULL,"83478",NULL,NULL,"team page"
"83479",NULL,"49","9630","13072","859","py3","1775950970.962500000","1",NULL,NULL,"83479","piezoelectric_template.py",NULL,"team page"
"83480",NULL,"49","9998","14124","868","cpp","1775950971.045500000","1",NULL,NULL,"83480",NULL,NULL,"team page"
"83481",NULL,"49","9279","12020","864","cpp","1775950971.674600000","1",NULL,NULL,"83481",NULL,NULL,"team page"
"83482",NULL,"49","9848","13724","864","py3","1775950973.021000000","1",NULL,NULL,"83482","p3bad.py",NULL,"team page"
"83483",NULL,"49","9627","13063","862","cpp","1775950974.409100000","1",NULL,NULL,"83483",NULL,NULL,"team page"
"83484",NULL,"49","9657","13152","864","cpp","1775950974.548000000","1",NULL,NULL,"83484",NULL,NULL,"team page"
"83485",NULL,"49","9372","12299","864","py3","1775950975.147300000","1",NULL,NULL,"83485","main.py",NULL,"team page"
"83486",NULL,"49","9604","12995","864","pypy3","1775950975.499300000","1",NULL,NULL,"83486","calicoans.py",NULL,"team page"
"83487",NULL,"49","9917","13910","860","py3","1775950976.175500000","1",NULL,NULL,"83487","main.py",NULL,"team page"
"83488",NULL,"49","9258","11956","867","cpp","1775950977.666600000","1",NULL,NULL,"83488",NULL,NULL,"team page"
"83489",NULL,"49","9548","12825","860","cpp","1775950979.798600000","1",NULL,NULL,"83489",NULL,NULL,"team page"
"83490",NULL,"49","9891","13852","861","cpp","1775950980.114400000","1",NULL,NULL,"83490",NULL,NULL,"team page"
"83491",NULL,"49","9881","13822","859","py3","1775950980.971800000","1",NULL,NULL,"83491","piezoelectric.py",NULL,"team page"
"83492",NULL,"49","9253","11941","867","cpp","1775950981.156700000","1",NULL,NULL,"83492",NULL,NULL,"team page"
"83493",NULL,"49","9919","13914","867","cpp","1775950981.313200000","1",NULL,NULL,"83493",NULL,NULL,"team page"
"83494",NULL,"49","9601","12986","859","cpp","1775950982.761000000","1",NULL,NULL,"83494",NULL,NULL,"team page"
"83495",NULL,"49","9669","13190","861","py3","1775950982.999200000","1",NULL,NULL,"83495","miku.py",NULL,"team page"
"83496",NULL,"49","9837","13690","859","py3","1775950984.319300000","1",NULL,NULL,"83496","piezoelectric_template.py",NULL,"team page"
"83497",NULL,"49","9598","12975","859","py3","1775950984.945100000","1",NULL,NULL,"83497","piezoelectric_template.py",NULL,"team page"
"83498",NULL,"49","9389","12348","868","py3","1775950988.626400000","1",NULL,NULL,"83498","mycelium.py",NULL,"team page"
"83499",NULL,"49","9253","11940","864","cpp","1775950989.762600000","1",NULL,NULL,"83499",NULL,NULL,"team page"
"83500",NULL,"49","9502","12689","860","java","1775950990.441100000","1",NULL,NULL,"83500","nah",NULL,"team page"
"83501",NULL,"49","9696","13269","860","cpp","1775950993.153600000","1",NULL,NULL,"83501",NULL,NULL,"team page"
"83502",NULL,"49","9532","12778","861","py3","1775950993.156800000","1",NULL,NULL,"83502","problem3.py",NULL,"team page"
"83503",NULL,"49","9482","12627","860","py3","1775950994.177700000","1",NULL,NULL,"83503","NAH_MAIN.py",NULL,"team page"
"83504",NULL,"49","9657","13152","865","cpp","1775950994.374000000","1",NULL,NULL,"83504",NULL,NULL,"team page"
"83505",NULL,"49","9815","13624","864","py3","1775950997.955100000","1",NULL,NULL,"83505","grid.py",NULL,"team page"
"83506",NULL,"49","10059","14296","865","cpp","1775950998.950800000","1",NULL,NULL,"83506",NULL,NULL,"team page"
"83507",NULL,"49","9361","12264","862","py3","1775951000.446800000","1",NULL,NULL,"83507","laser_template.py",NULL,"team page"
"83508",NULL,"49","9339","12198","860","py3","1775951000.804100000","1",NULL,NULL,"83508","prob2.py",NULL,"team page"
"83509",NULL,"49","9901","13883","859","cpp","1775951001.073200000","1",NULL,NULL,"83509",NULL,NULL,"team page"
"83510",NULL,"49","9668","13186","877","cpp","1775951004.723800000","1",NULL,NULL,"83510",NULL,NULL,"team page"
"83511",NULL,"49","9787","13542","862","cpp","1775951004.901800000","1",NULL,NULL,"83511",NULL,NULL,"team page"
"83512",NULL,"49","9350","12231","863","py3","1775951005.250500000","1",NULL,NULL,"83512","Problem4B1.py",NULL,"team page"
"83513",NULL,"49","9293","12062","859","pypy3","1775951006.111600000","1",NULL,NULL,"83513","piezoelectric_template.py",NULL,"team page"
"83514",NULL,"49","9537","12792","861","cpp","1775951007.820400000","1",NULL,NULL,"83514",NULL,NULL,"team page"
"83515",NULL,"49","9933","13956","860","java","1775951008.297500000","1",NULL,NULL,"83515","Solution",NULL,"team page"
"83516",NULL,"49","10071","14332","861","cpp","1775951009.243100000","1",NULL,NULL,"83516",NULL,NULL,"team page"
"83517",NULL,"49","9889","13846","859","cpp","1775951011.295900000","1",NULL,NULL,"83517",NULL,NULL,"team page"
"83518",NULL,"49","9426","12459","859","py3","1775951013.426500000","1",NULL,NULL,"83518","piezoelectric_template.py",NULL,"team page"
"83519",NULL,"49","9699","13280","862","cpp","1775951014.116600000","1",NULL,NULL,"83519",NULL,NULL,"team page"
"83520",NULL,"49","9504","12693","860","cpp","1775951014.344900000","1",NULL,NULL,"83520",NULL,NULL,"team page"
"83521",NULL,"49","9229","11869","867","cpp","1775951015.774200000","1",NULL,NULL,"83521",NULL,NULL,"team page"
"83522",NULL,"49","9576","12911","866","cpp","1775951018.638800000","1",NULL,NULL,"83522",NULL,NULL,"team page"
"83523",NULL,"49","9614","13024","861","py3","1775951019.135500000","1",NULL,NULL,"83523","files.py",NULL,"team page"
"83524",NULL,"49","9956","14025","859","py3","1775951020.488100000","1",NULL,NULL,"83524","piezoelectric_main.py",NULL,"team page"
"83525",NULL,"49","9485","12638","866","cpp","1775951024.854600000","1",NULL,NULL,"83525",NULL,NULL,"team page"
"83526",NULL,"49","9512","12717","863","cpp","1775951025.033600000","1",NULL,NULL,"83526",NULL,NULL,"team page"
"83527",NULL,"49","9203","11791","864","cpp","1775951026.301900000","1",NULL,NULL,"83527",NULL,NULL,"team page"
"83528",NULL,"49","9699","13279","866","cpp","1775951026.840700000","1",NULL,NULL,"83528",NULL,NULL,"team page"
"83529",NULL,"49","9858","13755","864","py3","1775951026.844800000","1",NULL,NULL,"83529","5.py",NULL,"team page"
"83530",NULL,"49","9620","13041","862","cpp","1775951027.071600000","1",NULL,NULL,"83530",NULL,NULL,"team page"
"83531",NULL,"49","9950","14008","862","py3","1775951027.440500000","1",NULL,NULL,"83531","sunny-repo-540.py",NULL,"team page"
"83532",NULL,"49","9671","13195","859","pypy3","1775951028.140500000","1",NULL,NULL,"83532","piezoelectric_template.py",NULL,"team page"
"83533",NULL,"49","9696","13269","860","cpp","1775951029.201900000","1",NULL,NULL,"83533",NULL,NULL,"team page"
"83534",NULL,"49","9502","12687","878","java","1775951030.164600000","1",NULL,NULL,"83534","lecture",NULL,"team page"
"83535",NULL,"49","9618","13035","861","java","1775951030.748700000","1",NULL,NULL,"83535","files",NULL,"team page"
"83536",NULL,"49","10095","14388","859","py3","1775951031.583200000","1",NULL,NULL,"83536","solution.py",NULL,"team page"
"83537",NULL,"49","9571","12894","860","py3","1775951031.641500000","1",NULL,NULL,"83537","solution.py",NULL,"team page"
"83538",NULL,"49","9937","13970","862","cpp","1775951034.404100000","1",NULL,NULL,"83538",NULL,NULL,"team page"
"83539",NULL,"49","9559","12859","860","py3","1775951035.166300000","1",NULL,NULL,"83539","P2.py",NULL,"team page"
"83540",NULL,"49","9937","13969","866","cpp","1775951035.318200000","1",NULL,NULL,"83540",NULL,NULL,"team page"
"83541",NULL,"49","9626","13060","861","cpp","1775951037.003500000","1",NULL,NULL,"83541",NULL,NULL,"team page"
"83542",NULL,"49","9632","13077","864","cpp","1775951037.626000000","1",NULL,NULL,"83542",NULL,NULL,"team page"
"83543",NULL,"49","9268","11986","864","pypy3","1775951038.222300000","1",NULL,NULL,"83543","5.py",NULL,"team page"
"83544",NULL,"49","9339","12198","860","py3","1775951038.285800000","1",NULL,NULL,"83544","prob2.py",NULL,"team page"
"83545",NULL,"49","9601","12984","866","py3","1775951040.031500000","1",NULL,NULL,"83545","p6.py",NULL,"team page"
"83546",NULL,"49","9421","12446","860","cpp","1775951040.250200000","1",NULL,NULL,"83546",NULL,NULL,"team page"
"83547",NULL,"49","9253","11942","866","cpp","1775951041.134800000","1",NULL,NULL,"83547",NULL,NULL,"team page"
"83548",NULL,"49","9902","13885","861","py3","1775951041.488300000","1",NULL,NULL,"83548","3.py",NULL,"team page"
"83549",NULL,"49","9668","13187","866","cpp","1775951041.737000000","1",NULL,NULL,"83549",NULL,NULL,"team page"
"83550",NULL,"49","9488","12645","859","java","1775951043.181200000","1",NULL,NULL,"83550","Solution",NULL,"team page"
"83551",NULL,"49","9603","12991","860","py3","1775951045.112900000","1",NULL,NULL,"83551","nah.py",NULL,"team page"
"83552",NULL,"49","9768","13485","859","cpp","1775951045.394900000","1",NULL,NULL,"83552",NULL,NULL,"team page"
"83553",NULL,"49","9947","13998","867","cpp","1775951047.025400000","1",NULL,NULL,"83553",NULL,NULL,"team page"
"83554",NULL,"49","9343","12210","866","pypy3","1775951049.332700000","1",NULL,NULL,"83554","submit.py",NULL,"team page"
"83555",NULL,"49","9328","12166","864","cpp","1775951055.598600000","1",NULL,NULL,"83555",NULL,NULL,"team page"
"83556",NULL,"49","9423","12451","860","cpp","1775951057.746700000","1",NULL,NULL,"83556",NULL,NULL,"team page"
"83557",NULL,"49","9714","13323","860","py3","1775951061.229000000","1",NULL,NULL,"83557","calicospring262.py",NULL,"team page"
"83558",NULL,"49","9658","13156","860","cpp","1775951063.443100000","1",NULL,NULL,"83558",NULL,NULL,"team page"
"83559",NULL,"49","9635","13086","862","cpp","1775951065.162400000","1",NULL,NULL,"83559",NULL,NULL,"team page"
"83560",NULL,"49","9535","12786","864","cpp","1775951065.623000000","1",NULL,NULL,"83560",NULL,NULL,"team page"
"83561",NULL,"49","9958","14033","861","py3","1775951067.534700000","1",NULL,NULL,"83561","files_template.py",NULL,"team page"
"83562",NULL,"49","9692","13257","859","pypy3","1775951068.755700000","1",NULL,NULL,"83562","problem1.py",NULL,"team page"
"83563",NULL,"49","9389","12348","879","py3","1775951068.904800000","1",NULL,NULL,"83563","multiplication.py",NULL,"team page"
"83564",NULL,"49","9891","13853","860","cpp","1775951070.243200000","1",NULL,NULL,"83564",NULL,NULL,"team page"
"83565",NULL,"49","9998","14124","868","cpp","1775951071.618400000","1",NULL,NULL,"83565",NULL,NULL,"team page"
"83566",NULL,"49","9502","12689","860","java","1775951073.787600000","1",NULL,NULL,"83566","nah",NULL,"team page"
"83567",NULL,"49","9253","11940","864","cpp","1775951074.829100000","1",NULL,NULL,"83567",NULL,NULL,"team page"
"83568",NULL,"49","9567","12882","866","cpp","1775951074.997500000","1",NULL,NULL,"83568",NULL,NULL,"team page"
"83569",NULL,"49","9779","13519","864","cpp","1775951075.415600000","1",NULL,NULL,"83569",NULL,NULL,"team page"
"83570",NULL,"49","9229","11870","866","cpp","1775951077.945800000","1",NULL,NULL,"83570",NULL,NULL,"team page"
"83571",NULL,"49","10097","14392","866","cpp","1775951080.826500000","1",NULL,NULL,"83571",NULL,NULL,"team page"
"83572",NULL,"49","9884","13831","861","py3","1775951082.980000000","1",NULL,NULL,"83572","4.py",NULL,"team page"
"83573",NULL,"49","9564","12874","868","pypy3","1775951086.662900000","1",NULL,NULL,"83573","759.py",NULL,"team page"
"83574",NULL,"49","9635","13086","863","cpp","1775951087.338900000","1",NULL,NULL,"83574",NULL,NULL,"team page"
"83575",NULL,"49","9850","13729","860","py3","1775951088.828500000","1",NULL,NULL,"83575","nah_template.py",NULL,"team page"
"83576",NULL,"49","9674","13203","860","cpp","1775951089.429500000","1",NULL,NULL,"83576",NULL,NULL,"team page"
"83577",NULL,"49","9632","13077","864","cpp","1775951089.866100000","1",NULL,NULL,"83577",NULL,NULL,"team page"
"83578",NULL,"49","9636","13090","861","java","1775951090.996600000","1",NULL,NULL,"83578","Main",NULL,"team page"
"83579",NULL,"49","9836","13687","861","py3","1775951091.246100000","1",NULL,NULL,"83579","files_template.py",NULL,"team page"
"83580",NULL,"49","9376","12311","867","cpp","1775951092.086000000","1",NULL,NULL,"83580",NULL,NULL,"team page"
"83581",NULL,"49","9462","12567","860","java","1775951093.369200000","1",NULL,NULL,"83581","Solution",NULL,"team page"
"83582",NULL,"49","9339","12198","860","py3","1775951094.568700000","1",NULL,NULL,"83582","prob2.py",NULL,"team page"
"83583",NULL,"49","10020","14191","860","cpp","1775951096.752900000","1",NULL,NULL,"83583",NULL,NULL,"team page"
"83584",NULL,"49","9270","11991","866","cpp","1775951098.543900000","1",NULL,NULL,"83584",NULL,NULL,"team page"
"83585",NULL,"49","9779","13519","865","cpp","1775951099.940500000","1",NULL,NULL,"83585",NULL,NULL,"team page"
"83586",NULL,"49","10017","14180","859","cpp","1775951100.488800000","1",NULL,NULL,"83586",NULL,NULL,"team page"
"83587",NULL,"49","9328","12166","865","cpp","1775951103.297700000","1",NULL,NULL,"83587",NULL,NULL,"team page"
"83588",NULL,"49","9670","13191","861","py3","1775951103.415900000","1",NULL,NULL,"83588","main.py",NULL,"team page"
"83589",NULL,"49","9887","13840","860","py3","1775951103.970200000","1",NULL,NULL,"83589","nah.py",NULL,"team page"
"83590",NULL,"49","9206","11800","865","cpp","1775951106.315300000","1",NULL,NULL,"83590",NULL,NULL,"team page"
"83591",NULL,"49","9256","11949","860","py3","1775951112.227000000","1",NULL,NULL,"83591","problem2.py",NULL,"team page"
"83592",NULL,"49","10098","14396","861","py3","1775951112.309500000","1",NULL,NULL,"83592","hash.py",NULL,"team page"
"83593",NULL,"49","10029","14207","864","py3","1775951113.285000000","1",NULL,NULL,"83593","grids.py",NULL,"team page"
"83594",NULL,"49","9313","12122","864","py3","1775951113.344300000","1",NULL,NULL,"83594","p5_calico_spring_2026.py",NULL,"team page"
"83595",NULL,"49","9707","13303","859","py3","1775951115.509200000","1",NULL,NULL,"83595","piezoelectric_template.py",NULL,"team page"
"83596",NULL,"49","10007","14152","862","java","1775951118.443700000","1",NULL,NULL,"83596","Main",NULL,"team page"
"83597",NULL,"49","9206","11800","864","cpp","1775951120.538700000","1",NULL,NULL,"83597",NULL,NULL,"team page"
"83598",NULL,"49","9639","13099","860","cpp","1775951121.295600000","1",NULL,NULL,"83598",NULL,NULL,"team page"
"83599",NULL,"49","9242","11908","859","cpp","1775951123.375500000","1",NULL,NULL,"83599",NULL,NULL,"team page"
"83600",NULL,"49","9531","12776","879","java","1775951123.521800000","1",NULL,NULL,"83600","Tester",NULL,"team page"
"83601",NULL,"49","9466","12579","860","cpp","1775951124.260800000","1",NULL,NULL,"83601",NULL,NULL,"team page"
"83602",NULL,"49","9635","13086","863","cpp","1775951125.358500000","1",NULL,NULL,"83602",NULL,NULL,"team page"
"83603",NULL,"49","9421","12445","861","cpp","1775951125.897300000","1",NULL,NULL,"83603",NULL,NULL,"team page"
"83604",NULL,"49","10038","14235","873","java","1775951127.887400000","1",NULL,NULL,"83604","Splitters2Submit",NULL,"team page"
"83605",NULL,"49","10038","14234","866","java","1775951128.334000000","1",NULL,NULL,"83605","Main",NULL,"team page"
"83606",NULL,"49","9574","12905","860","py3","1775951131.412300000","1",NULL,NULL,"83606","problem2.py",NULL,"team page"
"83607",NULL,"49","9403","12390","861","pypy3","1775951131.425300000","1",NULL,NULL,"83607","files_template.py",NULL,"team page"
"83608",NULL,"49","9624","13054","859","pypy3","1775951131.952000000","1",NULL,NULL,"83608","piezoelectric_template.py",NULL,"team page"
"83609",NULL,"49","9502","12689","860","java","1775951132.402100000","1",NULL,NULL,"83609","nah",NULL,"team page"
"83611",NULL,"49","9632","13077","864","cpp","1775951136.448300000","1",NULL,NULL,"83611",NULL,NULL,"team page"
"83612",NULL,"49","9666","13179","864","cpp","1775951138.898000000","1",NULL,NULL,"83612",NULL,NULL,"team page"
"83613",NULL,"49","9669","13190","861","py3","1775951140.494400000","1",NULL,NULL,"83613","miku.py",NULL,"team page"
"83614",NULL,"49","9680","13223","868","cpp","1775951141.522700000","1",NULL,NULL,"83614",NULL,NULL,"team page"
"83615",NULL,"49","9856","13747","860","py3","1775951142.399700000","1",NULL,NULL,"83615","nah_template.py",NULL,"team page"
"83616",NULL,"49","9682","13227","862","cpp","1775951144.052800000","1",NULL,NULL,"83616",NULL,NULL,"team page"
"83617",NULL,"49","9639","13099","861","cpp","1775951144.089400000","1",NULL,NULL,"83617",NULL,NULL,"team page"
"83618",NULL,"49","9667","13182","860","py3","1775951145.098800000","1",NULL,NULL,"83618","nah_template.py",NULL,"team page"
"83619",NULL,"49","9936","13965","861","py3","1775951145.196000000","1",NULL,NULL,"83619","3.py",NULL,"team page"
"83620",NULL,"49","9339","12198","860","py3","1775951146.421500000","1",NULL,NULL,"83620","prob2.py",NULL,"team page"
"83621",NULL,"49","9567","12882","867","cpp","1775951147.061300000","1",NULL,NULL,"83621",NULL,NULL,"team page"
"83622",NULL,"49","9442","12508","866","cpp","1775951149.675500000","1",NULL,NULL,"83622",NULL,NULL,"team page"
"83623",NULL,"49","9504","12693","860","cpp","1775951150.330600000","1",NULL,NULL,"83623",NULL,NULL,"team page"
"83624",NULL,"49","9355","12248","864","py3","1775951153.104400000","1",NULL,NULL,"83624","grid_template.py",NULL,"team page"
"83625",NULL,"49","9245","11917","865","cpp","1775951153.523100000","1",NULL,NULL,"83625",NULL,NULL,"team page"
"83626",NULL,"49","9744","13415","860","cpp","1775951153.767500000","1",NULL,NULL,"83626",NULL,NULL,"team page"
"83627",NULL,"49","10020","14191","860","cpp","1775951153.824300000","1",NULL,NULL,"83627",NULL,NULL,"team page"
"83628",NULL,"49","10015","14174","866","cpp","1775951159.027800000","1",NULL,NULL,"83628",NULL,NULL,"team page"
"83629",NULL,"49","9558","12855","862","cpp","1775951161.823100000","1",NULL,NULL,"83629",NULL,NULL,"team page"
"83630",NULL,"49","9486","12639","863","cpp","1775951162.599300000","1",NULL,NULL,"83630",NULL,NULL,"team page"
"83631",NULL,"49","9528","12765","860","cpp","1775951164.394300000","1",NULL,NULL,"83631",NULL,NULL,"team page"
"83632",NULL,"49","9600","12981","873","cpp","1775951164.572000000","1",NULL,NULL,"83632",NULL,NULL,"team page"
"83633",NULL,"49","9253","11942","866","cpp","1775951165.863700000","1",NULL,NULL,"83633",NULL,NULL,"team page"
"83634",NULL,"49","9581","12924","860","py3","1775951166.897500000","1",NULL,NULL,"83634","test.py",NULL,"team page"
"83635",NULL,"49","9366","12279","860","pypy3","1775951167.692700000","1",NULL,NULL,"83635","p2.py",NULL,"team page"
"83636",NULL,"49","9714","13323","860","py3","1775951168.674300000","1",NULL,NULL,"83636","calicospring262.py",NULL,"team page"
"83637",NULL,"49","9531","12776","860","java","1775951169.440900000","1",NULL,NULL,"83637","Tester",NULL,"team page"
"83638",NULL,"49","9779","13518","867","cpp","1775951169.639800000","1",NULL,NULL,"83638",NULL,NULL,"team page"
"83639",NULL,"49","9722","13348","859","py3","1775951169.938200000","1",NULL,NULL,"83639","clc1.py",NULL,"team page"
"83640",NULL,"49","9711","13314","862","java","1775951171.242000000","1",NULL,NULL,"83640","Main",NULL,"team page"
"83641",NULL,"49","9753","13440","861","cpp","1775951172.750800000","1",NULL,NULL,"83641",NULL,NULL,"team page"
"83642",NULL,"49","9921","13920","861","cpp","1775951173.591500000","1",NULL,NULL,"83642",NULL,NULL,"team page"
"83643",NULL,"49","10029","14206","861","py3","1775951177.034600000","1",NULL,NULL,"83643","filesolution.py",NULL,"team page"
"83644",NULL,"49","9635","13086","863","cpp","1775951177.262800000","1",NULL,NULL,"83644",NULL,NULL,"team page"
"83645",NULL,"49","9554","12844","861","cpp","1775951179.096700000","1",NULL,NULL,"83645",NULL,NULL,"team page"
"83646",NULL,"49","9893","13860","859","py3","1775951179.234800000","1",NULL,NULL,"83646","piezoelectric_template.py",NULL,"team page"
"83647",NULL,"49","9263","11971","869","cpp","1775951180.990900000","1",NULL,NULL,"83647",NULL,NULL,"team page"
"83648",NULL,"49","9720","13341","860","cpp","1775951181.756800000","1",NULL,NULL,"83648",NULL,NULL,"team page"
"83649",NULL,"49","9603","12991","860","py3","1775951182.702900000","1",NULL,NULL,"83649","nah.py",NULL,"team page"
"83650",NULL,"49","9603","12991","860","py3","1775951182.894500000","1",NULL,NULL,"83650","nah.py",NULL,"team page"
"83651",NULL,"49","9887","13840","860","py3","1775951183.081500000","1",NULL,NULL,"83651","nah.py",NULL,"team page"
"83652",NULL,"49","9219","11839","862","cpp","1775951187.565600000","1",NULL,NULL,"83652",NULL,NULL,"team page"
"83653",NULL,"49","9904","13893","859","cpp","1775951187.683900000","1",NULL,NULL,"83653",NULL,NULL,"team page"
"83654",NULL,"49","9571","12894","860","py3","1775951189.512000000","1",NULL,NULL,"83654","solution.py",NULL,"team page"
"83655",NULL,"49","9358","12255","860","cpp","1775951190.028200000","1",NULL,NULL,"83655",NULL,NULL,"team page"
"83656",NULL,"49","9536","12790","859","cpp","1775951191.492000000","1",NULL,NULL,"83656",NULL,NULL,"team page"
"83657",NULL,"49","9564","12875","865","cpp","1775951191.683800000","1",NULL,NULL,"83657",NULL,NULL,"team page"
"83658",NULL,"49","10084","14353","861","py3","1775951196.837400000","1",NULL,NULL,"83658","Problem3.py",NULL,"team page"
"83659",NULL,"49","9312","12119","866","cpp","1775951198.713100000","1",NULL,NULL,"83659",NULL,NULL,"team page"
"83660",NULL,"49","10014","14172","864","py3","1775951200.261100000","1",NULL,NULL,"83660","solution5.py",NULL,"team page"
"83661",NULL,"49","9407","12404","864","cpp","1775951201.051500000","1",NULL,NULL,"83661",NULL,NULL,"team page"
"83662",NULL,"49","10042","14245","864","cpp","1775951201.526800000","1",NULL,NULL,"83662",NULL,NULL,"team page"
"83663",NULL,"49","10067","14321","860","py3","1775951202.991200000","1",NULL,NULL,"83663","nah_template.py",NULL,"team page"
"83664",NULL,"49","9929","13945","862","py3","1775951204.590700000","1",NULL,NULL,"83664","asteroid.py",NULL,"team page"
"83665",NULL,"49","9792","13556","862","cpp","1775951204.978900000","1",NULL,NULL,"83665",NULL,NULL,"team page"
"83666",NULL,"49","9512","12719","866","cpp","1775951208.103500000","1",NULL,NULL,"83666",NULL,NULL,"team page"
"83667",NULL,"49","9670","13191","861","py3","1775951208.258400000","1",NULL,NULL,"83667","main.py",NULL,"team page"
"83668",NULL,"49","9361","12264","863","py3","1775951210.278800000","1",NULL,NULL,"83668","laser_template.py",NULL,"team page"
"83669",NULL,"49","9272","11998","859","java","1775951210.980500000","1",NULL,NULL,"83669","FirstProb",NULL,"team page"
"83670",NULL,"49","9873","13800","860","cpp","1775951211.970800000","1",NULL,NULL,"83670",NULL,NULL,"team page"
"83671",NULL,"49","9666","13179","864","cpp","1775951212.807400000","1",NULL,NULL,"83671",NULL,NULL,"team page"
"83672",NULL,"49","9670","13193","860","java","1775951215.918500000","1",NULL,NULL,"83672","MyProgram",NULL,"team page"
"83673",NULL,"49","9887","13840","860","py3","1775951215.978000000","1",NULL,NULL,"83673","nah.py",NULL,"team page"
"83674",NULL,"49","9301","12084","862","cpp","1775951217.947100000","1",NULL,NULL,"83674",NULL,NULL,"team page"
"83675",NULL,"49","9263","11971","869","cpp","1775951219.377600000","1",NULL,NULL,"83675",NULL,NULL,"team page"
"83676",NULL,"49","9635","13086","863","cpp","1775951220.705500000","1",NULL,NULL,"83676",NULL,NULL,"team page"
"83677",NULL,"49","9314","12123","860","cpp","1775951220.817100000","1",NULL,NULL,"83677",NULL,NULL,"team page"
"83678",NULL,"49","10051","14273","860","py3","1775951221.635900000","1",NULL,NULL,"83678","nah.py",NULL,"team page"
"83679",NULL,"49","9537","12792","862","cpp","1775951223.441800000","1",NULL,NULL,"83679",NULL,NULL,"team page"
"83680",NULL,"49","9712","13318","868","cpp","1775951225.725300000","1",NULL,NULL,"83680",NULL,NULL,"team page"
"83681",NULL,"49","9592","12957","865","cpp","1775951227.251800000","1",NULL,NULL,"83681",NULL,NULL,"team page"
"83682",NULL,"49","9431","12474","860","py3","1775951228.090500000","1",NULL,NULL,"83682","calico.py",NULL,"team page"
"83683",NULL,"49","9636","13089","864","java","1775951228.424600000","1",NULL,NULL,"83683","grid_main",NULL,"team page"
"83684",NULL,"49","9619","13040","861","cpp","1775951229.215400000","1",NULL,NULL,"83684",NULL,NULL,"team page"
"83685",NULL,"49","9233","11880","860","py3","1775951231.879800000","1",NULL,NULL,"83685","sol.py",NULL,"team page"
"83686",NULL,"49","10000","14129","873","cpp","1775951232.583900000","1",NULL,NULL,"83686",NULL,NULL,"team page"
"83687",NULL,"49","9364","12275","865","cpp","1775951232.642200000","1",NULL,NULL,"83687",NULL,NULL,"team page"
"83688",NULL,"49","9476","12609","860","py3","1775951233.917200000","1",NULL,NULL,"83688","nah_template.py",NULL,"team page"
"83689",NULL,"49","9886","13837","860","java","1775951234.519600000","1",NULL,NULL,"83689",NULL,NULL,"team page"
"83690",NULL,"49","9536","12791","864","cpp","1775951238.425700000","1",NULL,NULL,"83690",NULL,NULL,"team page"
"83691",NULL,"49","9486","12639","863","cpp","1775951239.372100000","1",NULL,NULL,"83691",NULL,NULL,"team page"
"83692",NULL,"49","9997","14120","861","py3","1775951241.405500000","1",NULL,NULL,"83692","prob3.py",NULL,"team page"
"83693",NULL,"49","10085","14356","860","cpp","1775951242.983700000","1",NULL,NULL,"83693",NULL,NULL,"team page"
"83694",NULL,"49","9937","13968","865","cpp","1775951245.668000000","1",NULL,NULL,"83694",NULL,NULL,"team page"
"83695",NULL,"49","9447","12522","861","cpp","1775951247.775000000","1",NULL,NULL,"83695",NULL,NULL,"team page"
"83696",NULL,"49","9334","12183","860","pypy3","1775951249.972200000","1",NULL,NULL,"83696","p1.py",NULL,"team page"
"83697",NULL,"49","9270","11993","865","cpp","1775951250.323800000","1",NULL,NULL,"83697",NULL,NULL,"team page"
"83698",NULL,"49","9674","13203","860","cpp","1775951253.378100000","1",NULL,NULL,"83698",NULL,NULL,"team page"
"83699",NULL,"49","9690","13251","864","cpp","1775951253.882800000","1",NULL,NULL,"83699",NULL,NULL,"team page"
"83700",NULL,"49","9712","13318","868","cpp","1775951255.150900000","1",NULL,NULL,"83700",NULL,NULL,"team page"
"83701",NULL,"49","9536","12791","865","cpp","1775951256.328400000","1",NULL,NULL,"83701",NULL,NULL,"team page"
"83702",NULL,"49","9368","12285","865","cpp","1775951256.612100000","1",NULL,NULL,"83702",NULL,NULL,"team page"
"83703",NULL,"49","10006","14147","860","py3","1775951256.715300000","1",NULL,NULL,"83703","2.py",NULL,"team page"
"83704",NULL,"49","9355","12248","864","py3","1775951257.077400000","1",NULL,NULL,"83704","grid_template.py",NULL,"team page"
"83705",NULL,"49","10055","14284","859","cpp","1775951257.992400000","1",NULL,NULL,"83705",NULL,NULL,"team page"
"83706",NULL,"49","9603","12992","864","java","1775951259.472000000","1",NULL,NULL,"83706","Solution",NULL,"team page"
"83707",NULL,"49","9887","13840","860","py3","1775951260.382600000","1",NULL,NULL,"83707","nah.py",NULL,"team page"
"83708",NULL,"49","9612","13017","862","py3","1775951260.388700000","1",NULL,NULL,"83708","laser_template.py",NULL,"team page"
"83709",NULL,"49","9781","13525","860","cpp","1775951268.076800000","1",NULL,NULL,"83709",NULL,NULL,"team page"
"83710",NULL,"49","10038","14233","866","py3","1775951268.861500000","1",NULL,NULL,"83710","shadows_template.py",NULL,"team page"
"83711",NULL,"49","10058","14293","859","py3","1775951269.998800000","1",NULL,NULL,"83711","piezoelectric_solution.py",NULL,"team page"
"83712",NULL,"49","9625","13056","864","cpp","1775951270.432000000","1",NULL,NULL,"83712",NULL,NULL,"team page"
"83713",NULL,"49","9298","12077","861","cpp","1775951270.536100000","1",NULL,NULL,"83713",NULL,NULL,"team page"
"83714",NULL,"49","10029","14206","861","py3","1775951270.716100000","1",NULL,NULL,"83714","1.py",NULL,"team page"
"83715",NULL,"49","9576","12911","866","cpp","1775951270.777700000","1",NULL,NULL,"83715",NULL,NULL,"team page"
"83716",NULL,"49","9857","13750","866","pypy3","1775951271.030900000","1",NULL,NULL,"83716","6.py",NULL,"team page"
"83717",NULL,"49","9268","11986","864","py3","1775951273.350900000","1",NULL,NULL,"83717","5.py",NULL,"team page"
"83718",NULL,"49","9998","14125","864","py3","1775951275.375100000","1",NULL,NULL,"83718","problem_5.py",NULL,"team page"
"83719",NULL,"49","9680","13222","865","cpp","1775951275.890200000","1",NULL,NULL,"83719",NULL,NULL,"team page"
"83720",NULL,"49","9876","13807","864","py3","1775951279.222000000","1",NULL,NULL,"83720","balance.py",NULL,"team page"
"83721",NULL,"49","9871","13794","861","py3","1775951279.792600000","1",NULL,NULL,"83721","files_template.py",NULL,"team page"
"83722",NULL,"49","9502","12687","873","java","1775951284.950200000","1",NULL,NULL,"83722","ttt",NULL,"team page"
"83723",NULL,"49","9625","13056","865","cpp","1775951285.749800000","1",NULL,NULL,"83723",NULL,NULL,"team page"
"83724",NULL,"49","9711","13314","862","java","1775951288.330400000","1",NULL,NULL,"83724","Main",NULL,"team page"
"83725",NULL,"49","9642","13107","860","java","1775951289.372200000","1",NULL,NULL,"83725","nah",NULL,"team page"
"83726",NULL,"49","9690","13252","872","py3","1775951289.464500000","1",NULL,NULL,"83726","TEST.py",NULL,"team page"
"83727",NULL,"49","9268","11986","865","pypy3","1775951290.078000000","1",NULL,NULL,"83727","5.py",NULL,"team page"
"83728",NULL,"49","9815","13624","862","py3","1775951290.575200000","1",NULL,NULL,"83728","laser.py",NULL,"team page"
"83729",NULL,"49","9442","12507","867","cpp","1775951292.186000000","1",NULL,NULL,"83729",NULL,NULL,"team page"
"83730",NULL,"49","9653","13140","862","cpp","1775951294.519300000","1",NULL,NULL,"83730",NULL,NULL,"team page"
"83731",NULL,"49","9564","12874","869","pypy3","1775951296.611000000","1",NULL,NULL,"83731","759.py",NULL,"team page"
"83732",NULL,"49","10017","14182","860","cpp","1775951296.877700000","1",NULL,NULL,"83732",NULL,NULL,"team page"
"83733",NULL,"49","9864","13773","859","py3","1775951297.365300000","1",NULL,NULL,"83733","1.py",NULL,"team page"
"83734",NULL,"49","9562","12868","866","cpp","1775951298.273500000","1",NULL,NULL,"83734",NULL,NULL,"team page"
"83735",NULL,"49","9302","12087","865","cpp","1775951298.491200000","1",NULL,NULL,"83735",NULL,NULL,"team page"
"83736",NULL,"49","9336","12190","860","py3","1775951299.766800000","1",NULL,NULL,"83736","spiritual-wing-437.py",NULL,"team page"
"83737",NULL,"49","9748","13425","862","py3","1775951300.390200000","1",NULL,NULL,"83737","4.py",NULL,"team page"
"83738",NULL,"49","9279","12018","872","cpp","1775951302.381000000","1",NULL,NULL,"83738",NULL,NULL,"team page"
"83739",NULL,"49","9818","13635","860","pypy3","1775951302.559900000","1",NULL,NULL,"83739","nah.py",NULL,"team page"
"83740",NULL,"49","9279","12018","872","cpp","1775951303.040700000","1",NULL,NULL,"83740",NULL,NULL,"team page"
"83741",NULL,"49","9339","12198","860","py3","1775951306.097400000","1",NULL,NULL,"83741","prob2.py",NULL,"team page"
"83742",NULL,"49","9485","12636","865","cpp","1775951307.533200000","1",NULL,NULL,"83742",NULL,NULL,"team page"
"83743",NULL,"49","9680","13222","864","cpp","1775951308.443000000","1",NULL,NULL,"83743",NULL,NULL,"team page"
"83744",NULL,"49","9203","11791","864","cpp","1775951311.179700000","1",NULL,NULL,"83744",NULL,NULL,"team page"
"83745",NULL,"49","9678","13215","861","py3","1775951313.476200000","1",NULL,NULL,"83745","prob3.py",NULL,"team page"
"83746",NULL,"49","9423","12451","860","cpp","1775951314.603700000","1",NULL,NULL,"83746",NULL,NULL,"team page"
"83747",NULL,"49","9900","13880","862","py3","1775951315.359400000","1",NULL,NULL,"83747","laser_template.py",NULL,"team page"
"83748",NULL,"49","9635","13088","862","cpp","1775951315.917900000","1",NULL,NULL,"83748",NULL,NULL,"team page"
"83749",NULL,"49","9336","12191","861","java","1775951316.097000000","1",NULL,NULL,"83749","Solution",NULL,"team page"
"83750",NULL,"49","9998","14125","865","py3","1775951316.781700000","1",NULL,NULL,"83750","problem_5.py",NULL,"team page"
"83751",NULL,"49","9917","13910","860","py3","1775951318.579300000","1",NULL,NULL,"83751","main.py",NULL,"team page"
"83752",NULL,"49","9666","13179","864","cpp","1775951320.139600000","1",NULL,NULL,"83752",NULL,NULL,"team page"
"83753",NULL,"49","9696","13269","860","cpp","1775951320.991300000","1",NULL,NULL,"83753",NULL,NULL,"team page"
"83754",NULL,"49","10007","14150","864","java","1775951321.298900000","1",NULL,NULL,"83754","Main",NULL,"team page"
"83755",NULL,"49","9598","12976","859","py3","1775951322.341200000","1",NULL,NULL,"83755","piezoelectric_template.py",NULL,"team page"
"83756",NULL,"49","9488","12647","861","py3","1775951324.342900000","1",NULL,NULL,"83756","files_template.py",NULL,"team page"
"83757",NULL,"49","9850","13729","860","py3","1775951326.432500000","1",NULL,NULL,"83757","nah_template.py",NULL,"team page"
"83758",NULL,"49","9929","13944","861","py3","1775951329.424000000","1",NULL,NULL,"83758","files_template_upload.py",NULL,"team page"
"83759",NULL,"49","10096","14391","867","cpp","1775951330.042900000","1",NULL,NULL,"83759",NULL,NULL,"team page"
"83760",NULL,"49","9937","13968","865","cpp","1775951332.511700000","1",NULL,NULL,"83760",NULL,NULL,"team page"
"83761",NULL,"49","9569","12889","862","cpp","1775951332.723300000","1",NULL,NULL,"83761",NULL,NULL,"team page"
"83762",NULL,"49","9748","13427","860","pypy3","1775951334.002800000","1",NULL,NULL,"83762","P3.py",NULL,"team page"
"83763",NULL,"49","9568","12885","860","cpp","1775951338.603400000","1",NULL,NULL,"83763",NULL,NULL,"team page"
"83764",NULL,"49","10029","14207","864","py3","1775951342.010900000","1",NULL,NULL,"83764","gridsreal.py",NULL,"team page"
"83765",NULL,"49","9902","13885","862","py3","1775951342.406500000","1",NULL,NULL,"83765","4.py",NULL,"team page"
"83766",NULL,"49","9345","12216","860","java","1775951343.558000000","1",NULL,NULL,"83766","Solution",NULL,"team page"
"83767",NULL,"49","9666","13179","865","cpp","1775951344.623200000","1",NULL,NULL,"83767",NULL,NULL,"team page"
"83768",NULL,"49","10019","14187","860","cpp","1775951345.215600000","1",NULL,NULL,"83768",NULL,NULL,"team page"
"83769",NULL,"49","9533","12780","864","java","1775951345.600900000","1",NULL,NULL,"83769","Grid",NULL,"team page"
"83770",NULL,"49","9357","12253","860","py3","1775951346.530300000","1",NULL,NULL,"83770","calico3.py",NULL,"team page"
"83771",NULL,"49","9746","13419","863","cpp","1775951346.915200000","1",NULL,NULL,"83771",NULL,NULL,"team page"
"83772",NULL,"49","9389","12348","879","cpp","1775951348.568100000","1",NULL,NULL,"83772",NULL,NULL,"team page"
"83773",NULL,"49","10035","14224","860","cpp","1775951349.832700000","1",NULL,NULL,"83773",NULL,NULL,"team page"
"83774",NULL,"49","9714","13323","860","py3","1775951350.741000000","1",NULL,NULL,"83774","calicospring262.py",NULL,"team page"
"83775",NULL,"49","9793","13559","867","cpp","1775951352.094000000","1",NULL,NULL,"83775",NULL,NULL,"team page"
"83776",NULL,"49","10057","14290","861","pypy3","1775951352.865600000","1",NULL,NULL,"83776","thard.py",NULL,"team page"
"83777",NULL,"49","9369","12288","865","cpp","1775951354.133300000","1",NULL,NULL,"83777",NULL,NULL,"team page"
"83778",NULL,"49","9786","13540","863","py3","1775951354.292700000","1",NULL,NULL,"83778","laser_bonus.py",NULL,"team page"
"83779",NULL,"49","9558","12856","866","cpp","1775951354.998500000","1",NULL,NULL,"83779",NULL,NULL,"team page"
"83780",NULL,"49","9314","12125","862","cpp","1775951359.795300000","1",NULL,NULL,"83780",NULL,NULL,"team page"
"83781",NULL,"49","9373","12301","868","cpp","1775951360.817800000","1",NULL,NULL,"83781",NULL,NULL,"team page"
"83782",NULL,"49","9253","11940","864","cpp","1775951361.297700000","1",NULL,NULL,"83782",NULL,NULL,"team page"
"83783",NULL,"49","9392","12357","864","cpp","1775951362.266700000","1",NULL,NULL,"83783",NULL,NULL,"team page"
"83784",NULL,"49","9253","11942","866","cpp","1775951363.089000000","1",NULL,NULL,"83784",NULL,NULL,"team page"
"83785",NULL,"49","9537","12792","862","cpp","1775951363.945400000","1",NULL,NULL,"83785",NULL,NULL,"team page"
"83786",NULL,"49","9638","13095","868","cpp","1775951368.367700000","1",NULL,NULL,"83786",NULL,NULL,"team page"
"83787",NULL,"49","9930","13947","867","cpp","1775951369.533100000","1",NULL,NULL,"83787",NULL,NULL,"team page"
"83788",NULL,"49","9569","12890","867","cpp","1775951371.891800000","1",NULL,NULL,"83788",NULL,NULL,"team page"
"83789",NULL,"49","9512","12717","863","cpp","1775951371.907400000","1",NULL,NULL,"83789",NULL,NULL,"team page"
"83790",NULL,"49","9329","12168","861","py3","1775951372.548200000","1",NULL,NULL,"83790","files_template.py",NULL,"team page"
"83791",NULL,"49","9499","12678","866","cpp","1775951372.961100000","1",NULL,NULL,"83791",NULL,NULL,"team page"
"83792",NULL,"49","9375","12307","862","pypy3","1775951373.505700000","1",NULL,NULL,"83792","4.py",NULL,"team page"
"83793",NULL,"49","9858","13755","872","py3","1775951374.235500000","1",NULL,NULL,"83793","9.py",NULL,"team page"
"83794",NULL,"49","9308","12105","867","pypy3","1775951376.732400000","1",NULL,NULL,"83794","main.py",NULL,"team page"
"83795",NULL,"49","9691","13254","867","cpp","1775951379.654100000","1",NULL,NULL,"83795",NULL,NULL,"team page"
"83796",NULL,"49","9672","13197","864","py3","1775951380.199200000","1",NULL,NULL,"83796","grillfill.py",NULL,"team page"
"83797",NULL,"49","9699","13278","864","cpp","1775951381.988000000","1",NULL,NULL,"83797",NULL,NULL,"team page"
"83798",NULL,"49","9369","12288","865","cpp","1775951382.638600000","1",NULL,NULL,"83798",NULL,NULL,"team page"
"83799",NULL,"49","9887","13840","860","py3","1775951384.690400000","1",NULL,NULL,"83799","nah.py",NULL,"team page"
"83800",NULL,"49","9756","13449","878","pypy3","1775951387.185900000","1",NULL,NULL,"83800","prob_lec_bonus_main.py",NULL,"team page"
"83801",NULL,"49","9892","13857","860","pypy3","1775951388.826300000","1",NULL,NULL,"83801","nah_template.py",NULL,"team page"
"83802",NULL,"49","9592","12957","865","cpp","1775951391.575900000","1",NULL,NULL,"83802",NULL,NULL,"team page"
"83803",NULL,"49","10016","14178","866","py3","1775951392.608000000","1",NULL,NULL,"83803","cave.py",NULL,"team page"
"83804",NULL,"49","9478","12615","860","py3","1775951393.790200000","1",NULL,NULL,"83804","nah.py",NULL,"team page"
"83805",NULL,"49","9743","13410","860","py3","1775951395.343300000","1",NULL,NULL,"83805","nah_template.py",NULL,"team page"
"83806",NULL,"49","9795","13566","868","cpp","1775951395.682300000","1",NULL,NULL,"83806",NULL,NULL,"team page"
"83807",NULL,"49","9392","12357","865","cpp","1775951396.005300000","1",NULL,NULL,"83807",NULL,NULL,"team page"
"83808",NULL,"49","9408","12407","859","cpp","1775951398.024300000","1",NULL,NULL,"83808",NULL,NULL,"team page"
"83809",NULL,"49","9717","13333","862","cpp","1775951398.061700000","1",NULL,NULL,"83809",NULL,NULL,"team page"
"83810",NULL,"49","9465","12576","864","cpp","1775951398.405600000","1",NULL,NULL,"83810",NULL,NULL,"team page"
"83811",NULL,"49","9657","13152","865","cpp","1775951399.707100000","1",NULL,NULL,"83811",NULL,NULL,"team page"
"83812",NULL,"49","9423","12450","867","cpp","1775951400.082100000","1",NULL,NULL,"83812",NULL,NULL,"team page"
"83813",NULL,"49","9485","12636","865","cpp","1775951400.094500000","1",NULL,NULL,"83813",NULL,NULL,"team page"
"83814",NULL,"49","9526","12759","866","cpp","1775951400.796700000","1",NULL,NULL,"83814",NULL,NULL,"team page"
"83815",NULL,"49","9975","14054","864","java","1775951402.025700000","1",NULL,NULL,"83815","Main",NULL,"team page"
"83816",NULL,"49","9526","12759","866","cpp","1775951402.229100000","1",NULL,NULL,"83816",NULL,NULL,"team page"
"83817",NULL,"49","9638","13095","869","cpp","1775951402.445700000","1",NULL,NULL,"83817",NULL,NULL,"team page"
"83818",NULL,"49","9350","12231","863","py3","1775951402.943300000","1",NULL,NULL,"83818","Problem4B1.py",NULL,"team page"
"83819",NULL,"49","9638","13095","869","cpp","1775951403.216500000","1",NULL,NULL,"83819",NULL,NULL,"team page"
"83820",NULL,"49","9672","13197","865","py3","1775951406.858300000","1",NULL,NULL,"83820","grillfill.py",NULL,"team page"
"83821",NULL,"49","9245","11917","866","cpp","1775951408.179900000","1",NULL,NULL,"83821",NULL,NULL,"team page"
"83822",NULL,"49","9491","12654","866","cpp","1775951408.455700000","1",NULL,NULL,"83822",NULL,NULL,"team page"
"83823",NULL,"49","9263","11971","869","cpp","1775951412.423200000","1",NULL,NULL,"83823",NULL,NULL,"team page"
"83824",NULL,"49","9892","13857","860","py3","1775951415.007400000","1",NULL,NULL,"83824","nah_template.py",NULL,"team page"
"83825",NULL,"49","9708","13305","862","py3","1775951419.881600000","1",NULL,NULL,"83825","problem4.py",NULL,"team page"
"83826",NULL,"49","9655","13146","873","java","1775951420.685700000","1",NULL,NULL,"83826","Main",NULL,"team page"
"83827",NULL,"49","9462","12567","862","java","1775951421.399000000","1",NULL,NULL,"83827","Solution",NULL,"team page"
"83828",NULL,"49","9640","13101","862","cpp","1775951421.644300000","1",NULL,NULL,"83828",NULL,NULL,"team page"
"83829",NULL,"49","9844","13712","859","java","1775951421.844000000","1",NULL,NULL,"83829","SolutionPE",NULL,"team page"
"83830",NULL,"49","9559","12859","859","py3","1775951422.899900000","1",NULL,NULL,"83830","P1.py",NULL,"team page"
"83831",NULL,"49","9251","11934","861","py3","1775951424.845400000","1",NULL,NULL,"83831","files_template.py",NULL,"team page"
"83832",NULL,"49","9712","13317","866","cpp","1775951425.913000000","1",NULL,NULL,"83832",NULL,NULL,"team page"
"83833",NULL,"49","9674","13203","860","cpp","1775951428.543100000","1",NULL,NULL,"83833",NULL,NULL,"team page"
"83834",NULL,"49","9657","13154","862","cpp","1775951429.432200000","1",NULL,NULL,"83834",NULL,NULL,"team page"
"83835",NULL,"49","9892","13855","861","pypy3","1775951430.022000000","1",NULL,NULL,"83835","3.py",NULL,"team page"
"83836",NULL,"49","9598","12975","860","py3","1775951430.499300000","1",NULL,NULL,"83836","nah_template.py",NULL,"team page"
"83837",NULL,"49","9573","12900","862","rs","1775951438.334900000","1",NULL,NULL,"83837",NULL,NULL,"team page"
"83838",NULL,"49","9708","13305","863","py3","1775951440.174400000","1",NULL,NULL,"83838","problem4.py",NULL,"team page"
"83839",NULL,"49","9540","12801","862","cpp","1775951441.469400000","1",NULL,NULL,"83839",NULL,NULL,"team page"
"83840",NULL,"49","9480","12622","859","pypy3","1775951442.274100000","1",NULL,NULL,"83840","piezoelectric_solve.py",NULL,"team page"
"83841",NULL,"49","10070","14329","859","cpp","1775951442.867000000","1",NULL,NULL,"83841",NULL,NULL,"team page"
"83842",NULL,"49","9329","12168","860","py3","1775951443.516100000","1",NULL,NULL,"83842","nah_template.py",NULL,"team page"
"83843",NULL,"49","10005","14144","862","cpp","1775951443.624000000","1",NULL,NULL,"83843",NULL,NULL,"team page"
"83844",NULL,"49","9753","13440","860","cpp","1775951443.707800000","1",NULL,NULL,"83844",NULL,NULL,"team page"
"83845",NULL,"49","9786","13539","872","py3","1775951444.317100000","1",NULL,NULL,"83845","theonlynormalonecruh.py",NULL,"team page"
"83846",NULL,"49","9657","13154","863","cpp","1775951445.570400000","1",NULL,NULL,"83846",NULL,NULL,"team page"
"83847",NULL,"49","9351","12234","862","cpp","1775951446.507200000","1",NULL,NULL,"83847",NULL,NULL,"team page"
"83848",NULL,"49","9655","13146","860","java","1775951446.801400000","1",NULL,NULL,"83848","Main",NULL,"team page"
"83849",NULL,"49","10016","14177","864","cpp","1775951447.365700000","1",NULL,NULL,"83849",NULL,NULL,"team page"
"83850",NULL,"49","10039","14236","860","py3","1775951449.358400000","1",NULL,NULL,"83850","02.py.py",NULL,"team page"
"83851",NULL,"49","9579","12919","860","py3","1775951449.864400000","1",NULL,NULL,"83851","nah_template.py",NULL,"team page"
"83852",NULL,"49","9502","12688","878","java","1775951454.806600000","1",NULL,NULL,"83852","AverageClass",NULL,"team page"
"83853",NULL,"49","9892","13857","860","pypy3","1775951455.156400000","1",NULL,NULL,"83853","nah_template.py",NULL,"team page"
"83854",NULL,"49","9639","13099","861","cpp","1775951455.967000000","1",NULL,NULL,"83854",NULL,NULL,"team page"
"83855",NULL,"49","9419","12438","862","cpp","1775951456.540700000","1",NULL,NULL,"83855",NULL,NULL,"team page"
"83856",NULL,"49","9904","13893","861","cpp","1775951458.801200000","1",NULL,NULL,"83856",NULL,NULL,"team page"
"83857",NULL,"49","9816","13627","859","cpp","1775951459.004400000","1",NULL,NULL,"83857",NULL,NULL,"team page"
"83858",NULL,"49","9853","13738","860","py3","1775951460.010000000","1",NULL,NULL,"83858","nah_main.py",NULL,"team page"
"83859",NULL,"49","9768","13485","860","cpp","1775951460.177000000","1",NULL,NULL,"83859",NULL,NULL,"team page"
"83860",NULL,"49","9840","13700","867","cpp","1775951460.888200000","1",NULL,NULL,"83860",NULL,NULL,"team page"
"83861",NULL,"49","9937","13969","867","cpp","1775951461.681000000","1",NULL,NULL,"83861",NULL,NULL,"team page"
"83862",NULL,"49","9632","13078","861","cpp","1775951464.304700000","1",NULL,NULL,"83862",NULL,NULL,"team page"
"83863",NULL,"49","9671","13195","861","pypy3","1775951464.695000000","1",NULL,NULL,"83863","files_template.py",NULL,"team page"
"83864",NULL,"49","9998","14123","859","py3","1775951466.640900000","1",NULL,NULL,"83864","exam1.2.py",NULL,"team page"
"83865",NULL,"49","10007","14151","866","py3","1775951467.628300000","1",NULL,NULL,"83865","q6.py",NULL,"team page"
"83866",NULL,"49","10014","14172","864","py3","1775951469.484900000","1",NULL,NULL,"83866","solution5.py",NULL,"team page"
"83867",NULL,"49","9992","14105","864","cpp","1775951470.270800000","1",NULL,NULL,"83867",NULL,NULL,"team page"
"83868",NULL,"49","9328","12165","867","cpp","1775951473.692500000","1",NULL,NULL,"83868",NULL,NULL,"team page"
"83869",NULL,"49","9753","13440","860","cpp","1775951477.702500000","1",NULL,NULL,"83869",NULL,NULL,"team page"
"83870",NULL,"49","9892","13857","860","py3","1775951478.297800000","1",NULL,NULL,"83870","nah_template.py",NULL,"team page"
"83871",NULL,"49","9690","13252","872","py3","1775951479.833100000","1",NULL,NULL,"83871","TEST.py",NULL,"team page"
"83872",NULL,"49","9480","12621","860","py3","1775951482.704900000","1",NULL,NULL,"83872","nah_template.py",NULL,"team page"
"83873",NULL,"49","9596","12969","859","py3","1775951482.927500000","1",NULL,NULL,"83873","problem1_main.py",NULL,"team page"
"83874",NULL,"49","9486","12639","862","cpp","1775951484.470900000","1",NULL,NULL,"83874",NULL,NULL,"team page"
"83875",NULL,"49","9313","12121","863","cpp","1775951485.338000000","1",NULL,NULL,"83875",NULL,NULL,"team page"
"83876",NULL,"49","9360","12261","859","py3","1775951487.246700000","1",NULL,NULL,"83876","piezoelectric_template.py",NULL,"team page"
"83877",NULL,"49","9319","12139","859","py3","1775951488.363500000","1",NULL,NULL,"83877","piezoelectric_template.py",NULL,"team page"
"83878",NULL,"49","9716","13329","862","py3","1775951489.544600000","1",NULL,NULL,"83878","laser_template.py",NULL,"team page"
"83879",NULL,"49","9573","12900","862","rs","1775951491.938400000","1",NULL,NULL,"83879",NULL,NULL,"team page"
"83880",NULL,"49","9339","12198","860","py3","1775951493.303200000","1",NULL,NULL,"83880","prob2.py",NULL,"team page"
"83881",NULL,"49","9850","13729","860","py3","1775951493.431300000","1",NULL,NULL,"83881","nah_template.py",NULL,"team page"
"83882",NULL,"49","9369","12288","864","cpp","1775951495.517100000","1",NULL,NULL,"83882",NULL,NULL,"team page"
"83883",NULL,"49","9693","13262","866","cpp","1775951496.548200000","1",NULL,NULL,"83883",NULL,NULL,"team page"
"83884",NULL,"49","9718","13337","859","pypy3","1775951499.108200000","1",NULL,NULL,"83884","problem.py",NULL,"team page"
"83885",NULL,"49","9900","13880","862","py3","1775951499.442000000","1",NULL,NULL,"83885","laser_template.py",NULL,"team page"
"83886",NULL,"49","9417","12433","861","py3","1775951501.934200000","1",NULL,NULL,"83886","script.py",NULL,"team page"
"83887",NULL,"49","9901","13883","859","cpp","1775951504.035700000","1",NULL,NULL,"83887",NULL,NULL,"team page"
"83888",NULL,"49","9840","13699","862","cpp","1775951505.967100000","1",NULL,NULL,"83888",NULL,NULL,"team page"
"83889",NULL,"49","9339","12199","860","cpp","1775951508.058900000","1",NULL,NULL,"83889",NULL,NULL,"team page"
"83890",NULL,"49","10051","14273","861","py3","1775951509.211700000","1",NULL,NULL,"83890","files.py",NULL,"team page"
"83891",NULL,"49","9830","13669","864","py3","1775951510.769900000","1",NULL,NULL,"83891","E.py",NULL,"team page"
"83892",NULL,"49","9535","12786","865","cpp","1775951510.824700000","1",NULL,NULL,"83892",NULL,NULL,"team page"
"83893",NULL,"49","9512","12718","867","cpp","1775951512.094700000","1",NULL,NULL,"83893",NULL,NULL,"team page"
"83894",NULL,"49","10035","14224","860","cpp","1775951512.517500000","1",NULL,NULL,"83894",NULL,NULL,"team page"
"83895",NULL,"49","9263","11972","865","cpp","1775951513.092600000","1",NULL,NULL,"83895",NULL,NULL,"team page"
"83896",NULL,"49","9345","12217","861","py3","1775951514.749800000","1",NULL,NULL,"83896","files_template.py",NULL,"team page"
"83897",NULL,"49","9887","13840","860","py3","1775951514.786100000","1",NULL,NULL,"83897","nah.py",NULL,"team page"
"83898",NULL,"49","9641","13106","864","java","1775951514.879600000","1",NULL,NULL,"83898","Solution",NULL,"team page"
"83899",NULL,"49","9301","12084","862","cpp","1775951516.862700000","1",NULL,NULL,"83899",NULL,NULL,"team page"
"83900",NULL,"49","9882","13825","860","cpp","1775951516.950600000","1",NULL,NULL,"83900",NULL,NULL,"team page"
"83901",NULL,"49","9313","12120","868","py3","1775951516.989900000","1",NULL,NULL,"83901","fdnfdnfdnfdd.py",NULL,"team page"
"83902",NULL,"49","9345","12216","860","java","1775951521.231300000","1",NULL,NULL,"83902","Solution",NULL,"team page"
"83903",NULL,"49","9824","13652","859","py3","1775951523.710300000","1",NULL,NULL,"83903","piezoelectric_template.py",NULL,"team page"
"83904",NULL,"49","9700","13283","864","cpp","1775951525.383700000","1",NULL,NULL,"83904",NULL,NULL,"team page"
"83905",NULL,"49","9240","11902","862","cpp","1775951525.688600000","1",NULL,NULL,"83905",NULL,NULL,"team page"
"83906",NULL,"49","9722","13349","861","py3","1775951525.821500000","1",NULL,NULL,"83906","files.py",NULL,"team page"
"83907",NULL,"49","9895","13865","860","cpp","1775951526.655500000","1",NULL,NULL,"83907",NULL,NULL,"team page"
"83908",NULL,"49","9638","13095","868","cpp","1775951529.236900000","1",NULL,NULL,"83908",NULL,NULL,"team page"
"83909",NULL,"49","9712","13319","867","cpp","1775951530.063100000","1",NULL,NULL,"83909",NULL,NULL,"team page"
"83910",NULL,"49","9638","13095","868","cpp","1775951530.110200000","1",NULL,NULL,"83910",NULL,NULL,"team page"
"83911",NULL,"49","9353","12240","861","cpp","1775951531.407900000","1",NULL,NULL,"83911",NULL,NULL,"team page"
"83912",NULL,"49","9313","12120","869","py3","1775951534.192500000","1",NULL,NULL,"83912","fdnfdnfdnfdd.py",NULL,"team page"
"83913",NULL,"49","9240","11902","863","cpp","1775951536.529000000","1",NULL,NULL,"83913",NULL,NULL,"team page"
"83914",NULL,"49","9314","12123","860","cpp","1775951537.385700000","1",NULL,NULL,"83914",NULL,NULL,"team page"
"83915",NULL,"49","10036","14229","868","cpp","1775951538.018000000","1",NULL,NULL,"83915",NULL,NULL,"team page"
"83916",NULL,"49","9716","13329","862","py3","1775951538.585900000","1",NULL,NULL,"83916","laser_template.py",NULL,"team page"
"83917",NULL,"49","9628","13067","860","py3","1775951538.911600000","1",NULL,NULL,"83917","nah_template.py",NULL,"team page"
"83918",NULL,"49","10086","14359","860","cpp","1775951540.303000000","1",NULL,NULL,"83918",NULL,NULL,"team page"
"83919",NULL,"49","10087","14362","864","py3","1775951540.445400000","1",NULL,NULL,"83919","grid_template.py",NULL,"team page"
"83920",NULL,"49","9537","12792","863","cpp","1775951542.100100000","1",NULL,NULL,"83920",NULL,NULL,"team page"
"83921",NULL,"49","9486","12639","863","cpp","1775951544.115900000","1",NULL,NULL,"83921",NULL,NULL,"team page"
"83922",NULL,"49","9948","14001","866","cpp","1775951545.260600000","1",NULL,NULL,"83922",NULL,NULL,"team page"
"83923",NULL,"49","9840","13699","863","cpp","1775951548.400200000","1",NULL,NULL,"83923",NULL,NULL,"team page"
"83924",NULL,"49","9693","13262","866","cpp","1775951551.179100000","1",NULL,NULL,"83924",NULL,NULL,"team page"
"83925",NULL,"49","9929","13944","861","py3","1775951553.483300000","1",NULL,NULL,"83925","files_template_upload.py",NULL,"team page"
"83926",NULL,"49","9858","13755","877","py3","1775951554.133200000","1",NULL,NULL,"83926","111.py",NULL,"team page"
"83927",NULL,"49","9636","13089","864","java","1775951555.228200000","1",NULL,NULL,"83927","grid_main",NULL,"team page"
"83928",NULL,"49","9462","12567","860","java","1775951555.331900000","1",NULL,NULL,"83928","Solution",NULL,"team page"
"83929",NULL,"49","9321","12144","862","java","1775951556.259600000","1",NULL,NULL,"83929","Solution",NULL,"team page"
"83930",NULL,"49","9503","12690","862","cpp","1775951557.790100000","1",NULL,NULL,"83930",NULL,NULL,"team page"
"83931",NULL,"49","10035","14224","860","cpp","1775951559.101700000","1",NULL,NULL,"83931",NULL,NULL,"team page"
"83932",NULL,"49","9643","13110","867","cpp","1775951561.283800000","1",NULL,NULL,"83932",NULL,NULL,"team page"
"83933",NULL,"49","9354","12243","860","java","1775951566.050500000","1",NULL,NULL,"83933","Solution",NULL,"team page"
"83934",NULL,"49","9357","12254","867","py3","1775951566.610300000","1",NULL,NULL,"83934","problem7.py",NULL,"team page"
"83935",NULL,"49","9674","13205","861","cpp","1775951567.221600000","1",NULL,NULL,"83935",NULL,NULL,"team page"
"83936",NULL,"49","9436","12489","860","java","1775951569.546600000","1",NULL,NULL,"83936","Q2",NULL,"team page"
"83937",NULL,"49","10010","14159","860","py3","1775951572.923700000","1",NULL,NULL,"83937","nah_template.py",NULL,"team page"
"83938",NULL,"49","9417","12432","862","cpp","1775951573.021400000","1",NULL,NULL,"83938",NULL,NULL,"team page"
"83939",NULL,"49","9317","12132","860","cpp","1775951574.125600000","1",NULL,NULL,"83939",NULL,NULL,"team page"
"83940",NULL,"49","9667","13182","861","py3","1775951575.774400000","1",NULL,NULL,"83940","files_template.py",NULL,"team page"
"83941",NULL,"49","9735","13387","867","cpp","1775951577.250400000","1",NULL,NULL,"83941",NULL,NULL,"team page"
"83942",NULL,"49","9544","12815","866","cpp","1775951577.802600000","1",NULL,NULL,"83942",NULL,NULL,"team page"
"83943",NULL,"49","9975","14054","865","java","1775951578.253100000","1",NULL,NULL,"83943","Main",NULL,"team page"
"83944",NULL,"49","9314","12123","860","cpp","1775951580.473500000","1",NULL,NULL,"83944",NULL,NULL,"team page"
"83945",NULL,"49","9902","13885","863","py3","1775951581.714400000","1",NULL,NULL,"83945","4.py",NULL,"team page"
"83946",NULL,"49","9637","13092","864","py3","1775951585.834200000","1",NULL,NULL,"83946","p1.py",NULL,"team page"
"83947",NULL,"49","9536","12789","861","cpp","1775951586.170600000","1",NULL,NULL,"83947",NULL,NULL,"team page"
"83948",NULL,"49","9785","13538","860","py3","1775951588.852800000","1",NULL,NULL,"83948","calico_problem_2.py",NULL,"team page"
"83949",NULL,"49","9700","13283","864","cpp","1775951590.533800000","1",NULL,NULL,"83949",NULL,NULL,"team page"
"83950",NULL,"49","9654","13143","864","cpp","1775951590.578100000","1",NULL,NULL,"83950",NULL,NULL,"team page"
"83951",NULL,"49","9210","11811","861","pypy3","1775951591.855800000","1",NULL,NULL,"83951","files_template.py",NULL,"team page"
"83952",NULL,"49","9558","12856","866","cpp","1775951593.034400000","1",NULL,NULL,"83952",NULL,NULL,"team page"
"83953",NULL,"49","9688","13246","859","py3","1775951594.658900000","1",NULL,NULL,"83953","volum.py",NULL,"team page"
"83954",NULL,"49","9745","13416","859","py3","1775951594.755300000","1",NULL,NULL,"83954","C_1.py",NULL,"team page"
"83955",NULL,"49","9421","12445","861","cpp","1775951596.883300000","1",NULL,NULL,"83955",NULL,NULL,"team page"
"83956",NULL,"49","9217","11832","861","cpp","1775951597.838400000","1",NULL,NULL,"83956",NULL,NULL,"team page"
"83957",NULL,"49","9629","13068","862","cpp","1775951600.831200000","1",NULL,NULL,"83957",NULL,NULL,"team page"
"83958",NULL,"49","9482","12627","860","py3","1775951602.279600000","1",NULL,NULL,"83958","nah_main.py",NULL,"team page"
"83959",NULL,"49","9314","12123","860","cpp","1775951604.420500000","1",NULL,NULL,"83959",NULL,NULL,"team page"
"83960",NULL,"49","9503","12690","862","cpp","1775951606.750400000","1",NULL,NULL,"83960",NULL,NULL,"team page"
"83961",NULL,"49","9375","12307","862","pypy3","1775951607.192800000","1",NULL,NULL,"83961","4.py",NULL,"team page"
"83962",NULL,"49","9868","13783","859","py3","1775951609.147900000","1",NULL,NULL,"83962","piezoelectric.py",NULL,"team page"
"83963",NULL,"49","9925","13932","864","cpp","1775951609.448700000","1",NULL,NULL,"83963",NULL,NULL,"team page"
"83964",NULL,"49","9554","12843","866","cpp","1775951611.626400000","1",NULL,NULL,"83964",NULL,NULL,"team page"
"83965",NULL,"49","9950","14007","864","cpp","1775951614.777400000","1",NULL,NULL,"83965",NULL,NULL,"team page"
"83966",NULL,"49","9491","12656","865","py3","1775951615.563000000","1",NULL,NULL,"83966","bb.py",NULL,"team page"
"83967",NULL,"49","9212","11817","859","py3","1775951617.279900000","1",NULL,NULL,"83967","piezoelectric_template.py",NULL,"team page"
"83968",NULL,"49","9535","12786","859","cpp","1775951617.330400000","1",NULL,NULL,"83968",NULL,NULL,"team page"
"83969",NULL,"49","10098","14395","868","cpp","1775951618.533600000","1",NULL,NULL,"83969",NULL,NULL,"team page"
"83970",NULL,"49","9281","12024","859","py3","1775951621.102100000","1",NULL,NULL,"83970","python_answer_1.py",NULL,"team page"
"83971",NULL,"49","9357","12253","860","py3","1775951623.770200000","1",NULL,NULL,"83971","calico3.py",NULL,"team page"
"83972",NULL,"49","9658","13157","867","cpp","1775951624.121300000","1",NULL,NULL,"83972",NULL,NULL,"team page"
"83973",NULL,"49","9903","13889","861","py3","1775951626.618700000","1",NULL,NULL,"83973","CALICO-2026-Problem-3.py",NULL,"team page"
"83974",NULL,"49","9357","12254","867","py3","1775951628.511100000","1",NULL,NULL,"83974","problem7.py",NULL,"team page"
"83975",NULL,"49","9948","14001","864","cpp","1775951628.684700000","1",NULL,NULL,"83975",NULL,NULL,"team page"
"83976",NULL,"49","9357","12254","867","py3","1775951629.133100000","1",NULL,NULL,"83976","problem7.py",NULL,"team page"
"83977",NULL,"49","9568","12885","860","cpp","1775951631.666600000","1",NULL,NULL,"83977",NULL,NULL,"team page"
"83978",NULL,"49","9548","12825","861","cpp","1775951632.492000000","1",NULL,NULL,"83978",NULL,NULL,"team page"
"83979",NULL,"49","9430","12473","864","py3","1775951632.876900000","1",NULL,NULL,"83979","grid_template.py",NULL,"team page"
"83980",NULL,"49","9900","13879","861","cpp","1775951634.483200000","1",NULL,NULL,"83980",NULL,NULL,"team page"
"83981",NULL,"49","9322","12147","864","cpp","1775951637.446600000","1",NULL,NULL,"83981",NULL,NULL,"team page"
"83982",NULL,"49","9432","12477","864","cpp","1775951637.680400000","1",NULL,NULL,"83982",NULL,NULL,"team page"
"83983",NULL,"49","9210","11811","860","pypy3","1775951638.109700000","1",NULL,NULL,"83983","nah_template.py",NULL,"team page"
"83984",NULL,"49","9734","13385","859","py3","1775951639.200200000","1",NULL,NULL,"83984","Piezoelectric_Solution.py",NULL,"team page"
"83985",NULL,"49","9675","13206","864","java","1775951639.589900000","1",NULL,NULL,"83985","Solution",NULL,"team page"
"83986",NULL,"49","9674","13203","860","cpp","1775951642.871800000","1",NULL,NULL,"83986",NULL,NULL,"team page"
"83987",NULL,"49","9890","13849","859","java","1775951644.124800000","1",NULL,NULL,"83987","Problem1",NULL,"team page"
"83988",NULL,"49","9331","12174","864","py3","1775951644.361400000","1",NULL,NULL,"83988","E.py",NULL,"team page"
"83989",NULL,"49","9544","12813","864","cpp","1775951647.468000000","1",NULL,NULL,"83989",NULL,NULL,"team page"
"83990",NULL,"49","9983","14080","861","cpp","1775951650.596000000","1",NULL,NULL,"83990",NULL,NULL,"team page"
"83991",NULL,"49","9887","13840","860","py3","1775951650.856700000","1",NULL,NULL,"83991","nah.py",NULL,"team page"
"83992",NULL,"49","9892","13856","861","cpp","1775951653.089300000","1",NULL,NULL,"83992",NULL,NULL,"team page"
"83993",NULL,"49","9579","12918","861","py3","1775951654.536700000","1",NULL,NULL,"83993","files.py",NULL,"team page"
"83994",NULL,"49","9322","12147","865","cpp","1775951658.011500000","1",NULL,NULL,"83994",NULL,NULL,"team page"
"83995",NULL,"49","9430","12473","865","py3","1775951658.096300000","1",NULL,NULL,"83995","grid_template.py",NULL,"team page"
"83996",NULL,"49","9465","12576","864","cpp","1775951661.257100000","1",NULL,NULL,"83996",NULL,NULL,"team page"
"83997",NULL,"49","9478","12615","861","py3","1775951661.471000000","1",NULL,NULL,"83997","files.py",NULL,"team page"
"83998",NULL,"49","9676","13209","864","cpp","1775951663.276000000","1",NULL,NULL,"83998",NULL,NULL,"team page"
"83999",NULL,"49","9331","12174","865","py3","1775951663.787500000","1",NULL,NULL,"83999","E.py",NULL,"team page"
"84000",NULL,"49","9950","14007","865","cpp","1775951666.448800000","1",NULL,NULL,"84000",NULL,NULL,"team page"
"84001",NULL,"49","9516","12731","872","cpp","1775951671.391500000","1",NULL,NULL,"84001",NULL,NULL,"team page"
"84002",NULL,"49","10000","14129","860","cpp","1775951673.073800000","1",NULL,NULL,"84002",NULL,NULL,"team page"
"84003",NULL,"49","9516","12731","872","cpp","1775951673.830900000","1",NULL,NULL,"84003",NULL,NULL,"team page"
"84004",NULL,"49","9658","13156","861","cpp","1775951675.290800000","1",NULL,NULL,"84004",NULL,NULL,"team page"
"84005",NULL,"49","9579","12919","860","py3","1775951675.916500000","1",NULL,NULL,"84005","nah_template.py",NULL,"team page"
"84006",NULL,"49","10021","14192","861","py3","1775951678.200300000","1",NULL,NULL,"84006","calico3.py",NULL,"team page"
"84007",NULL,"49","9768","13485","862","cpp","1775951680.226400000","1",NULL,NULL,"84007",NULL,NULL,"team page"
"84008",NULL,"49","10008","14153","866","py3","1775951680.295900000","1",NULL,NULL,"84008","shadows_template.py",NULL,"team page"
"84009",NULL,"49","9885","13834","860","java","1775951681.429500000","1",NULL,NULL,"84009","Solution",NULL,"team page"
"84010",NULL,"49","9973","14048","859","cpp","1775951685.140500000","1",NULL,NULL,"84010",NULL,NULL,"team page"
"84011",NULL,"49","9351","12234","862","cpp","1775951685.476300000","1",NULL,NULL,"84011",NULL,NULL,"team page"
"84012",NULL,"49","9278","12015","861","java","1775951687.967000000","1",NULL,NULL,"84012","Solution",NULL,"team page"
"84013",NULL,"49","9491","12655","862","cpp","1775951690.244500000","1",NULL,NULL,"84013",NULL,NULL,"team page"
"84014",NULL,"49","9391","12354","866","py3","1775951690.442100000","1",NULL,NULL,"84014","shadows_template.py",NULL,"team page"
"84015",NULL,"49","9298","12077","864","cpp","1775951690.679400000","1",NULL,NULL,"84015",NULL,NULL,"team page"
"84016",NULL,"49","9592","12957","866","cpp","1775951690.745000000","1",NULL,NULL,"84016",NULL,NULL,"team page"
"84017",NULL,"49","9465","12577","862","cpp","1775951691.499800000","1",NULL,NULL,"84017",NULL,NULL,"team page"
"84018",NULL,"49","9401","12384","860","py3","1775951693.941200000","1",NULL,NULL,"84018","nah.py",NULL,"team page"
"84019",NULL,"49","9354","12243","860","java","1775951696.101400000","1",NULL,NULL,"84019","Solution",NULL,"team page"
"84020",NULL,"49","10097","14393","865","cpp","1775951698.188400000","1",NULL,NULL,"84020",NULL,NULL,"team page"
"84021",NULL,"49","9357","12252","867","pypy3","1775951699.137100000","1",NULL,NULL,"84021","periodic-maze-246.py",NULL,"team page"
"84022",NULL,"49","9301","12084","862","cpp","1775951699.436600000","1",NULL,NULL,"84022",NULL,NULL,"team page"
"84023",NULL,"49","9658","13157","868","cpp","1775951700.755500000","1",NULL,NULL,"84023",NULL,NULL,"team page"
"84024",NULL,"49","10098","14396","860","py3","1775951701.321800000","1",NULL,NULL,"84024","gojo.py",NULL,"team page"
"84025",NULL,"49","9897","13870","861","py3","1775951702.456500000","1",NULL,NULL,"84025","q3.py",NULL,"team page"
"84026",NULL,"49","10021","14192","862","py3","1775951702.492200000","1",NULL,NULL,"84026","calico4.py",NULL,"team page"
"84027",NULL,"49","9917","13909","866","py3","1775951703.153400000","1",NULL,NULL,"84027","6.py",NULL,"team page"
"84028",NULL,"49","9675","13206","865","java","1775951708.265400000","1",NULL,NULL,"84028","Solution",NULL,"team page"
"84029",NULL,"49","9366","12279","861","pypy3","1775951708.675900000","1",NULL,NULL,"84029","p3.py",NULL,"team page"
"84030",NULL,"49","9309","12108","860","cpp","1775951709.140800000","1",NULL,NULL,"84030",NULL,NULL,"team page"
"84031",NULL,"49","10016","14178","866","py3","1775951710.391500000","1",NULL,NULL,"84031","cave.py",NULL,"team page"
"84032",NULL,"49","9566","12879","860","cpp","1775951714.655700000","1",NULL,NULL,"84032",NULL,NULL,"team page"
"84033",NULL,"49","9877","13810","859","cpp","1775951715.136700000","1",NULL,NULL,"84033",NULL,NULL,"team page"
"84034",NULL,"49","9672","13197","866","py3","1775951715.675900000","1",NULL,NULL,"84034","shadowofclay.py",NULL,"team page"
"84035",NULL,"49","9532","12777","864","py3","1775951716.043400000","1",NULL,NULL,"84035","grid_template.py",NULL,"team page"
"84036",NULL,"49","9882","13825","860","cpp","1775951716.550900000","1",NULL,NULL,"84036",NULL,NULL,"team page"
"84037",NULL,"49","9516","12729","862","cpp","1775951716.850800000","1",NULL,NULL,"84037",NULL,NULL,"team page"
"84038",NULL,"49","9858","13755","877","py3","1775951717.837100000","1",NULL,NULL,"84038","111.py",NULL,"team page"
"84039",NULL,"49","9373","12300","862","cpp","1775951719.823600000","1",NULL,NULL,"84039",NULL,NULL,"team page"
"84040",NULL,"49","9357","12254","867","pypy3","1775951720.824700000","1",NULL,NULL,"84040","problem7.py",NULL,"team page"
"84041",NULL,"49","9465","12577","863","cpp","1775951720.969700000","1",NULL,NULL,"84041",NULL,NULL,"team page"
"84042",NULL,"49","9674","13203","860","cpp","1775951721.903900000","1",NULL,NULL,"84042",NULL,NULL,"team page"
"84043",NULL,"49","10021","14192","863","py3","1775951722.979800000","1",NULL,NULL,"84043","calico4.py",NULL,"team page"
"84044",NULL,"49","10010","14159","860","py3","1775951726.499200000","1",NULL,NULL,"84044","nah_template.py",NULL,"team page"
"84045",NULL,"49","9604","12995","865","pypy3","1775951726.504300000","1",NULL,NULL,"84045","calicoans.py",NULL,"team page"
"84046",NULL,"49","10098","14395","868","cpp","1775951728.492200000","1",NULL,NULL,"84046",NULL,NULL,"team page"
"84047",NULL,"49","9393","12361","859","py3","1775951734.179700000","1",NULL,NULL,"84047","piezoelectric_template.py",NULL,"team page"
"84048",NULL,"49","9732","13377","864","cpp","1775951734.238600000","1",NULL,NULL,"84048",NULL,NULL,"team page"
"84049",NULL,"49","10039","14236","859","pypy3","1775951735.025300000","1",NULL,NULL,"84049","Japan.py.py",NULL,"team page"
"84050",NULL,"49","9778","13515","859","py3","1775951736.784000000","1",NULL,NULL,"84050","piezoelectric_template.py",NULL,"team page"
"84051",NULL,"49","9531","12776","860","java","1775951738.350300000","1",NULL,NULL,"84051","Tester",NULL,"team page"
"84052",NULL,"49","9219","11840","866","cpp","1775951738.804200000","1",NULL,NULL,"84052",NULL,NULL,"team page"
"84053",NULL,"49","9312","12118","862","cpp","1775951741.177200000","1",NULL,NULL,"84053",NULL,NULL,"team page"
"84054",NULL,"49","9353","12240","861","cpp","1775951744.569900000","1",NULL,NULL,"84054",NULL,NULL,"team page"
"84055",NULL,"49","9640","13102","864","cpp","1775951746.228700000","1",NULL,NULL,"84055",NULL,NULL,"team page"
"84056",NULL,"49","10082","14347","860","java","1775951747.142300000","1",NULL,NULL,"84056","Solution",NULL,"team page"
"84057",NULL,"49","9718","13336","861","py3","1775951747.350600000","1",NULL,NULL,"84057","problem3.py",NULL,"team page"
"84058",NULL,"49","9479","12618","859","pypy3","1775951747.716600000","1",NULL,NULL,"84058","p1.py",NULL,"team page"
"84059",NULL,"49","10009","14156","862","cpp","1775951748.688200000","1",NULL,NULL,"84059",NULL,NULL,"team page"
"84060",NULL,"49","9422","12448","862","py3","1775951748.946600000","1",NULL,NULL,"84060","laser_template.py",NULL,"team page"
"84061",NULL,"49","9391","12355","860","py3","1775951749.087200000","1",NULL,NULL,"84061","nah_template.py",NULL,"team page"
"84062",NULL,"49","9680","13222","867","cpp","1775951750.022200000","1",NULL,NULL,"84062",NULL,NULL,"team page"
"84063",NULL,"49","10098","14395","868","cpp","1775951750.116400000","1",NULL,NULL,"84063",NULL,NULL,"team page"
"84064",NULL,"49","10036","14229","869","cpp","1775951751.611100000","1",NULL,NULL,"84064",NULL,NULL,"team page"
"84065",NULL,"49","9281","12024","859","py3","1775951753.238000000","1",NULL,NULL,"84065","python_answer_1.py",NULL,"team page"
"84066",NULL,"49","9937","13968","865","cpp","1775951753.665000000","1",NULL,NULL,"84066",NULL,NULL,"team page"
"84067",NULL,"49","9619","13039","862","cpp","1775951754.029400000","1",NULL,NULL,"84067",NULL,NULL,"team page"
"84068",NULL,"49","9938","13972","866","cpp","1775951755.081500000","1",NULL,NULL,"84068",NULL,NULL,"team page"
"84069",NULL,"49","9315","12126","860","java","1775951758.223500000","1",NULL,NULL,"84069","B",NULL,"team page"
"84070",NULL,"49","10067","14321","860","py3","1775951759.023100000","1",NULL,NULL,"84070","nah_template.py",NULL,"team page"
"84071",NULL,"49","9350","12231","866","py3","1775951761.608300000","1",NULL,NULL,"84071","Problem6.py",NULL,"team page"
"84072",NULL,"49","9357","12253","860","py3","1775951762.452100000","1",NULL,NULL,"84072","calico3.py",NULL,"team page"
"84076",NULL,"49","9476","12609","860","py3","1775951767.857400000","1",NULL,NULL,"84076","nah_template.py",NULL,"team page"
"84077",NULL,"49","9667","13182","861","py3","1775951768.065700000","1",NULL,NULL,"84077","files_template.py",NULL,"team page"
"84078",NULL,"49","9558","12855","867","cpp","1775951769.867000000","1",NULL,NULL,"84078",NULL,NULL,"team page"
"84079",NULL,"49","10098","14395","869","cpp","1775951770.126800000","1",NULL,NULL,"84079",NULL,NULL,"team page"
"84080",NULL,"49","9633","13080","869","cpp","1775951775.413700000","1",NULL,NULL,"84080",NULL,NULL,"team page"
"84081",NULL,"49","9579","12918","861","py3","1775951776.525400000","1",NULL,NULL,"84081","files.py",NULL,"team page"
"84082",NULL,"49","9268","11985","866","cpp","1775951776.552000000","1",NULL,NULL,"84082",NULL,NULL,"team page"
"84083",NULL,"49","9366","12281","862","pypy3","1775951777.623800000","1",NULL,NULL,"84083","4bb1.py",NULL,"team page"
"84084",NULL,"49","9465","12576","865","cpp","1775951778.031900000","1",NULL,NULL,"84084",NULL,NULL,"team page"
"84085",NULL,"49","9629","13068","863","cpp","1775951778.700800000","1",NULL,NULL,"84085",NULL,NULL,"team page"
"84086",NULL,"49","9270","11991","867","cpp","1775951780.265100000","1",NULL,NULL,"84086",NULL,NULL,"team page"
"84087",NULL,"49","10071","14333","862","cpp","1775951781.858900000","1",NULL,NULL,"84087",NULL,NULL,"team page"
"84088",NULL,"49","9567","12882","872","cpp","1775951783.063600000","1",NULL,NULL,"84088",NULL,NULL,"team page"
"84089",NULL,"49","9888","13843","868","pypy3","1775951783.770800000","1",NULL,NULL,"84089","test.py",NULL,"team page"
"84090",NULL,"49","9619","13039","863","cpp","1775951783.772000000","1",NULL,NULL,"84090",NULL,NULL,"team page"
"84091",NULL,"49","9657","13154","863","cpp","1775951783.919000000","1",NULL,NULL,"84091",NULL,NULL,"team page"
"84092",NULL,"49","9601","12985","864","cpp","1775951785.353600000","1",NULL,NULL,"84092",NULL,NULL,"team page"
"84093",NULL,"49","10098","14395","870","cpp","1775951789.485700000","1",NULL,NULL,"84093",NULL,NULL,"team page"
"84094",NULL,"49","9334","12183","862","pypy3","1775951789.615500000","1",NULL,NULL,"84094","p1.py",NULL,"team page"
"84095",NULL,"49","9998","14125","865","py3","1775951792.044800000","1",NULL,NULL,"84095","problem_5B.py",NULL,"team page"
"84096",NULL,"49","9716","13329","862","py3","1775951792.982900000","1",NULL,NULL,"84096","laser_template.py",NULL,"team page"
"84097",NULL,"49","9566","12879","860","cpp","1775951795.470000000","1",NULL,NULL,"84097",NULL,NULL,"team page"
"84098",NULL,"49","9389","12348","878","cpp","1775951795.589100000","1",NULL,NULL,"84098",NULL,NULL,"team page"
"84099",NULL,"49","9772","13497","859","py3","1775951797.597000000","1",NULL,NULL,"84099","program.py",NULL,"team page"
"84100",NULL,"49","9681","13226","864","cpp","1775951799.262300000","1",NULL,NULL,"84100",NULL,NULL,"team page"
"84101",NULL,"49","9598","12975","862","py3","1775951799.848600000","1",NULL,NULL,"84101","laser_template.py",NULL,"team page"
"84102",NULL,"49","9917","13909","866","py3","1775951802.607500000","1",NULL,NULL,"84102","6.py",NULL,"team page"
"84103",NULL,"49","9693","13260","868","cpp","1775951802.802700000","1",NULL,NULL,"84103",NULL,NULL,"team page"
"84104",NULL,"49","9923","13926","873","cpp","1775951803.728200000","1",NULL,NULL,"84104",NULL,NULL,"team page"
"84106",NULL,"49","9576","12910","865","cpp","1775951805.481800000","1",NULL,NULL,"84106",NULL,NULL,"team page"
"84107",NULL,"49","9923","13928","862","py3","1775951805.653800000","1",NULL,NULL,"84107","p4.py",NULL,"team page"
"84108",NULL,"49","9491","12655","862","cpp","1775951805.994100000","1",NULL,NULL,"84108",NULL,NULL,"team page"
"84109",NULL,"49","9357","12254","867","py3","1775951807.380700000","1",NULL,NULL,"84109","problem7.py",NULL,"team page"
"84110",NULL,"49","9886","13837","861","java","1775951809.248100000","1",NULL,NULL,"84110",NULL,NULL,"team page"
"84111",NULL,"49","9688","13246","860","py3","1775951810.801200000","1",NULL,NULL,"84111","area.py",NULL,"team page"
"84112",NULL,"49","9268","11986","865","pypy3","1775951816.689000000","1",NULL,NULL,"84112","5.py",NULL,"team page"
"84113",NULL,"49","9610","13011","859","pypy3","1775951819.247600000","1",NULL,NULL,"84113","piezoelectric.py",NULL,"team page"
"84114",NULL,"49","9885","13835","864","cpp","1775951819.437400000","1",NULL,NULL,"84114",NULL,NULL,"team page"
"84115",NULL,"49","9491","12655","863","cpp","1775951821.419000000","1",NULL,NULL,"84115",NULL,NULL,"team page"
"84116",NULL,"49","9996","14118","861","py3","1775951822.189000000","1",NULL,NULL,"84116","answer3.py",NULL,"team page"
"84117",NULL,"49","9554","12845","860","py3","1775951823.779300000","1",NULL,NULL,"84117","Nah_Id_Winn.py",NULL,"team page"
"84118",NULL,"49","9340","12201","866","cpp","1775951823.893300000","1",NULL,NULL,"84118",NULL,NULL,"team page"
"84119",NULL,"49","9999","14126","867","cpp","1775951824.948500000","1",NULL,NULL,"84119",NULL,NULL,"team page"
"84120",NULL,"49","9742","13408","860","java","1775951825.934100000","1",NULL,NULL,"84120","Solution",NULL,"team page"
"84121",NULL,"49","9858","13755","872","py3","1775951827.112700000","1",NULL,NULL,"84121","9.py",NULL,"team page"
"84122",NULL,"49","9887","13840","860","py3","1775951827.142600000","1",NULL,NULL,"84122","nah.py",NULL,"team page"
"84123",NULL,"49","9333","12182","862","cpp","1775951827.794500000","1",NULL,NULL,"84123",NULL,NULL,"team page"
"84124",NULL,"49","9521","12745","860","pypy3","1775951835.986800000","1",NULL,NULL,"84124","b.py",NULL,"team page"
"84125",NULL,"49","9900","13880","862","py3","1775951841.795500000","1",NULL,NULL,"84125","laser_template.py",NULL,"team page"
"84126",NULL,"49","9958","14032","864","cpp","1775951843.342600000","1",NULL,NULL,"84126",NULL,NULL,"team page"
"84127",NULL,"49","10058","14293","860","py3","1775951844.335700000","1",NULL,NULL,"84127","nahsolution.py",NULL,"team page"
"84128",NULL,"49","9973","14048","859","cpp","1775951845.348800000","1",NULL,NULL,"84128",NULL,NULL,"team page"
"84129",NULL,"49","9333","12182","863","cpp","1775951846.991900000","1",NULL,NULL,"84129",NULL,NULL,"team page"
"84130",NULL,"49","9753","13440","861","cpp","1775951849.993800000","1",NULL,NULL,"84130",NULL,NULL,"team page"
"84131",NULL,"49","9319","12138","861","py3","1775951850.107400000","1",NULL,NULL,"84131","files_template.py",NULL,"team page"
"84132",NULL,"49","9876","13808","862","java","1775951853.052500000","1",NULL,NULL,"84132","Laser",NULL,"team page"
"84133",NULL,"49","9644","13114","862","cpp","1775951856.074700000","1",NULL,NULL,"84133",NULL,NULL,"team page"
"84134",NULL,"49","9312","12119","866","cpp","1775951859.126700000","1",NULL,NULL,"84134",NULL,NULL,"team page"
"84135",NULL,"49","10008","14153","866","py3","1775951859.556300000","1",NULL,NULL,"84135","shadows_template.py",NULL,"team page"
"84136",NULL,"49","9357","12253","860","py3","1775951859.644600000","1",NULL,NULL,"84136","calico3.py",NULL,"team page"
"84137",NULL,"49","9892","13856","861","cpp","1775951860.048300000","1",NULL,NULL,"84137",NULL,NULL,"team page"
"84138",NULL,"49","9367","12283","867","cpp","1775951861.320800000","1",NULL,NULL,"84138",NULL,NULL,"team page"
"84139",NULL,"49","9371","12294","859","pypy3","1775951861.777900000","1",NULL,NULL,"84139","piezoelectric_template.py",NULL,"team page"
"84140",NULL,"49","9343","12210","860","pypy3","1775951862.905200000","1",NULL,NULL,"84140","nah_template.py",NULL,"team page"
"84141",NULL,"49","9627","13063","863","cpp","1775951863.116900000","1",NULL,NULL,"84141",NULL,NULL,"team page"
"84142",NULL,"49","9899","13876","861","java","1775951866.839700000","1",NULL,NULL,"84142",NULL,NULL,"team page"
"84143",NULL,"49","9233","11880","861","py3","1775951868.098000000","1",NULL,NULL,"84143","sol.py",NULL,"team page"
"84144",NULL,"49","9537","12792","864","cpp","1775951874.896100000","1",NULL,NULL,"84144",NULL,NULL,"team page"
"84145",NULL,"49","9370","12291","867","cpp","1775951877.241400000","1",NULL,NULL,"84145",NULL,NULL,"team page"
"84146",NULL,"49","9576","12911","867","cpp","1775951877.989900000","1",NULL,NULL,"84146",NULL,NULL,"team page"
"84147",NULL,"49","9357","12254","867","py3","1775951878.216500000","1",NULL,NULL,"84147","problem7.py",NULL,"team page"
"84148",NULL,"49","9815","13624","877","py3","1775951878.979100000","1",NULL,NULL,"84148","lecture.py",NULL,"team page"
"84149",NULL,"49","9614","13023","860","pypy3","1775951879.614100000","1",NULL,NULL,"84149","main.py",NULL,"team page"
"84150",NULL,"49","9654","13144","867","cpp","1775951879.814300000","1",NULL,NULL,"84150",NULL,NULL,"team page"
"84151",NULL,"49","9671","13195","862","pypy3","1775951879.841200000","1",NULL,NULL,"84151","laser_template.py",NULL,"team page"
"84152",NULL,"49","9627","13063","863","cpp","1775951881.089400000","1",NULL,NULL,"84152",NULL,NULL,"team page"
"84153",NULL,"49","10007","14152","863","java","1775951882.939200000","1",NULL,NULL,"84153","Main",NULL,"team page"
"84154",NULL,"49","9795","13565","867","cpp","1775951884.012700000","1",NULL,NULL,"84154",NULL,NULL,"team page"
"84155",NULL,"49","10059","14298","866","cpp","1775951884.353200000","1",NULL,NULL,"84155",NULL,NULL,"team page"
"84156",NULL,"49","9793","13559","867","cpp","1775951884.680000000","1",NULL,NULL,"84156",NULL,NULL,"team page"
"84157",NULL,"49","9640","13102","865","cpp","1775951884.830700000","1",NULL,NULL,"84157",NULL,NULL,"team page"
"84158",NULL,"49","10014","14173","862","cpp","1775951887.218000000","1",NULL,NULL,"84158",NULL,NULL,"team page"
"84160",NULL,"49","9873","13798","859","pypy3","1775951893.992300000","1",NULL,NULL,"84160","piezoelectric.py",NULL,"team page"
"84161",NULL,"49","9983","14078","866","cpp","1775951898.526000000","1",NULL,NULL,"84161",NULL,NULL,"team page"
"84162",NULL,"49","10071","14332","867","cpp","1775951899.810900000","1",NULL,NULL,"84162",NULL,NULL,"team page"
"84163",NULL,"49","9486","12639","861","cpp","1775951900.390700000","1",NULL,NULL,"84163",NULL,NULL,"team page"
"84164",NULL,"49","9372","12299","859","py3","1775951902.252800000","1",NULL,NULL,"84164","main.py",NULL,"team page"
"84165",NULL,"49","9856","13747","861","py3","1775951903.546200000","1",NULL,NULL,"84165","files_template.py",NULL,"team page"
"84166",NULL,"49","9626","13059","859","py3","1775951903.559500000","1",NULL,NULL,"84166","piezoelectric_template.py",NULL,"team page"
"84167",NULL,"49","10042","14247","863","cpp","1775951904.337500000","1",NULL,NULL,"84167",NULL,NULL,"team page"
"84168",NULL,"49","9892","13857","860","py3","1775951907.464400000","1",NULL,NULL,"84168","nah_template.py",NULL,"team page"
"84169",NULL,"49","9636","13090","861","java","1775951909.245000000","1",NULL,NULL,"84169","Main",NULL,"team page"
"84170",NULL,"49","9579","12919","860","py3","1775951909.774600000","1",NULL,NULL,"84170","nah_template.py",NULL,"team page"
"84171",NULL,"49","9568","12885","860","cpp","1775951911.895000000","1",NULL,NULL,"84171",NULL,NULL,"team page"
"84172",NULL,"49","9317","12132","861","cpp","1775951912.911200000","1",NULL,NULL,"84172",NULL,NULL,"team page"
"84173",NULL,"49","9627","13063","863","cpp","1775951913.277400000","1",NULL,NULL,"84173",NULL,NULL,"team page"
"84174",NULL,"49","9743","13411","859","py3","1775951913.723800000","1",NULL,NULL,"84174","p1.py",NULL,"team page"
"84175",NULL,"49","9361","12264","864","py3","1775951914.154000000","1",NULL,NULL,"84175","grid_template.py",NULL,"team page"
"84176",NULL,"49","10029","14206","860","py3","1775951918.823300000","1",NULL,NULL,"84176","nahsol.py",NULL,"team page"
"84177",NULL,"49","9369","12288","865","cpp","1775951922.052300000","1",NULL,NULL,"84177",NULL,NULL,"team page"
"84178",NULL,"49","9857","13751","859","pypy3","1775951925.536300000","1",NULL,NULL,"84178","test.py",NULL,"team page"
"84179",NULL,"49","9281","12024","859","py3","1775951927.487900000","1",NULL,NULL,"84179","answers.py",NULL,"team page"
"84180",NULL,"49","9379","12319","864","cpp","1775951927.875100000","1",NULL,NULL,"84180",NULL,NULL,"team page"
"84181",NULL,"49","9351","12235","864","cpp","1775951928.708000000","1",NULL,NULL,"84181",NULL,NULL,"team page"
"84182",NULL,"49","9296","12070","866","cpp","1775951930.410600000","1",NULL,NULL,"84182",NULL,NULL,"team page"
"84183",NULL,"49","9549","12830","860","cpp","1775951931.355800000","1",NULL,NULL,"84183",NULL,NULL,"team page"
"84184",NULL,"49","9917","13910","861","py3","1775951932.642300000","1",NULL,NULL,"84184","main.py",NULL,"team page"
"84185",NULL,"49","10086","14359","860","cpp","1775951934.071000000","1",NULL,NULL,"84185",NULL,NULL,"team page"
"84186",NULL,"49","9543","12810","862","cpp","1775951934.291600000","1",NULL,NULL,"84186",NULL,NULL,"team page"
"84187",NULL,"49","9435","12487","860","cpp","1775951935.924400000","1",NULL,NULL,"84187",NULL,NULL,"team page"
"84188",NULL,"49","9392","12358","860","cpp","1775951938.145600000","1",NULL,NULL,"84188",NULL,NULL,"team page"
"84189",NULL,"49","9502","12687","873","java","1775951938.182000000","1",NULL,NULL,"84189","ttt",NULL,"team page"
"84190",NULL,"49","9777","13512","866","cpp","1775951938.690200000","1",NULL,NULL,"84190",NULL,NULL,"team page"
"84191",NULL,"49","9362","12267","863","cpp","1775951939.764200000","1",NULL,NULL,"84191",NULL,NULL,"team page"
"84192",NULL,"49","9762","13467","859","py3","1775951942.698300000","1",NULL,NULL,"84192","piezoelectric_template.py",NULL,"team page"
"84193",NULL,"49","9201","11784","873","py3","1775951942.839200000","1",NULL,NULL,"84193","problem10.py",NULL,"team page"
"84194",NULL,"49","10003","14138","860","cpp","1775951943.388500000","1",NULL,NULL,"84194",NULL,NULL,"team page"
"84195",NULL,"49","9350","12231","866","py3","1775951943.581000000","1",NULL,NULL,"84195","Problem6.py",NULL,"team page"
"84196",NULL,"49","9516","12731","872","cpp","1775951947.338900000","1",NULL,NULL,"84196",NULL,NULL,"team page"
"84197",NULL,"49","9644","13114","862","cpp","1775951948.338300000","1",NULL,NULL,"84197",NULL,NULL,"team page"
"84198",NULL,"49","9887","13840","860","py3","1775951948.795800000","1",NULL,NULL,"84198","nah.py",NULL,"team page"
"84199",NULL,"49","9999","14126","867","cpp","1775951952.723400000","1",NULL,NULL,"84199",NULL,NULL,"team page"
"84200",NULL,"49","9681","13225","866","py3","1775951953.793100000","1",NULL,NULL,"84200","problem6.py",NULL,"team page"
"84201",NULL,"49","9732","13377","864","cpp","1775951954.207000000","1",NULL,NULL,"84201",NULL,NULL,"team page"
"84202",NULL,"49","10009","14156","863","cpp","1775951954.967300000","1",NULL,NULL,"84202",NULL,NULL,"team page"
"84203",NULL,"49","9263","11972","865","cpp","1775951955.719200000","1",NULL,NULL,"84203",NULL,NULL,"team page"
"84204",NULL,"49","9600","12981","865","cpp","1775951959.605300000","1",NULL,NULL,"84204",NULL,NULL,"team page"
"84205",NULL,"49","9219","11838","879","cpp","1775951959.634700000","1",NULL,NULL,"84205",NULL,NULL,"team page"
"84206",NULL,"49","9736","13391","861","py3","1775951960.391600000","1",NULL,NULL,"84206","3.py",NULL,"team page"
"84207",NULL,"49","9918","13912","866","cpp","1775951961.748000000","1",NULL,NULL,"84207",NULL,NULL,"team page"
"84208",NULL,"49","10016","14179","860","pypy3","1775951962.342800000","1",NULL,NULL,"84208","Q2.py",NULL,"team page"
"84209",NULL,"49","9376","12309","870","cpp","1775951962.653400000","1",NULL,NULL,"84209",NULL,NULL,"team page"
"84210",NULL,"49","9378","12316","867","py3","1775951965.095600000","1",NULL,NULL,"84210","cross_template.py",NULL,"team page"
"84211",NULL,"49","10036","14227","864","cpp","1775951967.449700000","1",NULL,NULL,"84211",NULL,NULL,"team page"
"84212",NULL,"49","9543","12810","863","cpp","1775951969.177400000","1",NULL,NULL,"84212",NULL,NULL,"team page"
"84213",NULL,"49","9465","12576","865","cpp","1775951969.980700000","1",NULL,NULL,"84213",NULL,NULL,"team page"
"84214",NULL,"49","10059","14298","866","cpp","1775951977.124000000","1",NULL,NULL,"84214",NULL,NULL,"team page"
"84215",NULL,"49","9878","13814","859","java","1775951979.350700000","1",NULL,NULL,"84215","prob1",NULL,"team page"
"84216",NULL,"49","9579","12919","860","py3","1775951980.147600000","1",NULL,NULL,"84216","nah_template.py",NULL,"team page"
"84217",NULL,"49","9709","13308","862","cpp","1775951982.784000000","1",NULL,NULL,"84217",NULL,NULL,"team page"
"84218",NULL,"49","9574","12904","859","py3","1775951983.232800000","1",NULL,NULL,"84218","piezoelectric.py",NULL,"team page"
"84219",NULL,"49","9588","12945","860","java","1775951986.548100000","1",NULL,NULL,"84219","Solution",NULL,"team page"
"84220",NULL,"49","10048","14264","864","cpp","1775951986.685100000","1",NULL,NULL,"84220",NULL,NULL,"team page"
"84221",NULL,"49","9638","13097","860","cpp","1775951989.574100000","1",NULL,NULL,"84221",NULL,NULL,"team page"
"84222",NULL,"49","9899","13876","859","java","1775951990.481900000","1",NULL,NULL,"84222",NULL,NULL,"team page"
"84223",NULL,"49","9376","12309","869","cpp","1775951992.130300000","1",NULL,NULL,"84223",NULL,NULL,"team page"
"84224",NULL,"49","9998","14124","872","cpp","1775951992.178800000","1",NULL,NULL,"84224",NULL,NULL,"team page"
"84225",NULL,"49","9885","13835","864","cpp","1775951992.389800000","1",NULL,NULL,"84225",NULL,NULL,"team page"
"84226",NULL,"49","9654","13143","864","cpp","1775951994.929400000","1",NULL,NULL,"84226",NULL,NULL,"team page"
"84227",NULL,"49","9836","13687","864","py3","1775951996.933100000","1",NULL,NULL,"84227","grid_template.py",NULL,"team page"
"84228",NULL,"49","10051","14273","862","py3","1775951998.519500000","1",NULL,NULL,"84228","laser.py",NULL,"team page"
"84229",NULL,"49","9210","11811","862","pypy3","1775951998.877800000","1",NULL,NULL,"84229","laser_template.py",NULL,"team page"
"84230",NULL,"49","9642","13107","860","java","1775951998.925200000","1",NULL,NULL,"84230","nah",NULL,"team page"
"84231",NULL,"49","9228","11865","859","java","1775952002.345500000","1",NULL,NULL,"84231","Solution",NULL,"team page"
"84232",NULL,"49","9293","12062","873","pypy3","1775952002.609000000","1",NULL,NULL,"84232","nah_template.py",NULL,"team page"
"84233",NULL,"49","10071","14333","862","cpp","1775952002.767500000","1",NULL,NULL,"84233",NULL,NULL,"team page"
"84234",NULL,"49","9296","12070","866","cpp","1775952003.078600000","1",NULL,NULL,"84234",NULL,NULL,"team page"
"84235",NULL,"49","9535","12786","860","cpp","1775952003.199400000","1",NULL,NULL,"84235",NULL,NULL,"team page"
"84236",NULL,"49","9674","13205","861","cpp","1775952003.466200000","1",NULL,NULL,"84236",NULL,NULL,"team page"
"84237",NULL,"49","9537","12792","864","cpp","1775952003.802200000","1",NULL,NULL,"84237",NULL,NULL,"team page"
"84238",NULL,"49","9857","13750","866","py3","1775952006.511200000","1",NULL,NULL,"84238","6.py",NULL,"team page"
"84239",NULL,"49","9543","12811","872","cpp","1775952008.561900000","1",NULL,NULL,"84239",NULL,NULL,"team page"
"84240",NULL,"49","9351","12235","860","cpp","1775952008.925200000","1",NULL,NULL,"84240",NULL,NULL,"team page"
"84241",NULL,"49","9887","13840","860","py3","1775952009.061100000","1",NULL,NULL,"84241","nah.py",NULL,"team page"
"84242",NULL,"49","9592","12957","865","cpp","1775952009.731400000","1",NULL,NULL,"84242",NULL,NULL,"team page"
"84243",NULL,"49","10070","14329","860","cpp","1775952010.218800000","1",NULL,NULL,"84243",NULL,NULL,"team page"
"84244",NULL,"49","9379","12319","865","cpp","1775952012.307100000","1",NULL,NULL,"84244",NULL,NULL,"team page"
"84245",NULL,"49","10060","14299","861","java","1775952013.015500000","1",NULL,NULL,"84245","files",NULL,"team page"
"84246",NULL,"49","10008","14153","866","py3","1775952013.051000000","1",NULL,NULL,"84246","shadows_template.py",NULL,"team page"
"84247",NULL,"49","9598","12975","861","py3","1775952015.849100000","1",NULL,NULL,"84247","files_template.py",NULL,"team page"
"84248",NULL,"49","9982","14076","866","cpp","1775952017.418300000","1",NULL,NULL,"84248",NULL,NULL,"team page"
"84249",NULL,"49","9900","13880","862","py3","1775952018.116400000","1",NULL,NULL,"84249","laser_template.py",NULL,"team page"
"84250",NULL,"49","9807","13600","859","py3","1775952021.804400000","1",NULL,NULL,"84250","problem1.py",NULL,"team page"
"84251",NULL,"49","9201","11784","860","py3","1775952024.374400000","1",NULL,NULL,"84251","problem2.py",NULL,"team page"
"84252",NULL,"49","9930","13949","861","java","1775952026.027500000","1",NULL,NULL,"84252","files",NULL,"team page"
"84253",NULL,"49","9795","13564","863","cpp","1775952029.678800000","1",NULL,NULL,"84253",NULL,NULL,"team page"
"84254",NULL,"49","9478","12615","862","py3","1775952031.175200000","1",NULL,NULL,"84254","laser.py",NULL,"team page"
"84255",NULL,"49","9333","12181","872","cpp","1775952032.409000000","1",NULL,NULL,"84255",NULL,NULL,"team page"
"84256",NULL,"49","10095","14388","859","pypy3","1775952033.542700000","1",NULL,NULL,"84256","piezoelectric_template.py",NULL,"team page"
"84257",NULL,"49","9669","13189","862","py3","1775952034.469200000","1",NULL,NULL,"84257","laser_template.py",NULL,"team page"
"84258",NULL,"49","9711","13314","862","java","1775952035.333400000","1",NULL,NULL,"84258","Main",NULL,"team page"
"84259",NULL,"49","9950","14007","865","cpp","1775952037.777100000","1",NULL,NULL,"84259",NULL,NULL,"team page"
"84260",NULL,"49","9340","12201","866","cpp","1775952038.174300000","1",NULL,NULL,"84260",NULL,NULL,"team page"
"84261",NULL,"49","9892","13857","860","py3","1775952040.028600000","1",NULL,NULL,"84261","nah_template.py",NULL,"team page"
"84262",NULL,"49","10069","14327","859","pypy3","1775952041.226600000","1",NULL,NULL,"84262","1-piezoelectric_main.py",NULL,"team page"
"84263",NULL,"49","9485","12636","865","cpp","1775952041.316900000","1",NULL,NULL,"84263",NULL,NULL,"team page"
"84264",NULL,"49","9709","13308","862","cpp","1775952043.722400000","1",NULL,NULL,"84264",NULL,NULL,"team page"
"84265",NULL,"49","9768","13485","860","cpp","1775952044.900800000","1",NULL,NULL,"84265",NULL,NULL,"team page"
"84266",NULL,"49","9640","13101","862","cpp","1775952044.977600000","1",NULL,NULL,"84266",NULL,NULL,"team page"
"84267",NULL,"49","9309","12108","860","cpp","1775952048.579000000","1",NULL,NULL,"84267",NULL,NULL,"team page"
"84268",NULL,"49","9314","12123","861","cpp","1775952049.112500000","1",NULL,NULL,"84268",NULL,NULL,"team page"
"84269",NULL,"49","9692","13257","860","pypy3","1775952052.453900000","1",NULL,NULL,"84269","problem2.py",NULL,"team page"
"84270",NULL,"49","9566","12880","861","cpp","1775952054.109400000","1",NULL,NULL,"84270",NULL,NULL,"team page"
"84271",NULL,"49","9210","11811","863","pypy3","1775952054.198500000","1",NULL,NULL,"84271","laser_template.py",NULL,"team page"
"84272",NULL,"49","9339","12199","861","cpp","1775952057.736600000","1",NULL,NULL,"84272",NULL,NULL,"team page"
"84273",NULL,"49","9549","12830","860","cpp","1775952058.034400000","1",NULL,NULL,"84273",NULL,NULL,"team page"
"84274",NULL,"49","9526","12759","867","cpp","1775952058.090600000","1",NULL,NULL,"84274",NULL,NULL,"team page"
"84275",NULL,"49","9231","11874","860","py3","1775952059.245700000","1",NULL,NULL,"84275","problem_2.py",NULL,"team page"
"84276",NULL,"49","9641","13106","864","java","1775952059.674500000","1",NULL,NULL,"84276","Solution",NULL,"team page"
"84277",NULL,"49","9748","13426","864","pypy3","1775952059.981600000","1",NULL,NULL,"84277","P5.py",NULL,"team page"
"84278",NULL,"49","9728","13365","860","py3","1775952063.351300000","1",NULL,NULL,"84278","main2.py",NULL,"team page"
"84279",NULL,"49","10050","14269","860","pypy3","1775952066.014800000","1",NULL,NULL,"84279","nah_main.py",NULL,"team page"
"84280",NULL,"49","9340","12201","866","cpp","1775952066.252200000","1",NULL,NULL,"84280",NULL,NULL,"team page"
"84281",NULL,"49","9792","13556","867","cpp","1775952067.207200000","1",NULL,NULL,"84281",NULL,NULL,"team page"
"84282",NULL,"49","10021","14192","863","py3","1775952069.603600000","1",NULL,NULL,"84282","calico4.py",NULL,"team page"
"84283",NULL,"49","9245","11917","868","cpp","1775952069.801600000","1",NULL,NULL,"84283",NULL,NULL,"team page"
"84284",NULL,"49","9734","13385","860","py3","1775952070.472000000","1",NULL,NULL,"84284","prob-nah_main.py",NULL,"team page"
"84285",NULL,"49","9925","13932","864","cpp","1775952070.496300000","1",NULL,NULL,"84285",NULL,NULL,"team page"
"84286",NULL,"49","9485","12636","864","cpp","1775952071.524600000","1",NULL,NULL,"84286",NULL,NULL,"team page"
"84287",NULL,"49","9376","12309","868","cpp","1775952072.270800000","1",NULL,NULL,"84287",NULL,NULL,"team page"
"84288",NULL,"49","9627","13063","863","cpp","1775952073.312300000","1",NULL,NULL,"84288",NULL,NULL,"team page"
"84289",NULL,"49","9756","13449","878","pypy3","1775952073.834400000","1",NULL,NULL,"84289","prob_lec_bonus_main.py",NULL,"team page"
"84290",NULL,"49","9654","13143","864","cpp","1775952074.560400000","1",NULL,NULL,"84290",NULL,NULL,"team page"
"84291",NULL,"49","9256","11949","861","py3","1775952074.980300000","1",NULL,NULL,"84291","problem3.py",NULL,"team page"
"84292",NULL,"49","10098","14395","870","cpp","1775952075.399400000","1",NULL,NULL,"84292",NULL,NULL,"team page"
"84293",NULL,"49","9691","13254","864","cpp","1775952078.825100000","1",NULL,NULL,"84293",NULL,NULL,"team page"
"84294",NULL,"49","9649","13129","862","cpp","1775952080.250500000","1",NULL,NULL,"84294",NULL,NULL,"team page"
"84295",NULL,"49","9743","13411","859","py3","1775952081.002300000","1",NULL,NULL,"84295","p1.py",NULL,"team page"
"84296",NULL,"49","9362","12267","863","cpp","1775952081.769700000","1",NULL,NULL,"84296",NULL,NULL,"team page"
"84297",NULL,"49","9579","12919","860","py3","1775952082.084700000","1",NULL,NULL,"84297","nah_template.py",NULL,"team page"
"84298",NULL,"49","10085","14356","861","cpp","1775952082.135900000","1",NULL,NULL,"84298",NULL,NULL,"team page"
"84299",NULL,"49","9806","13597","872","cpp","1775952086.111600000","1",NULL,NULL,"84299",NULL,NULL,"team page"
"84300",NULL,"49","9806","13597","872","cpp","1775952086.764000000","1",NULL,NULL,"84300",NULL,NULL,"team page"
"84301",NULL,"49","9259","11960","859","cpp","1775952087.108700000","1",NULL,NULL,"84301",NULL,NULL,"team page"
"84302",NULL,"49","10035","14224","861","cpp","1775952087.694300000","1",NULL,NULL,"84302",NULL,NULL,"team page"
"84303",NULL,"49","9726","13360","859","pypy3","1775952087.835800000","1",NULL,NULL,"84303","piezoelectric.py",NULL,"team page"
"84304",NULL,"49","9888","13845","862","pypy3","1775952088.737400000","1",NULL,NULL,"84304","4.py",NULL,"team page"
"84305",NULL,"49","9925","13932","865","cpp","1775952088.861800000","1",NULL,NULL,"84305",NULL,NULL,"team page"
"84306",NULL,"49","9885","13834","862","java","1775952089.122600000","1",NULL,NULL,"84306","Laser",NULL,"team page"
"84307",NULL,"49","9735","13387","866","cpp","1775952091.194200000","1",NULL,NULL,"84307",NULL,NULL,"team page"
"84308",NULL,"49","9345","12216","862","java","1775952091.566300000","1",NULL,NULL,"84308",NULL,NULL,"team page"
"84309",NULL,"49","10051","14273","862","py3","1775952093.184700000","1",NULL,NULL,"84309","laser.py",NULL,"team page"
"84310",NULL,"49","10066","14317","859","pypy3","1775952093.492900000","1",NULL,NULL,"84310","piezoelectric_main.py",NULL,"team page"
"84311",NULL,"49","9408","12407","860","cpp","1775952094.036000000","1",NULL,NULL,"84311",NULL,NULL,"team page"
"84312",NULL,"49","9714","13323","861","py3","1775952094.949500000","1",NULL,NULL,"84312","calido263.py",NULL,"team page"
"84313",NULL,"49","9245","11917","869","cpp","1775952095.308800000","1",NULL,NULL,"84313",NULL,NULL,"team page"
"84314",NULL,"49","9988","14093","862","cpp","1775952095.478900000","1",NULL,NULL,"84314",NULL,NULL,"team page"
"84315",NULL,"49","9830","13670","864","pypy3","1775952096.139000000","1",NULL,NULL,"84315","d.laser.py",NULL,"team page"
"84316",NULL,"49","10067","14320","862","py3","1775952097.841000000","1",NULL,NULL,"84316","gta6.py",NULL,"team page"
"84317",NULL,"49","9786","13539","865","py3","1775952098.360900000","1",NULL,NULL,"84317","gridlocked.py",NULL,"team page"
"84318",NULL,"49","9994","14112","859","java","1775952098.401700000","1",NULL,NULL,"84318","Main",NULL,"team page"
"84319",NULL,"49","9423","12451","864","cpp","1775952099.499800000","1",NULL,NULL,"84319",NULL,NULL,"team page"
"84320",NULL,"49","9516","12729","863","cpp","1775952099.705100000","1",NULL,NULL,"84320",NULL,NULL,"team page"
"84321",NULL,"49","9653","13140","862","cpp","1775952100.425700000","1",NULL,NULL,"84321",NULL,NULL,"team page"
"84322",NULL,"49","9476","12609","860","py3","1775952101.318100000","1",NULL,NULL,"84322","nah_template.py",NULL,"team page"
"84323",NULL,"49","9859","13756","860","cpp","1775952101.399300000","1",NULL,NULL,"84323",NULL,NULL,"team page"
"84324",NULL,"49","9699","13278","864","cpp","1775952101.988500000","1",NULL,NULL,"84324",NULL,NULL,"team page"
"84325",NULL,"49","10003","14138","860","cpp","1775952102.713500000","1",NULL,NULL,"84325",NULL,NULL,"team page"
"84326",NULL,"49","9818","13633","864","cpp","1775952102.766200000","1",NULL,NULL,"84326",NULL,NULL,"team page"
"84327",NULL,"49","10029","14206","860","py3","1775952104.676900000","1",NULL,NULL,"84327","nahsol2.py",NULL,"team page"
"84328",NULL,"49","9732","13379","867","cpp","1775952107.189700000","1",NULL,NULL,"84328",NULL,NULL,"team page"
"84329",NULL,"49","9923","13927","867","cpp","1775952108.698100000","1",NULL,NULL,"84329",NULL,NULL,"team page"
"84330",NULL,"49","9300","12081","865","cpp","1775952109.015300000","1",NULL,NULL,"84330",NULL,NULL,"team page"
"84331",NULL,"49","9432","12477","866","cpp","1775952109.755100000","1",NULL,NULL,"84331",NULL,NULL,"team page"
"84332",NULL,"49","9993","14109","864","cpp","1775952109.858500000","1",NULL,NULL,"84332",NULL,NULL,"team page"
"84333",NULL,"49","9480","12621","860","py3","1775952110.006300000","1",NULL,NULL,"84333","nah_template.py",NULL,"team page"
"84334",NULL,"49","9548","12825","860","cpp","1775952110.497800000","1",NULL,NULL,"84334",NULL,NULL,"team page"
"84335",NULL,"49","9435","12487","860","cpp","1775952112.326900000","1",NULL,NULL,"84335",NULL,NULL,"team page"
"84336",NULL,"49","9626","13060","860","cpp","1775952112.356200000","1",NULL,NULL,"84336",NULL,NULL,"team page"
"84337",NULL,"49","9430","12473","865","py3","1775952113.384900000","1",NULL,NULL,"84337","grid_template.py",NULL,"team page"
"84338",NULL,"49","9892","13857","860","pypy3","1775952115.087700000","1",NULL,NULL,"84338","nah_template.py",NULL,"team page"
"84339",NULL,"49","9293","12062","873","pypy3","1775952117.994300000","1",NULL,NULL,"84339","nah_template.py",NULL,"team page"
"84340",NULL,"49","9355","12246","859","py3","1775952118.629500000","1",NULL,NULL,"84340","piezoelectric.py",NULL,"team page"
"84341",NULL,"49","9627","13063","863","cpp","1775952120.477400000","1",NULL,NULL,"84341",NULL,NULL,"team page"
"84342",NULL,"49","9649","13129","862","cpp","1775952120.553700000","1",NULL,NULL,"84342",NULL,NULL,"team page"
"84343",NULL,"49","10005","14144","861","cpp","1775952122.900000000","1",NULL,NULL,"84343",NULL,NULL,"team page"
"84344",NULL,"49","9887","13840","860","py3","1775952124.781800000","1",NULL,NULL,"84344","nah.py",NULL,"team page"
"84345",NULL,"49","9667","13182","864","py3","1775952127.629500000","1",NULL,NULL,"84345","grid_template.py",NULL,"team page"
"84346",NULL,"49","9988","14093","862","cpp","1775952131.069300000","1",NULL,NULL,"84346",NULL,NULL,"team page"
"84347",NULL,"49","10090","14372","868","cpp","1775952131.815100000","1",NULL,NULL,"84347",NULL,NULL,"team page"
"84348",NULL,"49","9462","12567","864","java","1775952132.565900000","1",NULL,NULL,"84348","Solution",NULL,"team page"
"84349",NULL,"49","9574","12904","859","py3","1775952135.400600000","1",NULL,NULL,"84349","piezoelectric.py",NULL,"team page"
"84350",NULL,"49","10014","14173","862","cpp","1775952136.867800000","1",NULL,NULL,"84350",NULL,NULL,"team page"
"84351",NULL,"49","9275","12006","864","py3","1775952138.029000000","1",NULL,NULL,"84351","grid_template.py",NULL,"team page"
"84352",NULL,"49","9533","12780","864","java","1775952138.174500000","1",NULL,NULL,"84352","Grid",NULL,"team page"
"84353",NULL,"49","9526","12759","867","cpp","1775952138.672100000","1",NULL,NULL,"84353",NULL,NULL,"team page"
"84354",NULL,"49","9361","12264","864","py3","1775952144.422300000","1",NULL,NULL,"84354","grid_template.py",NULL,"team page"
"84355",NULL,"49","9398","12375","859","cpp","1775952145.498200000","1",NULL,NULL,"84355",NULL,NULL,"team page"
"84356",NULL,"49","9398","12375","859","cpp","1775952145.680600000","1",NULL,NULL,"84356",NULL,NULL,"team page"
"84357",NULL,"49","9343","12211","868","cpp","1775952145.734600000","1",NULL,NULL,"84357",NULL,NULL,"team page"
"84358",NULL,"49","9816","13628","861","pypy3","1775952147.816700000","1",NULL,NULL,"84358","files_template.py",NULL,"team page"
"84359",NULL,"49","9897","13872","864","py3","1775952148.780600000","1",NULL,NULL,"84359","GridFill.py",NULL,"team page"
"84360",NULL,"49","9537","12792","864","cpp","1775952149.095500000","1",NULL,NULL,"84360",NULL,NULL,"team page"
"84361",NULL,"49","9991","14102","859","pypy3","1775952150.630000000","1",NULL,NULL,"84361","problem1.py",NULL,"team page"
"84362",NULL,"49","9780","13521","860","cpp","1775952153.922100000","1",NULL,NULL,"84362",NULL,NULL,"team page"
"84363",NULL,"49","9293","12062","860","pypy3","1775952153.978900000","1",NULL,NULL,"84363","nah_template.py",NULL,"team page"
"84364",NULL,"49","9904","13893","860","cpp","1775952154.096100000","1",NULL,NULL,"84364",NULL,NULL,"team page"
"84365",NULL,"49","9681","13226","865","cpp","1775952155.943900000","1",NULL,NULL,"84365",NULL,NULL,"team page"
"84366",NULL,"49","10015","14174","866","py3","1775952156.627100000","1",NULL,NULL,"84366","main.py",NULL,"team page"
"84367",NULL,"49","10083","14351","860","py3","1775952159.781700000","1",NULL,NULL,"84367","nah_template.py",NULL,"team page"
"84368",NULL,"49","9671","13195","863","pypy3","1775952159.935000000","1",NULL,NULL,"84368","laser_template.py",NULL,"team page"
"84369",NULL,"49","9275","12006","865","py3","1775952159.963200000","1",NULL,NULL,"84369","grid_template.py",NULL,"team page"
"84370",NULL,"49","9654","13144","867","cpp","1775952160.008200000","1",NULL,NULL,"84370",NULL,NULL,"team page"
"84371",NULL,"49","9343","12211","869","cpp","1775952160.022500000","1",NULL,NULL,"84371",NULL,NULL,"team page"
"84372",NULL,"49","9854","13741","859","py3","1775952161.351800000","1",NULL,NULL,"84372","solution.py",NULL,"team page"
"84373",NULL,"49","9562","12867","865","cpp","1775952162.529200000","1",NULL,NULL,"84373",NULL,NULL,"team page"
"84374",NULL,"49","9686","13239","859","py3","1775952162.865500000","1",NULL,NULL,"84374","1.py",NULL,"team page"
"84375",NULL,"49","9618","13035","862","java","1775952165.343800000","1",NULL,NULL,"84375","laser",NULL,"team page"
"84376",NULL,"49","9462","12567","865","java","1775952171.355500000","1",NULL,NULL,"84376","Solution",NULL,"team page"
"84377",NULL,"49","9376","12309","863","cpp","1775952173.131300000","1",NULL,NULL,"84377",NULL,NULL,"team page"
"84378",NULL,"49","9887","13841","861","py3","1775952173.341800000","1",NULL,NULL,"84378","gta6.py",NULL,"team page"
"84379",NULL,"49","9549","12830","860","cpp","1775952174.769400000","1",NULL,NULL,"84379",NULL,NULL,"team page"
"84380",NULL,"49","10000","14129","860","cpp","1775952175.271200000","1",NULL,NULL,"84380",NULL,NULL,"team page"
"84381",NULL,"49","9998","14124","869","cpp","1775952178.482800000","1",NULL,NULL,"84381",NULL,NULL,"team page"
"84382",NULL,"49","10035","14225","862","py3","1775952178.964100000","1",NULL,NULL,"84382","laser.py",NULL,"team page"
"84383",NULL,"49","9937","13969","867","cpp","1775952182.444400000","1",NULL,NULL,"84383",NULL,NULL,"team page"
"84384",NULL,"49","9893","13860","860","py3","1775952182.577100000","1",NULL,NULL,"84384","nah_template.py",NULL,"team page"
"84385",NULL,"49","9735","13388","864","cpp","1775952182.962600000","1",NULL,NULL,"84385",NULL,NULL,"team page"
"84386",NULL,"49","9735","13387","866","cpp","1775952183.456000000","1",NULL,NULL,"84386",NULL,NULL,"team page"
"84387",NULL,"49","9562","12869","862","cpp","1775952184.268800000","1",NULL,NULL,"84387",NULL,NULL,"team page"
"84388",NULL,"49","9998","14123","860","py3","1775952184.538700000","1",NULL,NULL,"84388","exam2.1.py",NULL,"team page"
"84389",NULL,"49","9589","12948","866","cpp","1775952185.794500000","1",NULL,NULL,"84389",NULL,NULL,"team page"
"84390",NULL,"49","9322","12147","866","cpp","1775952186.290100000","1",NULL,NULL,"84390",NULL,NULL,"team page"
"84391",NULL,"49","9368","12286","862","cpp","1775952186.381700000","1",NULL,NULL,"84391",NULL,NULL,"team page"
"84392",NULL,"49","9355","12246","859","py3","1775952188.808200000","1",NULL,NULL,"84392","piezoelectric.py",NULL,"team page"
"84393",NULL,"49","9850","13729","862","py3","1775952191.131200000","1",NULL,NULL,"84393","laser_template.py",NULL,"team page"
"84394",NULL,"49","9245","11917","869","cpp","1775952191.703000000","1",NULL,NULL,"84394",NULL,NULL,"team page"
"84395",NULL,"49","9735","13388","865","cpp","1775952192.256400000","1",NULL,NULL,"84395",NULL,NULL,"team page"
"84396",NULL,"49","9571","12894","861","py3","1775952192.670900000","1",NULL,NULL,"84396","solution.py",NULL,"team page"
"84397",NULL,"49","9345","12216","862","py3","1775952193.214000000","1",NULL,NULL,"84397","laser_template.py",NULL,"team page"
"84398",NULL,"49","10005","14144","861","cpp","1775952194.270200000","1",NULL,NULL,"84398",NULL,NULL,"team page"
"84399",NULL,"49","9696","13269","862","cpp","1775952196.226400000","1",NULL,NULL,"84399",NULL,NULL,"team page"
"84400",NULL,"49","10059","14298","866","cpp","1775952197.225000000","1",NULL,NULL,"84400",NULL,NULL,"team page"
"84401",NULL,"49","9313","12120","865","py3","1775952197.511700000","1",NULL,NULL,"84401","entertaining-wing-779.py",NULL,"team page"
"84402",NULL,"49","9879","13816","864","cpp","1775952197.817800000","1",NULL,NULL,"84402",NULL,NULL,"team page"
"84403",NULL,"49","10007","14151","859","py3","1775952198.371400000","1",NULL,NULL,"84403","q6.py",NULL,"team page"
"84404",NULL,"49","9544","12815","864","cpp","1775952198.947200000","1",NULL,NULL,"84404",NULL,NULL,"team page"
"84405",NULL,"49","9882","13825","860","cpp","1775952199.509300000","1",NULL,NULL,"84405",NULL,NULL,"team page"
"84406",NULL,"49","9892","13855","859","pypy3","1775952200.260500000","1",NULL,NULL,"84406","1.py",NULL,"team page"
"84407",NULL,"49","9729","13369","860","py3","1775952202.334800000","1",NULL,NULL,"84407","main.py",NULL,"team page"
"84408",NULL,"49","10038","14233","861","py3","1775952203.140400000","1",NULL,NULL,"84408","files_template.py",NULL,"team page"
"84409",NULL,"49","10021","14192","863","py3","1775952205.025600000","1",NULL,NULL,"84409","calico4.py",NULL,"team page"
"84410",NULL,"49","9465","12576","865","cpp","1775952205.593700000","1",NULL,NULL,"84410",NULL,NULL,"team page"
"84411",NULL,"49","9366","12281","862","py3","1775952206.335200000","1",NULL,NULL,"84411","4bb1.py",NULL,"team page"
"84412",NULL,"49","9726","13360","859","pypy3","1775952213.724500000","1",NULL,NULL,"84412","piezoelectric.py",NULL,"team page"
"84413",NULL,"49","9355","12246","859","py3","1775952214.501900000","1",NULL,NULL,"84413","piezoelectric.py",NULL,"team page"
"84414",NULL,"49","9376","12311","867","cpp","1775952215.837300000","1",NULL,NULL,"84414",NULL,NULL,"team page"
"84415",NULL,"49","9998","14124","869","cpp","1775952216.119100000","1",NULL,NULL,"84415",NULL,NULL,"team page"
"84416",NULL,"49","10058","14293","861","py3","1775952216.353200000","1",NULL,NULL,"84416","files.py",NULL,"team page"
"84417",NULL,"49","10004","14141","859","pypy3","1775952217.634400000","1",NULL,NULL,"84417","t412a.py",NULL,"team page"
"84418",NULL,"49","9710","13312","867","cpp","1775952218.020700000","1",NULL,NULL,"84418",NULL,NULL,"team page"
"84419",NULL,"49","9635","13087","860","java","1775952218.731700000","1",NULL,NULL,"84419",NULL,NULL,"team page"
"84420",NULL,"49","9370","12292","863","cpp","1775952218.972600000","1",NULL,NULL,"84420",NULL,NULL,"team page"
"84421",NULL,"49","9435","12488","860","py3","1775952220.045600000","1",NULL,NULL,"84421","nah_template.py",NULL,"team page"
"84422",NULL,"49","9694","13263","862","cpp","1775952221.475400000","1",NULL,NULL,"84422",NULL,NULL,"team page"
"84423",NULL,"49","9897","13872","865","py3","1775952221.907400000","1",NULL,NULL,"84423","GridFill.py",NULL,"team page"
"84424",NULL,"49","9422","12448","862","py3","1775952223.459600000","1",NULL,NULL,"84424","laser_template.py",NULL,"team page"
"84425",NULL,"49","9639","13099","862","cpp","1775952229.157200000","1",NULL,NULL,"84425",NULL,NULL,"team page"
"84426",NULL,"49","9362","12268","864","cpp","1775952230.421200000","1",NULL,NULL,"84426",NULL,NULL,"team page"
"84427",NULL,"49","9600","12981","865","cpp","1775952230.673600000","1",NULL,NULL,"84427",NULL,NULL,"team page"
"84428",NULL,"49","9362","12267","863","cpp","1775952231.252000000","1",NULL,NULL,"84428",NULL,NULL,"team page"
"84429",NULL,"49","9818","13635","862","pypy3","1775952233.813000000","1",NULL,NULL,"84429","laser.py",NULL,"team page"
"84430",NULL,"49","9795","13566","868","cpp","1775952235.575500000","1",NULL,NULL,"84430",NULL,NULL,"team page"
"84431",NULL,"49","9840","13700","872","cpp","1775952236.570200000","1",NULL,NULL,"84431",NULL,NULL,"team page"
"84432",NULL,"49","9625","13056","866","cpp","1775952236.719300000","1",NULL,NULL,"84432",NULL,NULL,"team page"
"84433",NULL,"49","9447","12522","862","cpp","1775952237.394200000","1",NULL,NULL,"84433",NULL,NULL,"team page"
"84434",NULL,"49","9431","12474","864","py3","1775952237.542000000","1",NULL,NULL,"84434","calico.py",NULL,"team page"
"84435",NULL,"49","9780","13521","860","cpp","1775952239.523300000","1",NULL,NULL,"84435",NULL,NULL,"team page"
"84436",NULL,"49","9879","13816","864","cpp","1775952239.659400000","1",NULL,NULL,"84436",NULL,NULL,"team page"
"84437",NULL,"49","9543","12811","872","cpp","1775952240.607500000","1",NULL,NULL,"84437",NULL,NULL,"team page"
"84438",NULL,"49","9836","13687","864","py3","1775952243.683400000","1",NULL,NULL,"84438","grid_template.py",NULL,"team page"
"84439",NULL,"49","10097","14394","862","py3","1775952244.290700000","1",NULL,NULL,"84439","first.py",NULL,"team page"
"84440",NULL,"49","9999","14126","867","cpp","1775952244.346000000","1",NULL,NULL,"84440",NULL,NULL,"team page"
"84441",NULL,"49","9884","13831","861","py3","1775952245.884900000","1",NULL,NULL,"84441","4.py",NULL,"team page"
"84442",NULL,"49","9516","12730","861","py3","1775952246.788400000","1",NULL,NULL,"84442","all.py",NULL,"team page"
"84443",NULL,"49","9795","13566","869","cpp","1775952248.663800000","1",NULL,NULL,"84443",NULL,NULL,"team page"
"84444",NULL,"49","9846","13717","859","py3","1775952249.967400000","1",NULL,NULL,"84444","piezoelectric.py",NULL,"team page"
"84445",NULL,"49","9779","13518","872","cpp","1775952250.845000000","1",NULL,NULL,"84445",NULL,NULL,"team page"
"84446",NULL,"49","9366","12279","864","pypy3","1775952251.103100000","1",NULL,NULL,"84446","p5.py",NULL,"team page"
"84447",NULL,"49","9993","14109","864","cpp","1775952253.252000000","1",NULL,NULL,"84447",NULL,NULL,"team page"
"84448",NULL,"49","9607","13003","860","java","1775952253.810400000","1",NULL,NULL,"84448","Solution",NULL,"team page"
"84449",NULL,"49","9569","12889","859","cpp","1775952254.293400000","1",NULL,NULL,"84449",NULL,NULL,"team page"
"84450",NULL,"49","10051","14272","877","py3","1775952255.761900000","1",NULL,NULL,"84450","lecture_template.py",NULL,"team page"
"84451",NULL,"49","10000","14129","860","cpp","1775952256.135500000","1",NULL,NULL,"84451",NULL,NULL,"team page"
"84452",NULL,"49","10000","14129","860","cpp","1775952257.272000000","1",NULL,NULL,"84452",NULL,NULL,"team page"
"84453",NULL,"49","10008","14153","866","py3","1775952257.336600000","1",NULL,NULL,"84453","shadows_template.py",NULL,"team page"
"84454",NULL,"49","9611","13014","860","py3","1775952258.914300000","1",NULL,NULL,"84454","nah_template.py",NULL,"team page"
"84455",NULL,"49","9566","12880","861","cpp","1775952260.008600000","1",NULL,NULL,"84455",NULL,NULL,"team page"
"84456",NULL,"49","9937","13969","867","cpp","1775952260.607700000","1",NULL,NULL,"84456",NULL,NULL,"team page"
"84457",NULL,"49","9692","13257","860","py3","1775952260.641700000","1",NULL,NULL,"84457","problem2.py",NULL,"team page"
"84458",NULL,"49","9486","12639","863","cpp","1775952262.003200000","1",NULL,NULL,"84458",NULL,NULL,"team page"
"84459",NULL,"49","9902","13885","864","py3","1775952262.148300000","1",NULL,NULL,"84459","5.py",NULL,"team page"
"84460",NULL,"49","9474","12604","860","cpp","1775952262.674100000","1",NULL,NULL,"84460",NULL,NULL,"team page"
"84461",NULL,"49","9879","13816","865","cpp","1775952263.248300000","1",NULL,NULL,"84461",NULL,NULL,"team page"
"84462",NULL,"49","9655","13146","860","java","1775952264.126800000","1",NULL,NULL,"84462","Main",NULL,"team page"
"84463",NULL,"49","9430","12473","865","py3","1775952265.359100000","1",NULL,NULL,"84463","grid_template.py",NULL,"team page"
"84464",NULL,"49","9544","12814","862","cpp","1775952267.739700000","1",NULL,NULL,"84464",NULL,NULL,"team page"
"84465",NULL,"49","10007","14152","859","java","1775952268.149100000","1",NULL,NULL,"84465","Main",NULL,"team page"
"84466",NULL,"49","9746","13420","860","py3","1775952268.597600000","1",NULL,NULL,"84466","nah.py",NULL,"team page"
"84467",NULL,"49","9571","12894","861","py3","1775952269.927500000","1",NULL,NULL,"84467","solution.py",NULL,"team page"
"84468",NULL,"49","10015","14174","866","py3","1775952272.658700000","1",NULL,NULL,"84468","main.py",NULL,"team page"
"84469",NULL,"49","9691","13254","865","cpp","1775952273.508500000","1",NULL,NULL,"84469",NULL,NULL,"team page"
"84470",NULL,"49","9476","12609","860","py3","1775952273.606700000","1",NULL,NULL,"84470","nah_template.py",NULL,"team page"
"84471",NULL,"49","9902","13885","865","py3","1775952274.496200000","1",NULL,NULL,"84471","5.py",NULL,"team page"
"84472",NULL,"49","9894","13862","860","cpp","1775952274.693500000","1",NULL,NULL,"84472",NULL,NULL,"team page"
"84473",NULL,"49","9879","13816","862","cpp","1775952275.024900000","1",NULL,NULL,"84473",NULL,NULL,"team page"
"84474",NULL,"49","9581","12924","860","py3","1775952275.476700000","1",NULL,NULL,"84474","test.py",NULL,"team page"
"84475",NULL,"49","10019","14187","860","cpp","1775952275.656800000","1",NULL,NULL,"84475",NULL,NULL,"team page"
"84476",NULL,"49","9389","12348","878","py3","1775952275.717100000","1",NULL,NULL,"84476","lecture_bonus.py",NULL,"team page"
"84477",NULL,"49","9732","13379","867","cpp","1775952277.218000000","1",NULL,NULL,"84477",NULL,NULL,"team page"
"84478",NULL,"49","9993","14109","865","cpp","1775952278.854000000","1",NULL,NULL,"84478",NULL,NULL,"team page"
"84479",NULL,"49","9499","12678","867","py3","1775952279.286600000","1",NULL,NULL,"84479","main.py",NULL,"team page"
"84480",NULL,"49","9215","11827","860","py3","1775952281.042800000","1",NULL,NULL,"84480","calico.py",NULL,"team page"
"84481",NULL,"49","9635","13087","860","java","1775952282.051300000","1",NULL,NULL,"84481","gojo",NULL,"team page"
"84482",NULL,"49","9543","12810","863","cpp","1775952285.625400000","1",NULL,NULL,"84482",NULL,NULL,"team page"
"84483",NULL,"49","9736","13391","861","py3","1775952286.758700000","1",NULL,NULL,"84483","3.py",NULL,"team page"
"84484",NULL,"49","10070","14329","860","cpp","1775952286.878200000","1",NULL,NULL,"84484",NULL,NULL,"team page"
"84485",NULL,"49","9779","13518","872","cpp","1775952287.981000000","1",NULL,NULL,"84485",NULL,NULL,"team page"
"84486",NULL,"49","9779","13518","872","cpp","1775952288.677700000","1",NULL,NULL,"84486",NULL,NULL,"team page"
"84487",NULL,"49","9217","11832","862","cpp","1775952290.625300000","1",NULL,NULL,"84487",NULL,NULL,"team page"
"84488",NULL,"49","9293","12062","860","pypy3","1775952291.711700000","1",NULL,NULL,"84488","nah_template.py",NULL,"team page"
"84489",NULL,"49","9360","12261","860","py3","1775952292.766800000","1",NULL,NULL,"84489","nah_template.py",NULL,"team page"
"84490",NULL,"49","9478","12615","863","py3","1775952294.002400000","1",NULL,NULL,"84490","laser.py",NULL,"team page"
"84491",NULL,"49","10010","14159","860","py3","1775952298.962600000","1",NULL,NULL,"84491","nah_template.py",NULL,"team page"
"84492",NULL,"49","9694","13263","863","cpp","1775952301.238900000","1",NULL,NULL,"84492",NULL,NULL,"team page"
"84493",NULL,"49","9362","12267","863","cpp","1775952304.701000000","1",NULL,NULL,"84493",NULL,NULL,"team page"
"84494",NULL,"49","9777","13513","865","cpp","1775952305.072200000","1",NULL,NULL,"84494",NULL,NULL,"team page"
"84495",NULL,"49","9858","13755","879","py3","1775952308.046900000","1",NULL,NULL,"84495","12.py",NULL,"team page"
"84496",NULL,"49","9830","13669","867","py3","1775952308.130200000","1",NULL,NULL,"84496","G.py",NULL,"team page"
"84497",NULL,"49","9376","12309","869","cpp","1775952308.928200000","1",NULL,NULL,"84497",NULL,NULL,"team page"
"84498",NULL,"49","9918","13912","866","cpp","1775952309.100800000","1",NULL,NULL,"84498",NULL,NULL,"team page"
"84499",NULL,"49","9982","14075","864","cpp","1775952309.078100000","1",NULL,NULL,"84499",NULL,NULL,"team page"
"84500",NULL,"49","10049","14267","859","py3","1775952310.992400000","1",NULL,NULL,"84500","CALICO.py",NULL,"team page"
"84501",NULL,"49","9632","13077","864","cpp","1775952311.504400000","1",NULL,NULL,"84501",NULL,NULL,"team page"
"84502",NULL,"49","10098","14396","862","py3","1775952311.709400000","1",NULL,NULL,"84502","asteroid.py",NULL,"team page"
"84503",NULL,"49","9761","13464","862","cpp","1775952313.759200000","1",NULL,NULL,"84503",NULL,NULL,"team page"
"84504",NULL,"49","9876","13807","867","py3","1775952313.890600000","1",NULL,NULL,"84504","cross.py",NULL,"team page"
"84505",NULL,"49","10051","14273","863","py3","1775952314.304900000","1",NULL,NULL,"84505","laser_b.py",NULL,"team page"
"84506",NULL,"49","9474","12603","864","cpp","1775952314.837200000","1",NULL,NULL,"84506",NULL,NULL,"team page"
"84507",NULL,"49","9253","11940","864","cpp","1775952315.371600000","1",NULL,NULL,"84507",NULL,NULL,"team page"
"84508",NULL,"49","9614","13023","867","py3","1775952316.676500000","1",NULL,NULL,"84508","main.py",NULL,"team page"
"84509",NULL,"49","10006","14148","861","java","1775952323.703700000","1",NULL,NULL,"84509","UKCC.Main",NULL,"team page"
"84510",NULL,"49","9313","12121","863","cpp","1775952327.120500000","1",NULL,NULL,"84510",NULL,NULL,"team page"
"84511",NULL,"49","10070","14329","860","cpp","1775952329.088200000","1",NULL,NULL,"84511",NULL,NULL,"team page"
"84512",NULL,"49","9373","12302","866","cpp","1775952330.832400000","1",NULL,NULL,"84512",NULL,NULL,"team page"
"84513",NULL,"49","9982","14075","865","cpp","1775952331.822400000","1",NULL,NULL,"84513",NULL,NULL,"team page"
"84514",NULL,"49","9263","11970","867","cpp","1775952332.015700000","1",NULL,NULL,"84514",NULL,NULL,"team page"
"84515",NULL,"49","9641","13106","865","java","1775952332.110800000","1",NULL,NULL,"84515","Solution",NULL,"team page"
"84516",NULL,"49","9918","13912","866","cpp","1775952332.501100000","1",NULL,NULL,"84516",NULL,NULL,"team page"
"84517",NULL,"49","9748","13427","865","pypy3","1775952333.043100000","1",NULL,NULL,"84517","P5a.py",NULL,"team page"
"84518",NULL,"49","9717","13333","862","cpp","1775952333.397500000","1",NULL,NULL,"84518",NULL,NULL,"team page"
"84519",NULL,"49","9761","13464","863","cpp","1775952334.023900000","1",NULL,NULL,"84519",NULL,NULL,"team page"
"84520",NULL,"49","9638","13097","860","cpp","1775952335.160600000","1",NULL,NULL,"84520",NULL,NULL,"team page"
"84521",NULL,"49","9432","12477","867","cpp","1775952335.368100000","1",NULL,NULL,"84521",NULL,NULL,"team page"
"84522",NULL,"49","10015","14174","860","py3","1775952337.356900000","1",NULL,NULL,"84522","main.py",NULL,"team page"
"84523",NULL,"49","9302","12088","867","cpp","1775952337.969100000","1",NULL,NULL,"84523",NULL,NULL,"team page"
"84524",NULL,"49","9490","12653","860","cpp","1775952339.044000000","1",NULL,NULL,"84524",NULL,NULL,"team page"
"84525",NULL,"49","9899","13878","862","java","1775952339.818300000","1",NULL,NULL,"84525",NULL,NULL,"team page"
"84526",NULL,"49","9655","13146","860","java","1775952343.267200000","1",NULL,NULL,"84526","Main",NULL,"team page"
"84527",NULL,"49","9421","12444","862","cpp","1775952344.424500000","1",NULL,NULL,"84527",NULL,NULL,"team page"
"84528",NULL,"49","9292","12057","859","py3","1775952347.095500000","1",NULL,NULL,"84528","prob1.py",NULL,"team page"
"84529",NULL,"49","9716","13329","862","py3","1775952347.430500000","1",NULL,NULL,"84529","laser_template.py",NULL,"team page"
"84530",NULL,"49","9587","12943","859","cpp","1775952348.924100000","1",NULL,NULL,"84530",NULL,NULL,"team page"
"84531",NULL,"49","9717","13333","863","cpp","1775952348.983500000","1",NULL,NULL,"84531",NULL,NULL,"team page"
"84532",NULL,"49","9866","13778","859","py3","1775952350.445900000","1",NULL,NULL,"84532","piezoelectric_template.py",NULL,"team page"
"84533",NULL,"49","9600","12981","860","cpp","1775952355.101900000","1",NULL,NULL,"84533",NULL,NULL,"team page"
"84534",NULL,"49","9815","13624","879","py3","1775952355.833200000","1",NULL,NULL,"84534","multiplication.py",NULL,"team page"
"84535",NULL,"49","9917","13909","866","pypy3","1775952355.992200000","1",NULL,NULL,"84535","6.py",NULL,"team page"
"84536",NULL,"49","9584","12935","860","pypy3","1775952357.421200000","1",NULL,NULL,"84536","nah-mai.py",NULL,"team page"
"84537",NULL,"49","9201","11784","877","py3","1775952362.458900000","1",NULL,NULL,"84537","problem11.py",NULL,"team page"
"84538",NULL,"49","9245","11917","869","cpp","1775952363.036900000","1",NULL,NULL,"84538",NULL,NULL,"team page"
"84539",NULL,"49","10083","14351","860","py3","1775952365.842200000","1",NULL,NULL,"84539","nah_template.py",NULL,"team page"
"84540",NULL,"49","9779","13518","872","cpp","1775952365.922100000","1",NULL,NULL,"84540",NULL,NULL,"team page"
"84541",NULL,"49","9950","14008","862","cpp","1775952366.942200000","1",NULL,NULL,"84541",NULL,NULL,"team page"
"84542",NULL,"49","10070","14329","860","cpp","1775952366.943800000","1",NULL,NULL,"84542",NULL,NULL,"team page"
"84543",NULL,"49","10029","14207","872","py3","1775952369.357400000","1",NULL,NULL,"84543","splitter.py",NULL,"team page"
"84544",NULL,"49","9562","12868","867","cpp","1775952369.363900000","1",NULL,NULL,"84544",NULL,NULL,"team page"
"84545",NULL,"49","9362","12268","865","cpp","1775952369.894900000","1",NULL,NULL,"84545",NULL,NULL,"team page"
"84546",NULL,"49","9894","13862","860","cpp","1775952371.519800000","1",NULL,NULL,"84546",NULL,NULL,"team page"
"84547",NULL,"49","9668","13185","868","cpp","1775952372.913600000","1",NULL,NULL,"84547",NULL,NULL,"team page"
"84548",NULL,"49","9785","13536","859","py3","1775952372.949900000","1",NULL,NULL,"84548","calico_problem_1.py",NULL,"team page"
"84549",NULL,"49","9282","12027","864","cpp","1775952373.214800000","1",NULL,NULL,"84549",NULL,NULL,"team page"
"84550",NULL,"49","9535","12786","861","cpp","1775952377.430400000","1",NULL,NULL,"84550",NULL,NULL,"team page"
"84551",NULL,"49","9334","12183","861","pypy3","1775952378.597200000","1",NULL,NULL,"84551","p1.py",NULL,"team page"
"84552",NULL,"49","9691","13254","865","cpp","1775952379.616600000","1",NULL,NULL,"84552",NULL,NULL,"team page"
"84553",NULL,"49","9436","12489","862","java","1775952379.958200000","1",NULL,NULL,"84553","Q4",NULL,"team page"
"84554",NULL,"49","9795","13566","868","cpp","1775952384.275100000","1",NULL,NULL,"84554",NULL,NULL,"team page"
"84555",NULL,"49","9839","13696","859","py3","1775952386.739700000","1",NULL,NULL,"84555","1st.py",NULL,"team page"
"84556",NULL,"49","9476","12609","860","py3","1775952386.853500000","1",NULL,NULL,"84556","nah_template.py",NULL,"team page"
"84557",NULL,"49","9528","12766","859","java","1775952387.167300000","1",NULL,NULL,"84557","calico.japanscanner",NULL,"team page"
"84558",NULL,"49","9611","13014","860","py3","1775952391.477800000","1",NULL,NULL,"84558","nah_template.py",NULL,"team page"
"84559",NULL,"49","10007","14151","860","py3","1775952391.670400000","1",NULL,NULL,"84559","q6.py",NULL,"team page"
"84560",NULL,"49","9392","12358","861","cpp","1775952392.228900000","1",NULL,NULL,"84560",NULL,NULL,"team page"
"84561",NULL,"49","9315","12126","861","java","1775952393.174000000","1",NULL,NULL,"84561","C",NULL,"team page"
"84562",NULL,"49","9544","12813","867","cpp","1775952394.098300000","1",NULL,NULL,"84562",NULL,NULL,"team page"
"84563",NULL,"49","9896","13867","864","cpp","1775952394.344600000","1",NULL,NULL,"84563",NULL,NULL,"team page"
"84564",NULL,"49","9836","13687","865","py3","1775952394.819400000","1",NULL,NULL,"84564","grid_template.py",NULL,"team page"
"84565",NULL,"49","10019","14187","860","cpp","1775952401.419500000","1",NULL,NULL,"84565",NULL,NULL,"team page"
"84566",NULL,"49","9665","13176","861","pypy3","1775952410.765000000","1",NULL,NULL,"84566","Big.py",NULL,"team page"
"84567",NULL,"49","10007","14152","860","java","1775952410.855400000","1",NULL,NULL,"84567","Main",NULL,"team page"
"84568",NULL,"49","9925","13933","877","py3","1775952412.549300000","1",NULL,NULL,"84568","example9.py",NULL,"team page"
"84569",NULL,"49","9378","12315","868","py3","1775952413.682200000","1",NULL,NULL,"84569","mycelium_template.py",NULL,"team page"
"84570",NULL,"49","9949","14006","860","py3","1775952415.827000000","1",NULL,NULL,"84570","nah.py",NULL,"team page"
"84571",NULL,"49","9886","13837","859","java","1775952417.314900000","1",NULL,NULL,"84571",NULL,NULL,"team page"
"84572",NULL,"49","9796","13567","859","py3","1775952417.754500000","1",NULL,NULL,"84572","app.py",NULL,"team page"
"84573",NULL,"49","9251","11936","862","py3","1775952418.844700000","1",NULL,NULL,"84573","astroid.py",NULL,"team page"
"84574",NULL,"49","9301","12085","864","cpp","1775952422.408200000","1",NULL,NULL,"84574",NULL,NULL,"team page"
"84575",NULL,"49","10082","14347","860","java","1775952424.598600000","1",NULL,NULL,"84575","Solution",NULL,"team page"
"84576",NULL,"49","9897","13870","861","py3","1775952425.181300000","1",NULL,NULL,"84576","q3.py",NULL,"team page"
"84577",NULL,"49","9368","12286","862","cpp","1775952429.412300000","1",NULL,NULL,"84577",NULL,NULL,"team page"
"84578",NULL,"49","9625","13056","867","cpp","1775952429.792300000","1",NULL,NULL,"84578",NULL,NULL,"team page"
"84579",NULL,"49","9379","12319","862","cpp","1775952430.176900000","1",NULL,NULL,"84579",NULL,NULL,"team page"
"84580",NULL,"49","9562","12867","865","cpp","1775952434.615800000","1",NULL,NULL,"84580",NULL,NULL,"team page"
"84581",NULL,"49","9259","11958","860","py3","1775952436.059100000","1",NULL,NULL,"84581","index_problem_2.py",NULL,"team page"
"84582",NULL,"49","9301","12084","862","cpp","1775952437.893800000","1",NULL,NULL,"84582",NULL,NULL,"team page"
"84583",NULL,"49","9537","12792","864","cpp","1775952439.631900000","1",NULL,NULL,"84583",NULL,NULL,"team page"
"84584",NULL,"49","9391","12356","864","py3","1775952439.776800000","1",NULL,NULL,"84584","grid_template.py",NULL,"team page"
"84585",NULL,"49","10068","14323","859","py3","1775952440.502000000","1",NULL,NULL,"84585","piezoelectric.py",NULL,"team page"
"84586",NULL,"49","9548","12825","860","cpp","1775952441.505700000","1",NULL,NULL,"84586",NULL,NULL,"team page"
"84587",NULL,"49","9340","12202","867","cpp","1775952441.744900000","1",NULL,NULL,"84587",NULL,NULL,"team page"
"84588",NULL,"49","9854","13742","861","pypy3","1775952442.258300000","1",NULL,NULL,"84588","files_main.py",NULL,"team page"
"84589",NULL,"49","9368","12285","865","cpp","1775952442.753600000","1",NULL,NULL,"84589",NULL,NULL,"team page"
"84590",NULL,"49","9367","12284","864","cpp","1775952443.386900000","1",NULL,NULL,"84590",NULL,NULL,"team page"
"84591",NULL,"49","9672","13197","862","py3","1775952443.572800000","1",NULL,NULL,"84591","laser.py",NULL,"team page"
"84592",NULL,"49","9308","12105","864","pypy3","1775952443.983500000","1",NULL,NULL,"84592","main.py",NULL,"team page"
"84593",NULL,"49","9301","12085","865","cpp","1775952444.005400000","1",NULL,NULL,"84593",NULL,NULL,"team page"
"84594",NULL,"49","10021","14192","863","py3","1775952444.155400000","1",NULL,NULL,"84594","calico4.py",NULL,"team page"
"84595",NULL,"49","9892","13857","860","pypy3","1775952444.879000000","1",NULL,NULL,"84595","nah_template.py",NULL,"team page"
"84596",NULL,"49","9671","13195","864","pypy3","1775952445.633600000","1",NULL,NULL,"84596","grid_template.py",NULL,"team page"
"84597",NULL,"49","10016","14178","863","py3","1775952445.642900000","1",NULL,NULL,"84597","laser.py",NULL,"team page"
"84598",NULL,"49","9716","13329","863","py3","1775952446.518300000","1",NULL,NULL,"84598","laser_template.py",NULL,"team page"
"84599",NULL,"49","9345","12217","866","py3","1775952446.978600000","1",NULL,NULL,"84599","shadows_template.py",NULL,"team page"
"84600",NULL,"49","9674","13205","861","cpp","1775952447.057300000","1",NULL,NULL,"84600",NULL,NULL,"team page"
"84601",NULL,"49","9933","13957","862","cpp","1775952447.616000000","1",NULL,NULL,"84601",NULL,NULL,"team page"
"84602",NULL,"49","10010","14159","860","py3","1775952450.297000000","1",NULL,NULL,"84602","nah_template.py",NULL,"team page"
"84603",NULL,"49","9610","13011","860","pypy3","1775952450.207600000","1",NULL,NULL,"84603","nahproblem.py",NULL,"team page"
"84604",NULL,"49","9858","13755","878","py3","1775952453.168000000","1",NULL,NULL,"84604","splitter2.py",NULL,"team page"
"84605",NULL,"49","9784","13533","862","cpp","1775952454.807700000","1",NULL,NULL,"84605",NULL,NULL,"team page"
"84606",NULL,"49","10020","14191","860","cpp","1775952459.574500000","1",NULL,NULL,"84606",NULL,NULL,"team page"
"84607",NULL,"49","9210","11811","866","pypy3","1775952459.970600000","1",NULL,NULL,"84607","shadows_template.py",NULL,"team page"
"84608",NULL,"49","9378","12315","869","py3","1775952460.130400000","1",NULL,NULL,"84608","mycelium_template.py",NULL,"team page"
"84609",NULL,"49","9635","13087","860","java","1775952462.072500000","1",NULL,NULL,"84609","gojo",NULL,"team page"
"84610",NULL,"49","10000","14129","860","cpp","1775952462.396000000","1",NULL,NULL,"84610",NULL,NULL,"team page"
"84611",NULL,"49","9743","13411","861","py3","1775952464.477600000","1",NULL,NULL,"84611","p3.py",NULL,"team page"
"84612",NULL,"49","9890","13850","860","java","1775952464.601600000","1",NULL,NULL,"84612","Main",NULL,"team page"
"84613",NULL,"49","9894","13862","859","cpp","1775952465.258700000","1",NULL,NULL,"84613",NULL,NULL,"team page"
"84614",NULL,"49","9722","13347","860","py3","1775952465.506800000","1",NULL,NULL,"84614","Gojo.py",NULL,"team page"
"84615",NULL,"49","9958","14033","862","py3","1775952471.213700000","1",NULL,NULL,"84615","laser_template.py",NULL,"team page"
"84616",NULL,"49","9893","13860","860","py3","1775952477.818400000","1",NULL,NULL,"84616","nah_template.py",NULL,"team page"
"84617",NULL,"49","9894","13861","859","cpp","1775952478.092700000","1",NULL,NULL,"84617",NULL,NULL,"team page"
"84618",NULL,"49","9672","13197","863","py3","1775952479.331400000","1",NULL,NULL,"84618","laser.py",NULL,"team page"
"84619",NULL,"49","9379","12319","863","cpp","1775952480.862600000","1",NULL,NULL,"84619",NULL,NULL,"team page"
"84620",NULL,"49","9379","12319","863","cpp","1775952481.084400000","1",NULL,NULL,"84620",NULL,NULL,"team page"
"84621",NULL,"49","9998","14124","873","cpp","1775952482.079100000","1",NULL,NULL,"84621",NULL,NULL,"team page"
"84622",NULL,"49","9203","11790","867","cpp","1775952482.207100000","1",NULL,NULL,"84622",NULL,NULL,"team page"
"84623",NULL,"49","9795","13566","868","cpp","1775952483.235200000","1",NULL,NULL,"84623",NULL,NULL,"team page"
"84624",NULL,"49","9708","13305","864","py3","1775952484.390000000","1",NULL,NULL,"84624","problem5.py",NULL,"team page"
"84625",NULL,"49","9293","12062","860","pypy3","1775952484.822800000","1",NULL,NULL,"84625","nah_template.py",NULL,"team page"
"84626",NULL,"49","9949","14004","861","pypy3","1775952486.769900000","1",NULL,NULL,"84626","p3.py",NULL,"team page"
"84627",NULL,"49","10067","14320","860","py3","1775952486.975700000","1",NULL,NULL,"84627","gta6.py",NULL,"team page"
"84628",NULL,"49","10035","14225","866","py3","1775952490.403700000","1",NULL,NULL,"84628","shadows.py",NULL,"team page"
"84629",NULL,"49","10086","14359","860","cpp","1775952492.782700000","1",NULL,NULL,"84629",NULL,NULL,"team page"
"84630",NULL,"49","9391","12356","865","py3","1775952494.059800000","1",NULL,NULL,"84630","grid_template.py",NULL,"team page"
"84631",NULL,"49","9795","13566","869","cpp","1775952494.647700000","1",NULL,NULL,"84631",NULL,NULL,"team page"
"84632",NULL,"49","9878","13814","859","java","1775952501.261600000","1",NULL,NULL,"84632","prob1",NULL,"team page"
"84633",NULL,"49","9372","12299","860","py3","1775952503.573200000","1",NULL,NULL,"84633","main.py",NULL,"team page"
"84634",NULL,"49","9674","13205","861","cpp","1775952504.271000000","1",NULL,NULL,"84634",NULL,NULL,"team page"
"84635",NULL,"49","9417","12433","860","py3","1775952504.562700000","1",NULL,NULL,"84635","script.py",NULL,"team page"
"84636",NULL,"49","9830","13670","862","pypy3","1775952506.230800000","1",NULL,NULL,"84636","d.laser.py",NULL,"team page"
"84637",NULL,"49","9818","13635","862","py3","1775952506.313800000","1",NULL,NULL,"84637","laser2.py",NULL,"team page"
"84638",NULL,"49","9708","13305","865","py3","1775952506.602900000","1",NULL,NULL,"84638","problem5.py",NULL,"team page"
"84639",NULL,"49","10096","14390","864","py3","1775952507.138100000","1",NULL,NULL,"84639","grid_template.py",NULL,"team page"
"84640",NULL,"49","9933","13957","863","cpp","1775952508.084400000","1",NULL,NULL,"84640",NULL,NULL,"team page"
"84641",NULL,"49","9668","13187","863","cpp","1775952512.649300000","1",NULL,NULL,"84641",NULL,NULL,"team page"
"84642",NULL,"49","10015","14174","867","py3","1775952513.714700000","1",NULL,NULL,"84642","main.py",NULL,"team page"
"84643",NULL,"49","9886","13837","859","java","1775952515.760400000","1",NULL,NULL,"84643","Main",NULL,"team page"
"84644",NULL,"49","9642","13107","860","java","1775952516.390300000","1",NULL,NULL,"84644","nah",NULL,"team page"
"84645",NULL,"49","9886","13837","859","java","1775952516.827600000","1",NULL,NULL,"84645","Main",NULL,"team page"
"84646",NULL,"49","10070","14329","860","cpp","1775952516.917700000","1",NULL,NULL,"84646",NULL,NULL,"team page"
"84647",NULL,"49","9886","13837","859","java","1775952517.671600000","1",NULL,NULL,"84647","Main",NULL,"team page"
"84648",NULL,"49","9886","13837","859","java","1775952518.015500000","1",NULL,NULL,"84648","Main",NULL,"team page"
"84649",NULL,"49","9886","13837","859","java","1775952518.234700000","1",NULL,NULL,"84649","Main",NULL,"team page"
"84650",NULL,"49","9466","12579","862","cpp","1775952521.978500000","1",NULL,NULL,"84650",NULL,NULL,"team page"
"84651",NULL,"49","9378","12315","871","py3","1775952522.031600000","1",NULL,NULL,"84651","mycelium_template.py",NULL,"team page"
"84652",NULL,"49","9499","12678","864","py3","1775952525.740400000","1",NULL,NULL,"84652","main.py",NULL,"team page"
"84653",NULL,"49","9566","12880","861","cpp","1775952532.114800000","1",NULL,NULL,"84653",NULL,NULL,"team page"
"84654",NULL,"49","10010","14159","860","py3","1775952537.913800000","1",NULL,NULL,"84654","nah_template.py",NULL,"team page"
"84655",NULL,"49","9543","12810","863","cpp","1775952543.809600000","1",NULL,NULL,"84655",NULL,NULL,"team page"
"84656",NULL,"49","9499","12678","865","py3","1775952545.081900000","1",NULL,NULL,"84656","main.py",NULL,"team page"
"84657",NULL,"49","9469","12588","859","py3","1775952547.253100000","1",NULL,NULL,"84657","app.py",NULL,"team page"
"84658",NULL,"49","9313","12121","863","cpp","1775952547.635700000","1",NULL,NULL,"84658",NULL,NULL,"team page"
"84659",NULL,"49","9403","12390","862","pypy3","1775952550.784600000","1",NULL,NULL,"84659","laser_template.py",NULL,"team page"
"84660",NULL,"49","9928","13941","872","cpp","1775952550.852200000","1",NULL,NULL,"84660",NULL,NULL,"team page"
"84661",NULL,"49","9973","14048","860","cpp","1775952552.240700000","1",NULL,NULL,"84661",NULL,NULL,"team page"
"84662",NULL,"49","9949","14006","860","py3","1775952552.792500000","1",NULL,NULL,"84662","nah.py",NULL,"team page"
"84663",NULL,"49","10017","14182","862","cpp","1775952554.112300000","1",NULL,NULL,"84663",NULL,NULL,"team page"
"84664",NULL,"49","9203","11792","865","cpp","1775952555.673800000","1",NULL,NULL,"84664",NULL,NULL,"team page"
"84665",NULL,"49","9391","12356","865","py3","1775952556.402600000","1",NULL,NULL,"84665","grid_template.py",NULL,"team page"
"84666",NULL,"49","9856","13747","864","py3","1775952557.428000000","1",NULL,NULL,"84666","grid_template.py",NULL,"team page"
"84667",NULL,"49","9281","12024","873","pypy3","1775952560.897900000","1",NULL,NULL,"84667","answers_2.py",NULL,"team page"
"84668",NULL,"49","9899","13876","861","java","1775952561.670900000","1",NULL,NULL,"84668",NULL,NULL,"team page"
"84669",NULL,"49","9670","13192","862","cpp","1775952561.933400000","1",NULL,NULL,"84669",NULL,NULL,"team page"
"84670",NULL,"49","9983","14079","862","cpp","1775952562.105800000","1",NULL,NULL,"84670",NULL,NULL,"team page"
"84671",NULL,"49","9242","11908","862","py3","1775952562.617300000","1",NULL,NULL,"84671","p4b.py",NULL,"team page"
"84672",NULL,"49","9322","12147","867","cpp","1775952563.094400000","1",NULL,NULL,"84672",NULL,NULL,"team page"
"84673",NULL,"49","9354","12245","861","cpp","1775952566.473900000","1",NULL,NULL,"84673",NULL,NULL,"team page"
"84674",NULL,"49","9818","13635","862","py3","1775952567.010100000","1",NULL,NULL,"84674","laser2.py",NULL,"team page"
"84675",NULL,"49","9996","14117","864","java","1775952568.355800000","1",NULL,NULL,"84675","grid_template",NULL,"team page"
"84676",NULL,"49","9732","13377","864","cpp","1775952571.992800000","1",NULL,NULL,"84676",NULL,NULL,"team page"
"84677",NULL,"49","9887","13841","861","py3","1775952577.383600000","1",NULL,NULL,"84677","gta6.py",NULL,"team page"
"84678",NULL,"49","9690","13252","864","py3","1775952579.702300000","1",NULL,NULL,"84678","TEST.py",NULL,"team page"
"84679",NULL,"49","9850","13729","863","py3","1775952580.469700000","1",NULL,NULL,"84679","laser_template.py",NULL,"team page"
"84680",NULL,"49","9777","13513","865","cpp","1775952581.355600000","1",NULL,NULL,"84680",NULL,NULL,"team page"
"84681",NULL,"49","9485","12637","862","cpp","1775952582.271300000","1",NULL,NULL,"84681",NULL,NULL,"team page"
"84682",NULL,"49","10017","14182","863","cpp","1775952584.326400000","1",NULL,NULL,"84682",NULL,NULL,"team page"
"84683",NULL,"49","9600","12981","860","cpp","1775952584.937700000","1",NULL,NULL,"84683",NULL,NULL,"team page"
"84684",NULL,"49","9203","11792","864","cpp","1775952585.126300000","1",NULL,NULL,"84684",NULL,NULL,"team page"
"84685",NULL,"49","9901","13883","859","cpp","1775952585.315700000","1",NULL,NULL,"84685",NULL,NULL,"team page"
"84686",NULL,"49","9720","13341","861","cpp","1775952586.117500000","1",NULL,NULL,"84686",NULL,NULL,"team page"
"84687",NULL,"49","9603","12991","867","py3","1775952587.699900000","1",NULL,NULL,"84687","cross.py",NULL,"team page"
"84688",NULL,"49","9886","13837","861","java","1775952589.169500000","1",NULL,NULL,"84688","problem3",NULL,"team page"
"84689",NULL,"49","9637","13092","867","py3","1775952594.783500000","1",NULL,NULL,"84689","p1.py",NULL,"team page"
"84690",NULL,"49","9479","12618","859","pypy3","1775952597.193000000","1",NULL,NULL,"84690","p1.py",NULL,"team page"
"84691",NULL,"49","9732","13377","865","cpp","1775952598.823100000","1",NULL,NULL,"84691",NULL,NULL,"team page"
"84692",NULL,"49","9229","11870","866","cpp","1775952598.863400000","1",NULL,NULL,"84692",NULL,NULL,"team page"
"84693",NULL,"49","9683","13231","867","py3","1775952601.816400000","1",NULL,NULL,"84693","7.py",NULL,"team page"
"84694",NULL,"49","10095","14387","859","py3","1775952604.068200000","1",NULL,NULL,"84694","piezoelectric_template.py",NULL,"team page"
"84695",NULL,"49","10070","14329","860","cpp","1775952606.561500000","1",NULL,NULL,"84695",NULL,NULL,"team page"
"84696",NULL,"49","9548","12825","860","cpp","1775952607.012800000","1",NULL,NULL,"84696",NULL,NULL,"team page"
"84697",NULL,"49","9894","13862","859","cpp","1775952609.249900000","1",NULL,NULL,"84697",NULL,NULL,"team page"
"84698",NULL,"49","9566","12880","861","cpp","1775952609.582200000","1",NULL,NULL,"84698",NULL,NULL,"team page"
"84699",NULL,"49","9902","13885","866","py3","1775952610.396100000","1",NULL,NULL,"84699","6.py",NULL,"team page"
"84700",NULL,"49","9258","11955","872","cpp","1775952612.148700000","1",NULL,NULL,"84700",NULL,NULL,"team page"
"84701",NULL,"49","9554","12845","860","py3","1775952613.190000000","1",NULL,NULL,"84701","Nah_Id_Winnn.py",NULL,"team page"
"84702",NULL,"49","10003","14138","861","cpp","1775952613.802500000","1",NULL,NULL,"84702",NULL,NULL,"team page"
"84703",NULL,"49","9296","12069","863","cpp","1775952614.436400000","1",NULL,NULL,"84703",NULL,NULL,"team page"
"84704",NULL,"49","9300","12081","867","cpp","1775952623.160800000","1",NULL,NULL,"84704",NULL,NULL,"team page"
"84705",NULL,"49","9314","12125","864","cpp","1775952625.585800000","1",NULL,NULL,"84705",NULL,NULL,"team page"
"84706",NULL,"49","9888","13845","862","pypy3","1775952625.799200000","1",NULL,NULL,"84706","4a.py",NULL,"team page"
"84707",NULL,"49","9351","12235","867","cpp","1775952627.742600000","1",NULL,NULL,"84707",NULL,NULL,"team page"
"84708",NULL,"49","9807","13600","860","py3","1775952628.064400000","1",NULL,NULL,"84708","problem2.py",NULL,"team page"
"84709",NULL,"49","9604","12994","867","cpp","1775952628.473700000","1",NULL,NULL,"84709",NULL,NULL,"team page"
"84710",NULL,"49","9340","12201","866","cpp","1775952629.494900000","1",NULL,NULL,"84710",NULL,NULL,"team page"
"84711",NULL,"49","10057","14290","861","pypy3","1775952630.259800000","1",NULL,NULL,"84711","thard.py",NULL,"team page"
"84712",NULL,"49","9281","12024","860","pypy3","1775952630.407700000","1",NULL,NULL,"84712","answers_2.py",NULL,"team page"
"84713",NULL,"49","9734","13385","861","py3","1775952630.771500000","1",NULL,NULL,"84713","3-prob-files_main.py",NULL,"team page"
"84714",NULL,"49","9898","13874","877","py3","1775952632.186500000","1",NULL,NULL,"84714","ASEEDER.py",NULL,"team page"
"84715",NULL,"49","9314","12123","867","cpp","1775952632.334800000","1",NULL,NULL,"84715",NULL,NULL,"team page"
"84716",NULL,"49","9571","12894","861","py3","1775952632.539100000","1",NULL,NULL,"84716","solution.py",NULL,"team page"
"84717",NULL,"49","10068","14323","860","py3","1775952636.272300000","1",NULL,NULL,"84717","nah.py",NULL,"team page"
"84718",NULL,"49","9693","13260","869","cpp","1775952637.316000000","1",NULL,NULL,"84718",NULL,NULL,"team page"
"84719",NULL,"49","9586","12939","859","py3","1775952638.008100000","1",NULL,NULL,"84719","piezoelectric_template.py",NULL,"team page"
"84720",NULL,"49","9928","13943","868","cpp","1775952639.475100000","1",NULL,NULL,"84720",NULL,NULL,"team page"
"84721",NULL,"49","9795","13566","869","cpp","1775952640.509200000","1",NULL,NULL,"84721",NULL,NULL,"team page"
"84722",NULL,"49","9818","13635","863","py3","1775952640.661600000","1",NULL,NULL,"84722","laser2.py",NULL,"team page"
"84723",NULL,"49","9554","12844","860","py3","1775952640.709600000","1",NULL,NULL,"84723","brilliant-sky-73.py",NULL,"team page"
"84724",NULL,"49","9657","13154","865","cpp","1775952642.168000000","1",NULL,NULL,"84724",NULL,NULL,"team page"
"84725",NULL,"49","9673","13202","862","java","1775952642.428900000","1",NULL,NULL,"84725",NULL,NULL,"team page"
"84726",NULL,"49","9877","13810","862","cpp","1775952642.901200000","1",NULL,NULL,"84726",NULL,NULL,"team page"
"84727",NULL,"49","9581","12924","860","py3","1775952645.534800000","1",NULL,NULL,"84727","test.py",NULL,"team page"
"84728",NULL,"49","9608","13007","867","cpp","1775952648.001900000","1",NULL,NULL,"84728",NULL,NULL,"team page"
"84729",NULL,"49","9340","12201","866","cpp","1775952649.543600000","1",NULL,NULL,"84729",NULL,NULL,"team page"
"84730",NULL,"49","9693","13260","870","cpp","1775952651.297100000","1",NULL,NULL,"84730",NULL,NULL,"team page"
"84731",NULL,"49","9259","11958","860","pypy3","1775952651.944100000","1",NULL,NULL,"84731","index_problem_2.py",NULL,"team page"
"84732",NULL,"49","9588","12945","860","java","1775952655.572300000","1",NULL,NULL,"84732","Solution",NULL,"team page"
"84733",NULL,"49","9502","12687","866","java","1775952660.402300000","1",NULL,NULL,"84733","no6",NULL,"team page"
"84734",NULL,"49","10029","14206","860","py3","1775952661.696200000","1",NULL,NULL,"84734","nahsol3.py",NULL,"team page"
"84735",NULL,"49","9669","13190","861","py3","1775952663.206600000","1",NULL,NULL,"84735","miku.py",NULL,"team page"
"84736",NULL,"49","9253","11940","864","cpp","1775952664.773600000","1",NULL,NULL,"84736",NULL,NULL,"team page"
"84737",NULL,"49","10051","14273","879","py3","1775952671.786600000","1",NULL,NULL,"84737","bruh.py",NULL,"team page"
"84738",NULL,"49","9426","12459","860","py3","1775952672.154100000","1",NULL,NULL,"84738","nah_template.py",NULL,"team page"
"84739",NULL,"49","9993","14110","862","cpp","1775952673.390300000","1",NULL,NULL,"84739",NULL,NULL,"team page"
"84740",NULL,"49","9314","12125","864","cpp","1775952673.650900000","1",NULL,NULL,"84740",NULL,NULL,"team page"
"84741",NULL,"49","9815","13624","877","py3","1775952675.899800000","1",NULL,NULL,"84741","lecture.py",NULL,"team page"
"84742",NULL,"49","9654","13143","867","cpp","1775952679.592100000","1",NULL,NULL,"84742",NULL,NULL,"team page"
"84743",NULL,"49","9253","11940","865","cpp","1775952680.408700000","1",NULL,NULL,"84743",NULL,NULL,"team page"
"84744",NULL,"49","9358","12255","862","cpp","1775952681.303200000","1",NULL,NULL,"84744",NULL,NULL,"team page"
"84745",NULL,"49","9673","13202","862","java","1775952687.029200000","1",NULL,NULL,"84745","Solution",NULL,"team page"
"84746",NULL,"49","9676","13210","862","cpp","1775952688.619300000","1",NULL,NULL,"84746",NULL,NULL,"team page"
"84747",NULL,"49","9850","13729","863","py3","1775952690.986500000","1",NULL,NULL,"84747","laser_template.py",NULL,"team page"
"84748",NULL,"49","9857","13751","859","pypy3","1775952696.383600000","1",NULL,NULL,"84748","test.py",NULL,"team page"
"84749",NULL,"49","9958","14032","864","cpp","1775952697.937500000","1",NULL,NULL,"84749",NULL,NULL,"team page"
"84750",NULL,"49","9562","12869","862","cpp","1775952699.844500000","1",NULL,NULL,"84750",NULL,NULL,"team page"
"84751",NULL,"49","9604","12994","867","cpp","1775952702.427800000","1",NULL,NULL,"84751",NULL,NULL,"team page"
"84752",NULL,"49","9569","12889","859","cpp","1775952702.747400000","1",NULL,NULL,"84752",NULL,NULL,"team page"
"84753",NULL,"49","9807","13600","860","py3","1775952704.046200000","1",NULL,NULL,"84753","problem2.py",NULL,"team page"
"84754",NULL,"49","9567","12882","877","cpp","1775952704.264400000","1",NULL,NULL,"84754",NULL,NULL,"team page"
"84755",NULL,"49","9858","13755","878","py3","1775952704.820400000","1",NULL,NULL,"84755","splitter2.py",NULL,"team page"
"84757",NULL,"49","9947","13998","868","cpp","1775952709.085300000","1",NULL,NULL,"84757",NULL,NULL,"team page"
"84758",NULL,"49","10070","14329","860","cpp","1775952709.261100000","1",NULL,NULL,"84758",NULL,NULL,"team page"
"84759",NULL,"49","10031","14212","862","py3","1775952711.295100000","1",NULL,NULL,"84759","laser_template.py",NULL,"team page"
"84760",NULL,"49","9973","14048","860","cpp","1775952712.243100000","1",NULL,NULL,"84760",NULL,NULL,"team page"
"84761",NULL,"49","9830","13670","862","pypy3","1775952712.493100000","1",NULL,NULL,"84761","d.laser.py",NULL,"team page"
"84762",NULL,"49","9231","11874","861","py3","1775952714.575800000","1",NULL,NULL,"84762","problem_3.py",NULL,"team page"
"84763",NULL,"49","9785","13536","859","py3","1775952714.998100000","1",NULL,NULL,"84763","calico_problem_1.py",NULL,"team page"
"84764",NULL,"49","9608","13006","864","cpp","1775952715.342200000","1",NULL,NULL,"84764",NULL,NULL,"team page"
"84765",NULL,"49","9357","12253","862","py3","1775952718.324200000","1",NULL,NULL,"84765","calico4.py",NULL,"team page"
"84766",NULL,"49","9679","13218","861","cpp","1775952719.145100000","1",NULL,NULL,"84766",NULL,NULL,"team page"
"84767",NULL,"49","9891","13853","862","cpp","1775952720.492700000","1",NULL,NULL,"84767",NULL,NULL,"team page"
"84768",NULL,"49","9668","13185","869","cpp","1775952720.775300000","1",NULL,NULL,"84768",NULL,NULL,"team page"
"84769",NULL,"49","9857","13750","866","py3","1775952720.897900000","1",NULL,NULL,"84769","6.py",NULL,"team page"
"84770",NULL,"49","9696","13269","861","cpp","1775952722.062000000","1",NULL,NULL,"84770",NULL,NULL,"team page"
"84771",NULL,"49","9780","13521","861","cpp","1775952726.576400000","1",NULL,NULL,"84771",NULL,NULL,"team page"
"84772",NULL,"49","9544","12814","862","cpp","1775952727.149700000","1",NULL,NULL,"84772",NULL,NULL,"team page"
"84773",NULL,"49","9584","12933","859","py3","1775952727.364600000","1",NULL,NULL,"84773","problem1.py",NULL,"team page"
"84774",NULL,"49","9333","12181","872","cpp","1775952727.697800000","1",NULL,NULL,"84774",NULL,NULL,"team page"
"84775",NULL,"49","9314","12125","864","cpp","1775952728.072100000","1",NULL,NULL,"84775",NULL,NULL,"team page"
"84776",NULL,"49","9676","13209","864","cpp","1775952728.578200000","1",NULL,NULL,"84776",NULL,NULL,"team page"
"84777",NULL,"49","9601","12985","864","cpp","1775952729.078100000","1",NULL,NULL,"84777",NULL,NULL,"team page"
"84778",NULL,"49","9947","13998","869","cpp","1775952731.835600000","1",NULL,NULL,"84778",NULL,NULL,"team page"
"84779",NULL,"49","9366","12281","866","pypy3","1775952734.919300000","1",NULL,NULL,"84779","6.py",NULL,"team page"
"84780",NULL,"49","9649","13129","864","cpp","1775952735.107900000","1",NULL,NULL,"84780",NULL,NULL,"team page"
"84781",NULL,"49","9368","12285","865","cpp","1775952738.840200000","1",NULL,NULL,"84781",NULL,NULL,"team page"
"84782",NULL,"49","10090","14373","872","pypy3","1775952738.861500000","1",NULL,NULL,"84782","factory.py",NULL,"team page"
"84783",NULL,"49","9882","13825","861","cpp","1775952740.187200000","1",NULL,NULL,"84783",NULL,NULL,"team page"
"84784",NULL,"49","9486","12639","860","cpp","1775952740.648300000","1",NULL,NULL,"84784",NULL,NULL,"team page"
"84785",NULL,"49","9608","13007","867","cpp","1775952740.782600000","1",NULL,NULL,"84785",NULL,NULL,"team page"
"84786",NULL,"49","10068","14323","861","py3","1775952741.405200000","1",NULL,NULL,"84786","files.py",NULL,"team page"
"84787",NULL,"49","9673","13202","862","java","1775952744.414600000","1",NULL,NULL,"84787","Solution",NULL,"team page"
"84788",NULL,"49","9537","12792","865","cpp","1775952746.614600000","1",NULL,NULL,"84788",NULL,NULL,"team page"
"84789",NULL,"49","9543","12810","860","cpp","1775952750.595000000","1",NULL,NULL,"84789",NULL,NULL,"team page"
"84790",NULL,"49","9846","13718","862","py3","1775952751.219500000","1",NULL,NULL,"84790","problem4.py",NULL,"team page"
"84791",NULL,"49","9667","13182","864","py3","1775952751.594400000","1",NULL,NULL,"84791","grid_template.py",NULL,"team page"
"84792",NULL,"49","9779","13518","872","cpp","1775952753.733900000","1",NULL,NULL,"84792",NULL,NULL,"team page"
"84793",NULL,"49","9319","12139","860","py3","1775952757.036900000","1",NULL,NULL,"84793","nah_template.py",NULL,"team page"
"84794",NULL,"49","9331","12174","866","py3","1775952757.315800000","1",NULL,NULL,"84794","F.py",NULL,"team page"
"84795",NULL,"49","9364","12275","865","cpp","1775952757.723900000","1",NULL,NULL,"84795",NULL,NULL,"team page"
"84796",NULL,"49","9885","13834","862","java","1775952758.565400000","1",NULL,NULL,"84796","Laser",NULL,"team page"
"84797",NULL,"49","9345","12216","864","py3","1775952762.056900000","1",NULL,NULL,"84797","grid_template.py",NULL,"team page"
"84798",NULL,"49","9886","13838","860","cpp","1775952762.842800000","1",NULL,NULL,"84798",NULL,NULL,"team page"
"84799",NULL,"49","9996","14117","864","java","1775952763.135100000","1",NULL,NULL,"84799","grid_template",NULL,"team page"
"84800",NULL,"49","9672","13197","867","py3","1775952763.278600000","1",NULL,NULL,"84800","crisscross.py",NULL,"team page"
"84801",NULL,"49","9251","11936","863","py3","1775952763.388200000","1",NULL,NULL,"84801","astroid.py",NULL,"team page"
"84802",NULL,"49","10051","14273","866","py3","1775952764.271700000","1",NULL,NULL,"84802","shadow.py",NULL,"team page"
"84803",NULL,"49","9562","12869","862","cpp","1775952765.314400000","1",NULL,NULL,"84803",NULL,NULL,"team page"
"84804",NULL,"49","9658","13156","861","cpp","1775952765.483000000","1",NULL,NULL,"84804",NULL,NULL,"team page"
"84805",NULL,"49","9628","13067","862","py3","1775952765.973900000","1",NULL,NULL,"84805","laser_template.py",NULL,"team page"
"84806",NULL,"49","9478","12616","864","py3","1775952768.542400000","1",NULL,NULL,"84806","grid.py",NULL,"team page"
"84807",NULL,"49","9894","13861","860","cpp","1775952771.697700000","1",NULL,NULL,"84807",NULL,NULL,"team page"
"84809",NULL,"49","9899","13876","860","java","1775952772.754700000","1",NULL,NULL,"84809",NULL,NULL,"team page"
"84810",NULL,"49","9210","11811","867","pypy3","1775952775.444100000","1",NULL,NULL,"84810","cross_template.py",NULL,"team page"
"84811",NULL,"49","9611","13015","861","py3","1775952775.661300000","1",NULL,NULL,"84811","files_template.py",NULL,"team page"
"84812",NULL,"49","9567","12882","878","cpp","1775952776.281800000","1",NULL,NULL,"84812",NULL,NULL,"team page"
"84813",NULL,"49","9899","13878","862","java","1775952779.554300000","1",NULL,NULL,"84813","JoshContext041201",NULL,"team page"
"84814",NULL,"49","9673","13202","863","java","1775952780.853200000","1",NULL,NULL,"84814","Solution",NULL,"team page"
"84815",NULL,"49","9885","13835","867","cpp","1775952782.339000000","1",NULL,NULL,"84815",NULL,NULL,"team page"
"84816",NULL,"49","9768","13485","864","cpp","1775952783.348800000","1",NULL,NULL,"84816",NULL,NULL,"team page"
"84817",NULL,"49","9282","12027","865","cpp","1775952785.295100000","1",NULL,NULL,"84817",NULL,NULL,"team page"
"84818",NULL,"49","9785","13536","859","py3","1775952787.206500000","1",NULL,NULL,"84818","calico_problem_1.py",NULL,"team page"
"84819",NULL,"49","9375","12306","864","pypy3","1775952788.661500000","1",NULL,NULL,"84819","5.py",NULL,"team page"
"84820",NULL,"49","9853","13738","861","py3","1775952790.210400000","1",NULL,NULL,"84820","files_main.py",NULL,"team page"
"84821",NULL,"49","9587","12943","860","cpp","1775952791.092300000","1",NULL,NULL,"84821",NULL,NULL,"team page"
"84822",NULL,"49","9658","13156","862","cpp","1775952793.018600000","1",NULL,NULL,"84822",NULL,NULL,"team page"
"84823",NULL,"49","9726","13360","860","py3","1775952793.274500000","1",NULL,NULL,"84823","nah.py",NULL,"team page"
"84824",NULL,"49","9671","13195","864","pypy3","1775952793.539300000","1",NULL,NULL,"84824","grid_template.py",NULL,"team page"
"84825",NULL,"49","10000","14129","861","cpp","1775952794.390800000","1",NULL,NULL,"84825",NULL,NULL,"team page"
"84826",NULL,"49","9504","12693","860","cpp","1775952800.298700000","1",NULL,NULL,"84826",NULL,NULL,"team page"
"84827",NULL,"49","9856","13747","864","py3","1775952801.879400000","1",NULL,NULL,"84827","grid_template.py",NULL,"team page"
"84828",NULL,"49","9933","13957","863","cpp","1775952808.646300000","1",NULL,NULL,"84828",NULL,NULL,"team page"
"84829",NULL,"49","9890","13850","860","java","1775952810.803600000","1",NULL,NULL,"84829","Main",NULL,"team page"
"84830",NULL,"49","9639","13099","864","cpp","1775952811.736300000","1",NULL,NULL,"84830",NULL,NULL,"team page"
"84831",NULL,"49","9256","11949","862","py3","1775952812.084100000","1",NULL,NULL,"84831","problem4.py",NULL,"team page"
"84832",NULL,"49","9328","12165","865","cpp","1775952813.702300000","1",NULL,NULL,"84832",NULL,NULL,"team page"
"84833",NULL,"49","9537","12792","865","cpp","1775952813.884300000","1",NULL,NULL,"84833",NULL,NULL,"team page"
"84834",NULL,"49","10068","14323","862","py3","1775952814.292300000","1",NULL,NULL,"84834","laser.py",NULL,"team page"
"84835",NULL,"49","9898","13874","861","py3","1775952814.787300000","1",NULL,NULL,"84835","ASEEDER.py",NULL,"team page"
"84836",NULL,"49","9807","13600","860","py3","1775952814.900500000","1",NULL,NULL,"84836","problem2.py",NULL,"team page"
"84837",NULL,"49","9421","12446","864","cpp","1775952815.251500000","1",NULL,NULL,"84837",NULL,NULL,"team page"
"84838",NULL,"49","9554","12845","860","py3","1775952818.501500000","1",NULL,NULL,"84838","Nah_Id_Wi.py",NULL,"team page"
"84839",NULL,"49","9653","13142","860","cpp","1775952818.749200000","1",NULL,NULL,"84839",NULL,NULL,"team page"
"84840",NULL,"49","9873","13800","860","cpp","1775952819.425000000","1",NULL,NULL,"84840",NULL,NULL,"team page"
"84841",NULL,"49","9973","14048","860","cpp","1775952821.606800000","1",NULL,NULL,"84841",NULL,NULL,"team page"
"84842",NULL,"49","9502","12689","861","java","1775952822.624900000","1",NULL,NULL,"84842","files",NULL,"team page"
"84843",NULL,"49","9996","14117","865","java","1775952822.943700000","1",NULL,NULL,"84843","grid_template",NULL,"team page"
"84844",NULL,"49","9928","13943","869","cpp","1775952823.446900000","1",NULL,NULL,"84844",NULL,NULL,"team page"
"84845",NULL,"49","9568","12885","860","py3","1775952823.974200000","1",NULL,NULL,"84845","nah_template.py",NULL,"team page"
"84846",NULL,"49","9523","12752","860","cpp","1775952824.140700000","1",NULL,NULL,"84846",NULL,NULL,"team page"
"84847",NULL,"49","10003","14138","861","cpp","1775952825.051500000","1",NULL,NULL,"84847",NULL,NULL,"team page"
"84848",NULL,"49","9639","13099","863","cpp","1775952827.596800000","1",NULL,NULL,"84848",NULL,NULL,"team page"
"84849",NULL,"49","9364","12275","860","cpp","1775952829.141800000","1",NULL,NULL,"84849",NULL,NULL,"team page"
"84850",NULL,"49","9949","14004","861","pypy3","1775952830.080800000","1",NULL,NULL,"84850","p3.py",NULL,"team page"
"84851",NULL,"49","9465","12576","866","cpp","1775952830.092400000","1",NULL,NULL,"84851",NULL,NULL,"team page"
"84852",NULL,"49","9803","13589","859","pypy3","1775952830.860300000","1",NULL,NULL,"84852","problem1.py",NULL,"team page"
"84853",NULL,"49","9902","13885","866","py3","1775952830.947700000","1",NULL,NULL,"84853","6.py",NULL,"team page"
"84854",NULL,"49","9582","12929","859","py3","1775952833.897200000","1",NULL,NULL,"84854","piezoelectric.py",NULL,"team page"
"84855",NULL,"49","9367","12284","864","cpp","1775952834.199500000","1",NULL,NULL,"84855",NULL,NULL,"team page"
"84856",NULL,"49","9626","13061","862","py3","1775952834.334200000","1",NULL,NULL,"84856","laser_template.py",NULL,"team page"
"84857",NULL,"49","9544","12814","862","cpp","1775952834.581600000","1",NULL,NULL,"84857",NULL,NULL,"team page"
"84858",NULL,"49","9314","12123","867","cpp","1775952835.016500000","1",NULL,NULL,"84858",NULL,NULL,"team page"
"84859",NULL,"49","10006","14147","867","py3","1775952835.604600000","1",NULL,NULL,"84859","7.py",NULL,"team page"
"84860",NULL,"49","9263","11971","872","cpp","1775952836.622900000","1",NULL,NULL,"84860",NULL,NULL,"team page"
"84861",NULL,"49","9579","12919","860","py3","1775952838.349300000","1",NULL,NULL,"84861","nah_template.py",NULL,"team page"
"84862",NULL,"49","9375","12306","865","pypy3","1775952838.593500000","1",NULL,NULL,"84862","5.py",NULL,"team page"
"84863",NULL,"49","9795","13566","869","cpp","1775952840.091100000","1",NULL,NULL,"84863",NULL,NULL,"team page"
"84864",NULL,"49","9389","12348","872","c","1775952840.501500000","1",NULL,NULL,"84864",NULL,NULL,"team page"
"84865",NULL,"49","9474","12604","861","cpp","1775952845.588200000","1",NULL,NULL,"84865",NULL,NULL,"team page"
"84866",NULL,"49","9928","13943","869","cpp","1775952846.541300000","1",NULL,NULL,"84866",NULL,NULL,"team page"
"84867",NULL,"49","9850","13729","863","py3","1775952847.321500000","1",NULL,NULL,"84867","laser_template.py",NULL,"team page"
"84868",NULL,"49","9361","12264","865","py3","1775952848.441300000","1",NULL,NULL,"84868","grid_template.py",NULL,"team page"
"84869",NULL,"49","9309","12108","861","cpp","1775952852.699600000","1",NULL,NULL,"84869",NULL,NULL,"team page"
"84870",NULL,"49","9670","13192","867","cpp","1775952853.419300000","1",NULL,NULL,"84870",NULL,NULL,"team page"
"84871",NULL,"49","9728","13365","860","py3","1775952856.127300000","1",NULL,NULL,"84871","main2.py",NULL,"team page"
"84872",NULL,"49","10057","14290","860","pypy3","1775952857.744300000","1",NULL,NULL,"84872","second.py",NULL,"team page"
"84873",NULL,"49","9512","12717","872","py3","1775952858.008400000","1",NULL,NULL,"84873","jobless-shoes-303.py",NULL,"team page"
"84874",NULL,"49","9543","12811","872","cpp","1775952860.318300000","1",NULL,NULL,"84874",NULL,NULL,"team page"
"84875",NULL,"49","9532","12778","862","py3","1775952861.112700000","1",NULL,NULL,"84875","laser_template.py",NULL,"team page"
"84876",NULL,"49","9503","12690","864","cpp","1775952861.868200000","1",NULL,NULL,"84876",NULL,NULL,"team page"
"84877",NULL,"49","9462","12567","865","java","1775952863.422200000","1",NULL,NULL,"84877","Solution",NULL,"team page"
"84878",NULL,"49","9736","13389","864","py3","1775952867.049200000","1",NULL,NULL,"84878","grid_template.py",NULL,"team page"
"84879",NULL,"49","9948","14001","867","cpp","1775952867.453000000","1",NULL,NULL,"84879",NULL,NULL,"team page"
"84880",NULL,"49","9669","13190","861","py3","1775952872.493400000","1",NULL,NULL,"84880","miku.py",NULL,"team page"
"84881",NULL,"49","9603","12991","867","py3","1775952875.295400000","1",NULL,NULL,"84881","cross.py",NULL,"team page"
"84882",NULL,"49","9608","13007","867","cpp","1775952877.383800000","1",NULL,NULL,"84882",NULL,NULL,"team page"
"84883",NULL,"49","9856","13747","865","py3","1775952879.184100000","1",NULL,NULL,"84883","grid_template.py",NULL,"team page"
"84884",NULL,"49","9857","13750","866","py3","1775952879.716300000","1",NULL,NULL,"84884","6.py",NULL,"team page"
"84885",NULL,"49","9536","12791","866","cpp","1775952882.179600000","1",NULL,NULL,"84885",NULL,NULL,"team page"
"84886",NULL,"49","9782","13527","864","py3","1775952883.146300000","1",NULL,NULL,"84886","grid_main.py",NULL,"team page"
"84887",NULL,"49","9355","12248","864","py3","1775952883.194500000","1",NULL,NULL,"84887","grid_template.py",NULL,"team page"
"84888",NULL,"49","9351","12234","862","cpp","1775952886.874500000","1",NULL,NULL,"84888",NULL,NULL,"team page"
"84889",NULL,"49","9334","12183","863","pypy3","1775952887.480600000","1",NULL,NULL,"84889","p1.py",NULL,"team page"
"84890",NULL,"49","9375","12307","863","pypy3","1775952888.293100000","1",NULL,NULL,"84890","4.py",NULL,"team page"
"84891",NULL,"49","9354","12245","861","cpp","1775952888.469100000","1",NULL,NULL,"84891",NULL,NULL,"team page"
"84892",NULL,"49","9919","13916","863","cpp","1775952888.760600000","1",NULL,NULL,"84892",NULL,NULL,"team page"
"84893",NULL,"49","9918","13912","864","cpp","1775952890.112100000","1",NULL,NULL,"84893",NULL,NULL,"team page"
"84894",NULL,"49","9360","12261","864","py3","1775952890.285200000","1",NULL,NULL,"84894","grid_template.py",NULL,"team page"
"84895",NULL,"49","10068","14323","863","py3","1775952890.331400000","1",NULL,NULL,"84895","laser_bonus.py",NULL,"team page"
"84896",NULL,"49","9569","12890","864","cpp","1775952892.533500000","1",NULL,NULL,"84896",NULL,NULL,"team page"
"84897",NULL,"49","9421","12445","866","cpp","1775952895.295100000","1",NULL,NULL,"84897",NULL,NULL,"team page"
"84898",NULL,"49","9627","13062","864","py3","1775952897.404100000","1",NULL,NULL,"84898","grid_template.py",NULL,"team page"
"84899",NULL,"49","9393","12360","860","pypy3","1775952898.462900000","1",NULL,NULL,"84899","p1.py",NULL,"team page"
"84900",NULL,"49","9351","12234","863","cpp","1775952900.408400000","1",NULL,NULL,"84900",NULL,NULL,"team page"
"84901",NULL,"49","9734","13385","862","py3","1775952903.248000000","1",NULL,NULL,"84901","4_prob-laser_main.py",NULL,"team page"
"84902",NULL,"49","9568","12885","860","py3","1775952905.086200000","1",NULL,NULL,"84902","nah_template.py",NULL,"team page"
"84903",NULL,"49","9891","13852","864","cpp","1775952906.021200000","1",NULL,NULL,"84903",NULL,NULL,"team page"
"84904",NULL,"49","10087","14363","862","cpp","1775952906.224200000","1",NULL,NULL,"84904",NULL,NULL,"team page"
"84905",NULL,"49","9537","12792","865","cpp","1775952915.341400000","1",NULL,NULL,"84905",NULL,NULL,"team page"
"84906",NULL,"49","9858","13755","873","py3","1775952915.619300000","1",NULL,NULL,"84906","splitter2.py",NULL,"team page"
"84907",NULL,"49","9895","13865","861","cpp","1775952917.683200000","1",NULL,NULL,"84907",NULL,NULL,"team page"
"84908",NULL,"49","9994","14112","860","java","1775952921.907300000","1",NULL,NULL,"84908","Main",NULL,"team page"
"84909",NULL,"49","9768","13485","864","cpp","1775952922.261700000","1",NULL,NULL,"84909",NULL,NULL,"team page"
"84910",NULL,"49","9869","13787","860","py3","1775952922.586400000","1",NULL,NULL,"84910","nah_template.py",NULL,"team page"
"84911",NULL,"49","9919","13916","862","cpp","1775952922.589200000","1",NULL,NULL,"84911",NULL,NULL,"team page"
"84912",NULL,"49","9279","12019","868","cpp","1775952925.699500000","1",NULL,NULL,"84912",NULL,NULL,"team page"
"84913",NULL,"49","10007","14152","860","java","1775952928.874900000","1",NULL,NULL,"84913","Main",NULL,"team page"
"84914",NULL,"49","9548","12825","860","cpp","1775952931.577700000","1",NULL,NULL,"84914",NULL,NULL,"team page"
"84915",NULL,"49","10004","14141","862","pypy3","1775952931.916300000","1",NULL,NULL,"84915","t412d.py",NULL,"team page"
"84916",NULL,"49","9566","12881","864","cpp","1775952936.982600000","1",NULL,NULL,"84916",NULL,NULL,"team page"
"84917",NULL,"49","9266","11980","860","cpp","1775952938.045800000","1",NULL,NULL,"84917",NULL,NULL,"team page"
"84918",NULL,"49","10035","14225","872","py3","1775952938.035200000","1",NULL,NULL,"84918","splitters.py",NULL,"team page"
"84919",NULL,"49","9816","13628","863","pypy3","1775952939.958900000","1",NULL,NULL,"84919","laser_template.py",NULL,"team page"
"84920",NULL,"49","10082","14347","860","java","1775952943.506400000","1",NULL,NULL,"84920","Solution",NULL,"team page"
"84921",NULL,"49","9210","11811","864","pypy3","1775952944.266100000","1",NULL,NULL,"84921","grid_template.py",NULL,"team page"
"84922",NULL,"49","9900","13879","866","cpp","1775952947.325800000","1",NULL,NULL,"84922",NULL,NULL,"team page"
"84923",NULL,"49","9815","13624","879","py3","1775952949.116900000","1",NULL,NULL,"84923","multiplication.py",NULL,"team page"
"84924",NULL,"49","9408","12406","861","cpp","1775952949.241500000","1",NULL,NULL,"84924",NULL,NULL,"team page"
"84925",NULL,"49","9354","12245","861","cpp","1775952950.500400000","1",NULL,NULL,"84925",NULL,NULL,"team page"
"84926",NULL,"49","9308","12106","861","cpp","1775952950.815800000","1",NULL,NULL,"84926",NULL,NULL,"team page"
"84927",NULL,"49","9312","12119","868","cpp","1775952952.520100000","1",NULL,NULL,"84927",NULL,NULL,"team page"
"84928",NULL,"49","10068","14323","864","py3","1775952952.579700000","1",NULL,NULL,"84928","grid.py",NULL,"team page"
"84929",NULL,"49","9918","13912","864","cpp","1775952952.611500000","1",NULL,NULL,"84929",NULL,NULL,"team page"
"84930",NULL,"49","9210","11811","865","pypy3","1775952956.911700000","1",NULL,NULL,"84930","grid_template.py",NULL,"team page"
"84931",NULL,"49","9598","12975","867","py3","1775952960.488300000","1",NULL,NULL,"84931","cross_template.py",NULL,"team page"
"84932",NULL,"49","9554","12844","860","py3","1775952962.108700000","1",NULL,NULL,"84932","kkk.py",NULL,"team page"
"84933",NULL,"49","9240","11902","872","cpp","1775952962.430800000","1",NULL,NULL,"84933",NULL,NULL,"team page"
"84934",NULL,"49","9452","12537","859","py3","1775952963.806400000","1",NULL,NULL,"84934","S_1.py",NULL,"team page"
"84935",NULL,"49","9312","12119","869","cpp","1775952966.309300000","1",NULL,NULL,"84935",NULL,NULL,"team page"
"84936",NULL,"49","10097","14392","867","cpp","1775952968.259600000","1",NULL,NULL,"84936",NULL,NULL,"team page"
"84937",NULL,"49","10051","14273","867","py3","1775952973.251400000","1",NULL,NULL,"84937","criss.py",NULL,"team page"
"84938",NULL,"49","9355","12248","864","py3","1775952974.951400000","1",NULL,NULL,"84938","grid_template.py",NULL,"team page"
"84939",NULL,"49","10051","14272","864","py3","1775952975.448900000","1",NULL,NULL,"84939","grid_template.py",NULL,"team page"
"84940",NULL,"49","9531","12776","864","java","1775952980.426400000","1",NULL,NULL,"84940","Tester",NULL,"team page"
"84941",NULL,"49","9998","14125","866","py3","1775952981.960300000","1",NULL,NULL,"84941","problem_6.py",NULL,"team page"
"84942",NULL,"49","9975","14055","862","py3","1775952983.097100000","1",NULL,NULL,"84942","laser_template.py",NULL,"team page"
"84943",NULL,"49","10084","14353","860","py3","1775952984.782800000","1",NULL,NULL,"84943","Program2.py",NULL,"team page"
"84944",NULL,"49","9314","12125","864","cpp","1775952985.044900000","1",NULL,NULL,"84944",NULL,NULL,"team page"
"84945",NULL,"49","9537","12792","865","cpp","1775952986.263000000","1",NULL,NULL,"84945",NULL,NULL,"team page"
"84946",NULL,"49","9462","12567","865","java","1775952986.424700000","1",NULL,NULL,"84946","Solution",NULL,"team page"
"84947",NULL,"49","9903","13889","862","py3","1775952986.772700000","1",NULL,NULL,"84947","CALICO-2026-Problem-4.py",NULL,"team page"
"84948",NULL,"49","9902","13885","865","py3","1775952986.980600000","1",NULL,NULL,"84948","55.py",NULL,"team page"
"84949",NULL,"49","9368","12286","862","cpp","1775952987.648600000","1",NULL,NULL,"84949",NULL,NULL,"team page"
"84950",NULL,"49","9975","14054","866","java","1775952989.537100000","1",NULL,NULL,"84950","Main",NULL,"team page"
"84951",NULL,"49","9793","13560","863","cpp","1775952989.923000000","1",NULL,NULL,"84951",NULL,NULL,"team page"
"84952",NULL,"49","9476","12609","861","py3","1775952995.853600000","1",NULL,NULL,"84952","files_template.py",NULL,"team page"
"84953",NULL,"49","9268","11985","867","cpp","1775952997.059100000","1",NULL,NULL,"84953",NULL,NULL,"team page"
"84954",NULL,"49","9571","12894","860","py3","1775952997.883000000","1",NULL,NULL,"84954","solution.py",NULL,"team page"
"84955",NULL,"49","9728","13365","860","py3","1775952999.503100000","1",NULL,NULL,"84955","main2.py",NULL,"team page"
"84956",NULL,"49","9807","13600","860","py3","1775953000.199800000","1",NULL,NULL,"84956","problem2.py",NULL,"team page"
"84957",NULL,"49","9792","13556","864","cpp","1775953002.013100000","1",NULL,NULL,"84957",NULL,NULL,"team page"
"84958",NULL,"49","9850","13729","863","py3","1775953002.472000000","1",NULL,NULL,"84958","laser_template.py",NULL,"team page"
"84959",NULL,"49","9904","13893","866","cpp","1775953009.627100000","1",NULL,NULL,"84959",NULL,NULL,"team page"
"84960",NULL,"49","9312","12117","867","cpp","1775953009.820800000","1",NULL,NULL,"84960",NULL,NULL,"team page"
"84961",NULL,"49","9923","13928","864","py3","1775953012.969500000","1",NULL,NULL,"84961","p5.py",NULL,"team page"
"84962",NULL,"49","9314","12125","865","cpp","1775953014.043300000","1",NULL,NULL,"84962",NULL,NULL,"team page"
"84963",NULL,"49","9569","12890","864","cpp","1775953015.117200000","1",NULL,NULL,"84963",NULL,NULL,"team page"
"84964",NULL,"49","9793","13560","863","cpp","1775953016.344800000","1",NULL,NULL,"84964",NULL,NULL,"team page"
"84965",NULL,"49","9431","12474","864","py3","1775953017.098800000","1",NULL,NULL,"84965","calico.py",NULL,"team page"
"84966",NULL,"49","10067","14321","866","py3","1775953018.855700000","1",NULL,NULL,"84966","shadows_template.py",NULL,"team page"
"84967",NULL,"49","10084","14353","859","py3","1775953019.549500000","1",NULL,NULL,"84967","ProgramOne.py",NULL,"team page"
"84968",NULL,"49","9548","12825","860","cpp","1775953020.139100000","1",NULL,NULL,"84968",NULL,NULL,"team page"
"84969",NULL,"49","9361","12264","861","py3","1775953027.144900000","1",NULL,NULL,"84969","files_template.py",NULL,"team page"
"84970",NULL,"49","9568","12885","860","py3","1775953028.910000000","1",NULL,NULL,"84970","nah_template.py",NULL,"team page"
"84971",NULL,"49","9671","13195","877","pypy3","1775953030.271100000","1",NULL,NULL,"84971","lecture_template.py",NULL,"team page"
"84972",NULL,"49","9887","13841","861","py3","1775953030.468100000","1",NULL,NULL,"84972","gta6.py",NULL,"team page"
"84973",NULL,"49","9886","13838","866","cpp","1775953032.292800000","1",NULL,NULL,"84973",NULL,NULL,"team page"
"84974",NULL,"49","9667","13182","865","py3","1775953033.690900000","1",NULL,NULL,"84974","grid_template.py",NULL,"team page"
"84975",NULL,"49","10083","14351","860","py3","1775953034.384300000","1",NULL,NULL,"84975","nah_template.py",NULL,"team page"
"84976",NULL,"49","9994","14113","861","java","1775953034.964600000","1",NULL,NULL,"84976","Main",NULL,"team page"
"84977",NULL,"49","9431","12474","865","py3","1775953035.200300000","1",NULL,NULL,"84977","calico.py",NULL,"team page"
"84978",NULL,"49","9746","13420","861","py3","1775953035.332700000","1",NULL,NULL,"84978","files.py",NULL,"team page"
"84979",NULL,"49","9793","13560","862","cpp","1775953036.109000000","1",NULL,NULL,"84979",NULL,NULL,"team page"
"84980",NULL,"49","10045","14254","861","py3","1775953036.205200000","1",NULL,NULL,"84980","main.py",NULL,"team page"
"84981",NULL,"49","9551","12836","866","cpp","1775953036.434700000","1",NULL,NULL,"84981",NULL,NULL,"team page"
"84982",NULL,"49","9793","13560","862","cpp","1775953036.650200000","1",NULL,NULL,"84982",NULL,NULL,"team page"
"84983",NULL,"49","9566","12880","861","cpp","1775953038.530500000","1",NULL,NULL,"84983",NULL,NULL,"team page"
"84984",NULL,"49","9700","13282","867","cpp","1775953040.437400000","1",NULL,NULL,"84984",NULL,NULL,"team page"
"84985",NULL,"49","9535","12786","868","cpp","1775953040.497100000","1",NULL,NULL,"84985",NULL,NULL,"team page"
"84986",NULL,"49","9709","13308","864","cpp","1775953040.747800000","1",NULL,NULL,"84986",NULL,NULL,"team page"
"84987",NULL,"49","9768","13485","866","cpp","1775953042.893200000","1",NULL,NULL,"84987",NULL,NULL,"team page"
"84988",NULL,"49","9895","13864","862","cpp","1775953048.114700000","1",NULL,NULL,"84988",NULL,NULL,"team page"
"84989",NULL,"49","10067","14320","862","py3","1775953051.285000000","1",NULL,NULL,"84989","gta6.py",NULL,"team page"
"84990",NULL,"49","9336","12189","862","cpp","1775953051.822500000","1",NULL,NULL,"84990",NULL,NULL,"team page"
"84991",NULL,"49","9795","13566","869","cpp","1775953052.707600000","1",NULL,NULL,"84991",NULL,NULL,"team page"
"84992",NULL,"49","9787","13542","864","cpp","1775953053.266300000","1",NULL,NULL,"84992",NULL,NULL,"team page"
"84993",NULL,"49","9476","12609","861","py3","1775953053.810300000","1",NULL,NULL,"84993","files_template.py",NULL,"team page"
"84994",NULL,"49","9482","12627","872","cpp","1775953054.803900000","1",NULL,NULL,"84994",NULL,NULL,"team page"
"84995",NULL,"49","9708","13305","866","py3","1775953054.984400000","1",NULL,NULL,"84995","problem6.py",NULL,"team page"
"84996",NULL,"49","9321","12144","862","java","1775953056.390500000","1",NULL,NULL,"84996","Solution",NULL,"team page"
"84997",NULL,"49","9627","13062","865","py3","1775953058.490400000","1",NULL,NULL,"84997","grid_template.py",NULL,"team page"
"84998",NULL,"49","9827","13660","867","cpp","1775953058.871400000","1",NULL,NULL,"84998",NULL,NULL,"team page"
"84999",NULL,"49","9628","13067","861","py3","1775953059.966100000","1",NULL,NULL,"84999","files_template.py",NULL,"team page"
"85000",NULL,"49","9785","13536","859","py3","1775953060.342400000","1",NULL,NULL,"85000","calico_problem_1.py",NULL,"team page"
"85001",NULL,"49","9884","13832","860","cpp","1775953064.135000000","1",NULL,NULL,"85001",NULL,NULL,"team page"
"85002",NULL,"49","9319","12139","860","py3","1775953064.208000000","1",NULL,NULL,"85002","nah_template.py",NULL,"team page"
"85003",NULL,"49","9683","13231","866","py3","1775953064.176600000","1",NULL,NULL,"85003","6.py",NULL,"team page"
"85004",NULL,"49","9537","12792","865","cpp","1775953064.622900000","1",NULL,NULL,"85004",NULL,NULL,"team page"
"85005",NULL,"49","10007","14152","861","java","1775953066.674700000","1",NULL,NULL,"85005","Main",NULL,"team page"
"85006",NULL,"49","9891","13853","862","cpp","1775953066.810800000","1",NULL,NULL,"85006",NULL,NULL,"team page"
"85007",NULL,"49","10087","14362","864","py3","1775953067.006000000","1",NULL,NULL,"85007","grid_template.py",NULL,"team page"
"85008",NULL,"49","9853","13738","860","py3","1775953067.108700000","1",NULL,NULL,"85008","nah_main.py",NULL,"team page"
"85009",NULL,"49","10004","14141","864","pypy3","1775953069.985800000","1",NULL,NULL,"85009","t412e.py",NULL,"team page"
"85010",NULL,"49","10084","14353","859","py3","1775953070.936600000","1",NULL,NULL,"85010","ProgramOne.py",NULL,"team page"
"85011",NULL,"49","9355","12248","864","py3","1775953071.954700000","1",NULL,NULL,"85011","grid_template.py",NULL,"team page"
"85012",NULL,"49","9902","13885","867","py3","1775953072.691000000","1",NULL,NULL,"85012","7.py",NULL,"team page"
"85013",NULL,"49","9336","12189","863","cpp","1775953073.795300000","1",NULL,NULL,"85013",NULL,NULL,"team page"
"85014",NULL,"49","9474","12603","866","cpp","1775953075.274300000","1",NULL,NULL,"85014",NULL,NULL,"team page"
"85015",NULL,"49","9958","14031","872","java","1775953075.900900000","1",NULL,NULL,"85015","P9",NULL,"team page"
"85016",NULL,"49","9419","12438","864","cpp","1775953076.027400000","1",NULL,NULL,"85016",NULL,NULL,"team page"
"85017",NULL,"49","9795","13566","869","cpp","1775953077.119100000","1",NULL,NULL,"85017",NULL,NULL,"team page"
"85018",NULL,"49","9792","13556","865","cpp","1775953077.610800000","1",NULL,NULL,"85018",NULL,NULL,"team page"
"85019",NULL,"49","9614","13023","866","py3","1775953078.755400000","1",NULL,NULL,"85019","main.py",NULL,"team page"
"85021",NULL,"49","9640","13101","862","cpp","1775953082.803100000","1",NULL,NULL,"85021",NULL,NULL,"team page"
"85022",NULL,"49","10012","14165","859","pypy3","1775953082.899300000","1",NULL,NULL,"85022","piezoelectric_template.py",NULL,"team page"
"85023",NULL,"49","9827","13662","864","cpp","1775953083.756900000","1",NULL,NULL,"85023",NULL,NULL,"team page"
"85024",NULL,"49","9807","13600","860","py3","1775953084.589700000","1",NULL,NULL,"85024","problem2.py",NULL,"team page"
"85025",NULL,"49","9877","13810","863","cpp","1775953086.537800000","1",NULL,NULL,"85025",NULL,NULL,"team page"
"85026",NULL,"49","9998","14123","861","py3","1775953086.823300000","1",NULL,NULL,"85026","exam3.1.py",NULL,"team page"
"85027",NULL,"49","9261","11964","861","py3","1775953087.418700000","1",NULL,NULL,"85027","nah_template.py",NULL,"team page"
"85028",NULL,"49","9858","13755","879","py3","1775953088.474300000","1",NULL,NULL,"85028","12.py",NULL,"team page"
"85029",NULL,"49","9658","13157","869","cpp","1775953090.770700000","1",NULL,NULL,"85029",NULL,NULL,"team page"
"85030",NULL,"49","9612","13018","864","py3","1775953094.064500000","1",NULL,NULL,"85030","grid_template.py",NULL,"team page"
"85031",NULL,"49","9394","12363","861","py3","1775953095.659000000","1",NULL,NULL,"85031","String_comparison.py",NULL,"team page"
"85032",NULL,"49","9266","11980","860","cpp","1775953096.907800000","1",NULL,NULL,"85032",NULL,NULL,"team page"
"85033",NULL,"49","9717","13334","868","cpp","1775953100.687600000","1",NULL,NULL,"85033",NULL,NULL,"team page"
"85034",NULL,"49","9240","11902","872","cpp","1775953100.896900000","1",NULL,NULL,"85034",NULL,NULL,"team page"
"85035",NULL,"49","9503","12690","864","cpp","1775953105.215600000","1",NULL,NULL,"85035",NULL,NULL,"team page"
"85036",NULL,"49","10017","14182","867","cpp","1775953106.395100000","1",NULL,NULL,"85036",NULL,NULL,"team page"
"85037",NULL,"49","9700","13282","867","cpp","1775953107.502900000","1",NULL,NULL,"85037",NULL,NULL,"team page"
"85038",NULL,"49","9700","13282","867","cpp","1775953107.905300000","1",NULL,NULL,"85038",NULL,NULL,"team page"
"85039",NULL,"49","9635","13087","860","java","1775953108.731800000","1",NULL,NULL,"85039","gojo",NULL,"team page"
"85040",NULL,"49","9370","12291","865","cpp","1775953110.656300000","1",NULL,NULL,"85040",NULL,NULL,"team page"
"85041",NULL,"49","9998","14125","866","py3","1775953116.594000000","1",NULL,NULL,"85041","problem_6.py",NULL,"team page"
"85042",NULL,"49","9890","13850","860","java","1775953118.365300000","1",NULL,NULL,"85042","Main",NULL,"team page"
"85043",NULL,"49","9569","12890","864","cpp","1775953120.726100000","1",NULL,NULL,"85043",NULL,NULL,"team page"
"85044",NULL,"49","9816","13628","863","pypy3","1775953123.270900000","1",NULL,NULL,"85044","laser_template.py",NULL,"team page"
"85045",NULL,"49","9850","13729","863","py3","1775953123.838200000","1",NULL,NULL,"85045","laser_template.py",NULL,"team page"
"85046",NULL,"49","9566","12881","864","cpp","1775953126.104500000","1",NULL,NULL,"85046",NULL,NULL,"team page"
"85047",NULL,"49","10008","14153","868","py3","1775953126.623600000","1",NULL,NULL,"85047","mycelium_template.py",NULL,"team page"
"85048",NULL,"49","9336","12191","866","java","1775953128.098400000","1",NULL,NULL,"85048","Solutionforsix",NULL,"team page"
"85049",NULL,"49","10067","14320","864","py3","1775953128.821500000","1",NULL,NULL,"85049","gta6.py",NULL,"team page"
"85050",NULL,"49","9667","13182","865","py3","1775953129.663100000","1",NULL,NULL,"85050","grid_template.py",NULL,"team page"
"85051",NULL,"49","10012","14165","861","pypy3","1775953129.754900000","1",NULL,NULL,"85051","files_template.py",NULL,"team page"
"85052",NULL,"49","10068","14323","865","py3","1775953136.160500000","1",NULL,NULL,"85052","grid_bonus.py",NULL,"team page"
"85053",NULL,"49","9298","12077","864","cpp","1775953137.766900000","1",NULL,NULL,"85053",NULL,NULL,"team page"
"85054",NULL,"49","10057","14290","862","pypy3","1775953138.649400000","1",NULL,NULL,"85054","fourth.py",NULL,"team page"
"85055",NULL,"49","9435","12486","861","pypy3","1775953140.177500000","1",NULL,NULL,"85055","files.py",NULL,"team page"
"85056",NULL,"49","9478","12615","864","py3","1775953144.715000000","1",NULL,NULL,"85056","grid.py",NULL,"team page"
"85057",NULL,"49","9537","12792","865","cpp","1775953146.080800000","1",NULL,NULL,"85057",NULL,NULL,"team page"
"85058",NULL,"49","9647","13124","866","cpp","1775953146.409000000","1",NULL,NULL,"85058",NULL,NULL,"team page"
"85059",NULL,"49","9988","14094","868","py3","1775953149.397400000","1",NULL,NULL,"85059","shsid.py",NULL,"team page"
"85060",NULL,"49","9376","12309","863","cpp","1775953153.223800000","1",NULL,NULL,"85060",NULL,NULL,"team page"
"85061",NULL,"49","9476","12609","861","py3","1775953153.528700000","1",NULL,NULL,"85061","files_template.py",NULL,"team page"
"85062",NULL,"49","9476","12609","861","py3","1775953154.106900000","1",NULL,NULL,"85062","files_template.py",NULL,"team page"
"85063",NULL,"49","9902","13885","867","pypy3","1775953154.756200000","1",NULL,NULL,"85063","7.py",NULL,"team page"
"85064",NULL,"49","9275","12008","866","java","1775953155.711200000","1",NULL,NULL,"85064","Solution",NULL,"team page"
"85065",NULL,"49","10012","14165","868","pypy3","1775953155.796900000","1",NULL,NULL,"85065","mycelium_template.py",NULL,"team page"
"85066",NULL,"49","9690","13252","865","py3","1775953156.450300000","1",NULL,NULL,"85066","TEST.py",NULL,"team page"
"85067",NULL,"49","9535","12786","868","cpp","1775953156.651400000","1",NULL,NULL,"85067",NULL,NULL,"team page"
"85068",NULL,"49","9298","12077","865","cpp","1775953157.168000000","1",NULL,NULL,"85068",NULL,NULL,"team page"
"85069",NULL,"49","9367","12284","864","cpp","1775953158.443200000","1",NULL,NULL,"85069",NULL,NULL,"team page"
"85070",NULL,"49","10008","14153","869","py3","1775953158.518800000","1",NULL,NULL,"85070","mycelium_template.py",NULL,"team page"
"85071",NULL,"49","9635","13086","863","cpp","1775953159.752000000","1",NULL,NULL,"85071",NULL,NULL,"team page"
"85072",NULL,"49","9275","12007","862","java","1775953160.213900000","1",NULL,NULL,"85072","Solution",NULL,"team page"
"85073",NULL,"49","9898","13873","860","py3","1775953163.404700000","1",NULL,NULL,"85073","CALICOCodeQ2.py",NULL,"team page"
"85074",NULL,"49","9998","14124","877","cpp","1775953163.461500000","1",NULL,NULL,"85074",NULL,NULL,"team page"
"85075",NULL,"49","10035","14225","872","py3","1775953163.921200000","1",NULL,NULL,"85075","splitters.py",NULL,"team page"
"85076",NULL,"49","9886","13838","860","cpp","1775953164.431400000","1",NULL,NULL,"85076",NULL,NULL,"team page"
"85077",NULL,"49","9533","12781","866","cpp","1775953164.941500000","1",NULL,NULL,"85077",NULL,NULL,"team page"
"85078",NULL,"49","9746","13419","877","cpp","1775953169.029000000","1",NULL,NULL,"85078",NULL,NULL,"team page"
"85079",NULL,"49","9345","12216","864","py3","1775953169.307600000","1",NULL,NULL,"85079","main.py",NULL,"team page"
"85080",NULL,"49","9331","12174","866","cpp","1775953169.734200000","1",NULL,NULL,"85080",NULL,NULL,"team page"
"85081",NULL,"49","9296","12069","863","cpp","1775953169.785800000","1",NULL,NULL,"85081",NULL,NULL,"team page"
"85082",NULL,"49","9543","12811","872","cpp","1775953170.527200000","1",NULL,NULL,"85082",NULL,NULL,"team page"
"85083",NULL,"49","9670","13192","862","cpp","1775953174.878800000","1",NULL,NULL,"85083",NULL,NULL,"team page"
"85084",NULL,"49","9778","13515","860","py3","1775953176.606100000","1",NULL,NULL,"85084","nah_template.py",NULL,"team page"
"85085",NULL,"49","9763","13472","861","py3","1775953176.809000000","1",NULL,NULL,"85085","problem_3.py",NULL,"team page"
"85086",NULL,"49","9598","12975","867","py3","1775953178.698300000","1",NULL,NULL,"85086","cross_template.py",NULL,"team page"
"85087",NULL,"49","9598","12975","867","py3","1775953179.574300000","1",NULL,NULL,"85087","cross_template.py",NULL,"team page"
"85088",NULL,"49","9743","13410","859","py3","1775953181.773300000","1",NULL,NULL,"85088","p1.py",NULL,"team page"
"85089",NULL,"49","9296","12069","862","cpp","1775953183.687200000","1",NULL,NULL,"85089",NULL,NULL,"team page"
"85090",NULL,"49","9403","12390","859","pypy3","1775953185.572800000","1",NULL,NULL,"85090","piezoelectric_template.py",NULL,"team page"
"85091",NULL,"49","9275","12007","863","java","1775953185.968100000","1",NULL,NULL,"85091","Solution",NULL,"team page"
"85092",NULL,"49","9732","13378","860","cpp","1775953191.076600000","1",NULL,NULL,"85092",NULL,NULL,"team page"
"85093",NULL,"49","9379","12319","867","cpp","1775953191.487200000","1",NULL,NULL,"85093",NULL,NULL,"team page"
"85094",NULL,"49","9744","13413","862","cpp","1775953192.411500000","1",NULL,NULL,"85094",NULL,NULL,"team page"
"85095",NULL,"49","9272","11997","860","py3","1775953193.449000000","1",NULL,NULL,"85095","main.py",NULL,"team page"
"85096",NULL,"49","9671","13195","877","pypy3","1775953195.271700000","1",NULL,NULL,"85096","lecture_template.py",NULL,"team page"
"85097",NULL,"49","9640","13101","862","cpp","1775953195.927800000","1",NULL,NULL,"85097",NULL,NULL,"team page"
"85098",NULL,"49","9568","12885","860","py3","1775953197.029700000","1",NULL,NULL,"85098","nah_template.py",NULL,"team page"
"85099",NULL,"49","9535","12786","862","cpp","1775953197.619500000","1",NULL,NULL,"85099",NULL,NULL,"team page"
"85100",NULL,"49","9786","13539","877","py3","1775953200.448100000","1",NULL,NULL,"85100","auratime.py",NULL,"team page"
"85101",NULL,"49","9253","11941","868","cpp","1775953200.627200000","1",NULL,NULL,"85101",NULL,NULL,"team page"
"85102",NULL,"49","9331","12175","862","pypy3","1775953200.898700000","1",NULL,NULL,"85102","laswer.py",NULL,"team page"
"85103",NULL,"49","9635","13086","863","cpp","1775953201.804200000","1",NULL,NULL,"85103",NULL,NULL,"team page"
"85104",NULL,"49","9366","12279","864","pypy3","1775953205.917900000","1",NULL,NULL,"85104","p5.py",NULL,"team page"
"85105",NULL,"49","9668","13185","869","cpp","1775953207.531500000","1",NULL,NULL,"85105",NULL,NULL,"team page"
"85106",NULL,"49","9355","12247","866","py3","1775953208.022100000","1",NULL,NULL,"85106","shadows_main.py",NULL,"team page"
"85107",NULL,"49","9345","12217","867","py3","1775953208.591400000","1",NULL,NULL,"85107","cross_template.py",NULL,"team page"
"85108",NULL,"49","9612","13018","865","py3","1775953213.921800000","1",NULL,NULL,"85108","grid_template.py",NULL,"team page"
"85109",NULL,"49","9253","11941","869","cpp","1775953214.737100000","1",NULL,NULL,"85109",NULL,NULL,"team page"
"85110",NULL,"49","9376","12309","862","cpp","1775953215.697300000","1",NULL,NULL,"85110",NULL,NULL,"team page"
"85111",NULL,"49","10098","14396","864","py3","1775953217.239600000","1",NULL,NULL,"85111","sideways.py",NULL,"team page"
"85112",NULL,"49","9444","12513","860","cpp","1775953217.364500000","1",NULL,NULL,"85112",NULL,NULL,"team page"
"85113",NULL,"49","9846","13718","861","py3","1775953217.604800000","1",NULL,NULL,"85113","problem3.py",NULL,"team page"
"85114",NULL,"49","9229","11868","864","cpp","1775953218.869800000","1",NULL,NULL,"85114",NULL,NULL,"team page"
"85115",NULL,"49","10051","14273","879","py3","1775953221.296100000","1",NULL,NULL,"85115","bruh.py",NULL,"team page"
"85116",NULL,"49","9639","13099","864","cpp","1775953221.598200000","1",NULL,NULL,"85116",NULL,NULL,"team page"
"85117",NULL,"49","9301","12085","867","cpp","1775953221.675000000","1",NULL,NULL,"85117",NULL,NULL,"team page"
"85118",NULL,"49","9699","13280","868","cpp","1775953222.651400000","1",NULL,NULL,"85118",NULL,NULL,"team page"
"85119",NULL,"49","9746","13419","878","cpp","1775953226.306900000","1",NULL,NULL,"85119",NULL,NULL,"team page"
"85120",NULL,"49","9763","13471","862","py3","1775953230.926800000","1",NULL,NULL,"85120","laser_template.py",NULL,"team page"
"85121",NULL,"49","9564","12875","869","cpp","1775953233.868200000","1",NULL,NULL,"85121",NULL,NULL,"team page"
"85122",NULL,"49","9366","12279","864","pypy3","1775953236.796100000","1",NULL,NULL,"85122","p5.py",NULL,"team page"
"85123",NULL,"49","9217","11832","859","py3","1775953236.804500000","1",NULL,NULL,"85123","1.py",NULL,"team page"
"85124",NULL,"49","9630","13071","866","cpp","1775953239.212000000","1",NULL,NULL,"85124",NULL,NULL,"team page"
"85125",NULL,"49","9465","12576","865","cpp","1775953239.774400000","1",NULL,NULL,"85125",NULL,NULL,"team page"
"85126",NULL,"49","9988","14093","864","cpp","1775953240.351500000","1",NULL,NULL,"85126",NULL,NULL,"team page"
"85127",NULL,"49","9899","13878","859","java","1775953241.340900000","1",NULL,NULL,"85127","JoshContext041201",NULL,"team page"
"85128",NULL,"49","9298","12077","865","cpp","1775953242.480300000","1",NULL,NULL,"85128",NULL,NULL,"team page"
"85129",NULL,"49","9362","12267","866","cpp","1775953247.682800000","1",NULL,NULL,"85129",NULL,NULL,"team page"
"85130",NULL,"49","10068","14323","866","py3","1775953247.711300000","1",NULL,NULL,"85130","shadows.py",NULL,"team page"
"85131",NULL,"49","9351","12235","866","cpp","1775953248.650000000","1",NULL,NULL,"85131",NULL,NULL,"team page"
"85132",NULL,"49","9371","12294","860","pypy3","1775953248.919800000","1",NULL,NULL,"85132","nah_template.py",NULL,"team page"
"85133",NULL,"49","10012","14165","867","pypy3","1775953252.527900000","1",NULL,NULL,"85133","cross_template.py",NULL,"team page"
"85134",NULL,"49","9217","11832","863","cpp","1775953253.088200000","1",NULL,NULL,"85134",NULL,NULL,"team page"
"85135",NULL,"49","9998","14124","877","cpp","1775953254.710300000","1",NULL,NULL,"85135",NULL,NULL,"team page"
"85136",NULL,"49","9489","12648","861","py3","1775953256.140700000","1",NULL,NULL,"85136","files_template.py",NULL,"team page"
"85137",NULL,"49","9564","12875","870","cpp","1775953257.516400000","1",NULL,NULL,"85137",NULL,NULL,"team page"
"85138",NULL,"49","9588","12945","861","java","1775953258.281600000","1",NULL,NULL,"85138","Solution",NULL,"team page"
"85139",NULL,"49","9504","12693","861","cpp","1775953259.390500000","1",NULL,NULL,"85139",NULL,NULL,"team page"
"85140",NULL,"49","9748","13425","863","py3","1775953259.409900000","1",NULL,NULL,"85140","4b.py",NULL,"team page"
"85141",NULL,"49","9859","13756","861","cpp","1775953260.255700000","1",NULL,NULL,"85141",NULL,NULL,"team page"
"85142",NULL,"49","9712","13318","872","cpp","1775953261.344700000","1",NULL,NULL,"85142",NULL,NULL,"team page"
"85143",NULL,"49","9795","13566","869","cpp","1775953261.731400000","1",NULL,NULL,"85143",NULL,NULL,"team page"
"85144",NULL,"49","9523","12751","861","cpp","1775953262.278200000","1",NULL,NULL,"85144",NULL,NULL,"team page"
"85145",NULL,"49","9743","13411","861","py3","1775953262.285100000","1",NULL,NULL,"85145","p3.py",NULL,"team page"
"85146",NULL,"49","9925","13932","865","cpp","1775953263.191200000","1",NULL,NULL,"85146",NULL,NULL,"team page"
"85147",NULL,"49","9331","12175","862","pypy3","1775953264.455900000","1",NULL,NULL,"85147","laswer.py",NULL,"team page"
"85148",NULL,"49","9201","11784","861","py3","1775953265.784900000","1",NULL,NULL,"85148","problem_3.py",NULL,"team page"
"85149",NULL,"49","9314","12125","865","cpp","1775953266.547800000","1",NULL,NULL,"85149",NULL,NULL,"team page"
"85150",NULL,"49","9240","11903","864","cpp","1775953267.046300000","1",NULL,NULL,"85150",NULL,NULL,"team page"
"85151",NULL,"49","9302","12087","863","cpp","1775953271.199900000","1",NULL,NULL,"85151",NULL,NULL,"team page"
"85152",NULL,"49","9298","12077","865","cpp","1775953271.877600000","1",NULL,NULL,"85152",NULL,NULL,"team page"
"85153",NULL,"49","9988","14093","864","cpp","1775953272.827300000","1",NULL,NULL,"85153",NULL,NULL,"team page"
"85154",NULL,"49","10046","14257","867","cpp","1775953274.843500000","1",NULL,NULL,"85154",NULL,NULL,"team page"
"85155",NULL,"49","9232","11878","860","java","1775953275.564200000","1",NULL,NULL,"85155","SolutionProblem2",NULL,"team page"
"85156",NULL,"49","9785","13536","859","py3","1775953276.098600000","1",NULL,NULL,"85156","calico_problem_1.py",NULL,"team page"
"85157",NULL,"49","9668","13185","869","cpp","1775953276.542800000","1",NULL,NULL,"85157",NULL,NULL,"team page"
"85158",NULL,"49","9717","13334","868","cpp","1775953279.948400000","1",NULL,NULL,"85158",NULL,NULL,"team page"
"85159",NULL,"49","9378","12315","870","py3","1775953280.540500000","1",NULL,NULL,"85159","mycelium_template.py",NULL,"team page"
"85160",NULL,"49","9722","13349","864","py3","1775953283.119900000","1",NULL,NULL,"85160","grid_template.py",NULL,"team page"
"85161",NULL,"49","9537","12792","866","cpp","1775953283.512200000","1",NULL,NULL,"85161",NULL,NULL,"team page"
"85162",NULL,"49","9319","12139","860","py3","1775953285.745700000","1",NULL,NULL,"85162","nah_template.py",NULL,"team page"
"85163",NULL,"49","9240","11903","867","cpp","1775953286.246800000","1",NULL,NULL,"85163",NULL,NULL,"team page"
"85164",NULL,"49","9486","12639","864","cpp","1775953286.832800000","1",NULL,NULL,"85164",NULL,NULL,"team page"
"85165",NULL,"49","9732","13378","860","cpp","1775953288.192800000","1",NULL,NULL,"85165",NULL,NULL,"team page"
"85166",NULL,"49","9312","12117","867","cpp","1775953288.413900000","1",NULL,NULL,"85166",NULL,NULL,"team page"
"85167",NULL,"49","9717","13334","869","cpp","1775953288.887700000","1",NULL,NULL,"85167",NULL,NULL,"team page"
"85168",NULL,"49","9767","13483","859","py3","1775953289.821800000","1",NULL,NULL,"85168","piezoelectric.py",NULL,"team page"
"85169",NULL,"49","9253","11941","869","cpp","1775953290.817200000","1",NULL,NULL,"85169",NULL,NULL,"team page"
"85170",NULL,"49","9795","13566","869","cpp","1775953291.660400000","1",NULL,NULL,"85170",NULL,NULL,"team page"
"85171",NULL,"49","9614","13023","866","pypy3","1775953292.266500000","1",NULL,NULL,"85171","main.py",NULL,"team page"
"85172",NULL,"49","9462","12567","865","java","1775953293.061700000","1",NULL,NULL,"85172","Solution",NULL,"team page"
"85173",NULL,"49","9726","13360","861","py3","1775953294.974400000","1",NULL,NULL,"85173","files.py",NULL,"team page"
"85174",NULL,"49","9361","12264","866","py3","1775953297.049200000","1",NULL,NULL,"85174","shadows_template.py",NULL,"team page"
"85175",NULL,"49","9489","12648","861","py3","1775953298.826600000","1",NULL,NULL,"85175","files_template.py",NULL,"team page"
"85176",NULL,"49","9779","13518","865","cpp","1775953299.036800000","1",NULL,NULL,"85176",NULL,NULL,"team page"
"85177",NULL,"49","9938","13971","863","cpp","1775953300.144900000","1",NULL,NULL,"85177",NULL,NULL,"team page"
"85178",NULL,"49","9994","14113","861","java","1775953300.476900000","1",NULL,NULL,"85178","Main",NULL,"team page"
"85179",NULL,"49","9938","13971","863","cpp","1775953301.108800000","1",NULL,NULL,"85179",NULL,NULL,"team page"
"85180",NULL,"49","9658","13156","862","cpp","1775953303.523800000","1",NULL,NULL,"85180",NULL,NULL,"team page"
"85181",NULL,"49","10015","14174","868","py3","1775953305.376000000","1",NULL,NULL,"85181","main.py",NULL,"team page"
"85182",NULL,"49","9544","12813","868","cpp","1775953307.650200000","1",NULL,NULL,"85182",NULL,NULL,"team page"
"85183",NULL,"49","9991","14102","860","py3","1775953308.495300000","1",NULL,NULL,"85183","prob2.py",NULL,"team page"
"85184",NULL,"49","9536","12790","859","cpp","1775953313.296900000","1",NULL,NULL,"85184",NULL,NULL,"team page"
"85185",NULL,"49","10095","14387","864","py3","1775953316.425300000","1",NULL,NULL,"85185","grid_template.py",NULL,"team page"
"85186",NULL,"49","9694","13265","864","cpp","1775953317.379900000","1",NULL,NULL,"85186",NULL,NULL,"team page"
"85187",NULL,"49","9331","12175","863","pypy3","1775953318.400700000","1",NULL,NULL,"85187","laswer.py",NULL,"team page"
"85188",NULL,"49","9899","13878","859","java","1775953318.408700000","1",NULL,NULL,"85188","JoshContext041202",NULL,"team page"
"85189",NULL,"49","9899","13878","859","java","1775953319.442500000","1",NULL,NULL,"85189","JoshContext041202",NULL,"team page"
"85190",NULL,"49","9360","12261","865","py3","1775953319.913200000","1",NULL,NULL,"85190","grid_template.py",NULL,"team page"
"85191",NULL,"49","9544","12813","869","cpp","1775953320.293200000","1",NULL,NULL,"85191",NULL,NULL,"team page"
"85192",NULL,"49","9604","12994","867","cpp","1775953325.321200000","1",NULL,NULL,"85192",NULL,NULL,"team page"
"85193",NULL,"49","9259","11958","860","pypy3","1775953327.676800000","1",NULL,NULL,"85193","index_problem_2.py",NULL,"team page"
"85194",NULL,"49","10004","14141","866","pypy3","1775953329.168300000","1",NULL,NULL,"85194","t412f.py",NULL,"team page"
"85195",NULL,"49","9928","13942","862","cpp","1775953332.993500000","1",NULL,NULL,"85195",NULL,NULL,"team page"
"85196",NULL,"49","9592","12957","866","cpp","1775953333.741300000","1",NULL,NULL,"85196",NULL,NULL,"team page"
"85197",NULL,"49","9421","12446","864","cpp","1775953335.766300000","1",NULL,NULL,"85197",NULL,NULL,"team page"
"85198",NULL,"49","9596","12969","859","py3","1775953340.374800000","1",NULL,NULL,"85198","problem1_main.py",NULL,"team page"
"85199",NULL,"49","10067","14320","864","py3","1775953341.318300000","1",NULL,NULL,"85199","gta6.py",NULL,"team page"
"85200",NULL,"49","9854","13741","860","py3","1775953344.980500000","1",NULL,NULL,"85200","solution.py",NULL,"team page"
"85201",NULL,"49","9537","12792","866","cpp","1775953348.210000000","1",NULL,NULL,"85201",NULL,NULL,"team page"
"85202",NULL,"49","9366","12279","864","pypy3","1775953349.063900000","1",NULL,NULL,"85202","p5.py",NULL,"team page"
"85203",NULL,"49","10015","14174","869","py3","1775953349.452400000","1",NULL,NULL,"85203","main.py",NULL,"team page"
"85204",NULL,"49","9616","13029","859","cpp","1775953350.077600000","1",NULL,NULL,"85204",NULL,NULL,"team page"
"85205",NULL,"49","10068","14323","867","py3","1775953350.639100000","1",NULL,NULL,"85205","cross.py",NULL,"team page"
"85206",NULL,"49","9281","12024","861","pypy3","1775953355.452600000","1",NULL,NULL,"85206","answers_3.py",NULL,"team page"
"85207",NULL,"49","9444","12513","860","cpp","1775953356.282700000","1",NULL,NULL,"85207",NULL,NULL,"team page"
"85208",NULL,"49","9430","12471","866","cpp","1775953356.978900000","1",NULL,NULL,"85208",NULL,NULL,"team page"
"85209",NULL,"49","9559","12859","862","py3","1775953359.783500000","1",NULL,NULL,"85209","P4.py",NULL,"team page"
"85210",NULL,"49","9918","13912","864","cpp","1775953360.031500000","1",NULL,NULL,"85210",NULL,NULL,"team page"
"85211",NULL,"49","9888","13845","860","pypy3","1775953361.322300000","1",NULL,NULL,"85211","2a.py",NULL,"team page"
"85212",NULL,"49","10057","14290","862","pypy3","1775953362.487600000","1",NULL,NULL,"85212","fourth.py",NULL,"team page"
"85213",NULL,"49","10029","14207","877","cpp","1775953364.635700000","1",NULL,NULL,"85213",NULL,NULL,"team page"
"85214",NULL,"49","9941","13981","861","py3","1775953367.335200000","1",NULL,NULL,"85214","files_template.py",NULL,"team page"
"85215",NULL,"49","9240","11903","867","cpp","1775953367.610700000","1",NULL,NULL,"85215",NULL,NULL,"team page"
"85216",NULL,"49","9535","12786","868","cpp","1775953368.784800000","1",NULL,NULL,"85216",NULL,NULL,"team page"
"85217",NULL,"49","9523","12750","864","py3","1775953370.012700000","1",NULL,NULL,"85217","grid.py",NULL,"team page"
"85218",NULL,"49","10039","14236","864","pypy3","1775953371.192200000","1",NULL,NULL,"85218","05.py",NULL,"team page"
"85219",NULL,"49","9717","13334","869","cpp","1775953372.912100000","1",NULL,NULL,"85219",NULL,NULL,"team page"
"85220",NULL,"49","10048","14265","866","cpp","1775953374.783800000","1",NULL,NULL,"85220",NULL,NULL,"team page"
"85221",NULL,"49","9442","12507","862","cpp","1775953380.323500000","1",NULL,NULL,"85221",NULL,NULL,"team page"
"85222",NULL,"49","9603","12991","861","py3","1775953381.664200000","1",NULL,NULL,"85222","script4.py",NULL,"team page"
"85223",NULL,"49","9261","11964","861","py3","1775953382.355900000","1",NULL,NULL,"85223","nah_template.py",NULL,"team page"
"85224",NULL,"49","9358","12255","863","cpp","1775953384.273800000","1",NULL,NULL,"85224",NULL,NULL,"team page"
"85225",NULL,"49","9728","13365","860","py3","1775953385.981600000","1",NULL,NULL,"85225","main2.py",NULL,"team page"
"85226",NULL,"49","9732","13378","860","cpp","1775953388.847300000","1",NULL,NULL,"85226",NULL,NULL,"team page"
"85227",NULL,"49","9210","11811","868","pypy3","1775953388.893100000","1",NULL,NULL,"85227","mycelium_template.py",NULL,"team page"
"85228",NULL,"49","9779","13518","865","cpp","1775953391.695400000","1",NULL,NULL,"85228",NULL,NULL,"team page"
"85229",NULL,"49","9694","13265","865","cpp","1775953391.716900000","1",NULL,NULL,"85229",NULL,NULL,"team page"
"85230",NULL,"49","9917","13910","862","py3","1775953392.318200000","1",NULL,NULL,"85230","main.py",NULL,"team page"
"85231",NULL,"49","9593","12962","864","cpp","1775953392.836200000","1",NULL,NULL,"85231",NULL,NULL,"team page"
"85232",NULL,"49","9746","13421","859","py3","1775953392.899200000","1",NULL,NULL,"85232","notebooks_Intro.py",NULL,"team page"
"85233",NULL,"49","9767","13483","859","py3","1775953394.026400000","1",NULL,NULL,"85233","piezoelectric.py",NULL,"team page"
"85234",NULL,"49","9674","13205","861","cpp","1775953395.555000000","1",NULL,NULL,"85234",NULL,NULL,"team page"
"85235",NULL,"49","9892","13857","863","py3","1775953397.023900000","1",NULL,NULL,"85235","laser_template.py",NULL,"team page"
"85236",NULL,"49","9636","13090","861","java","1775953397.082400000","1",NULL,NULL,"85236","Main",NULL,"team page"
"85237",NULL,"49","9675","13208","866","java","1775953397.895200000","1",NULL,NULL,"85237","Solution",NULL,"team page"
"85238",NULL,"49","9210","11811","869","pypy3","1775953398.127900000","1",NULL,NULL,"85238","mycelium_template.py",NULL,"team page"
"85239",NULL,"49","10051","14273","879","py3","1775953401.418200000","1",NULL,NULL,"85239","bruh.py",NULL,"team page"
"85240",NULL,"49","9772","13497","860","py3","1775953401.814800000","1",NULL,NULL,"85240","program2.py",NULL,"team page"
"85241",NULL,"49","9612","13017","863","py3","1775953403.257000000","1",NULL,NULL,"85241","laser_template.py",NULL,"team page"
"85242",NULL,"49","9593","12962","864","cpp","1775953404.195400000","1",NULL,NULL,"85242",NULL,NULL,"team page"
"85243",NULL,"49","9593","12962","864","cpp","1775953405.655000000","1",NULL,NULL,"85243",NULL,NULL,"team page"
"85244",NULL,"49","9737","13394","862","pypy3","1775953408.148400000","1",NULL,NULL,"85244","laser_main.py",NULL,"team page"
"85245",NULL,"49","10098","14396","864","py3","1775953408.898500000","1",NULL,NULL,"85245","sideways.py",NULL,"team page"
"85246",NULL,"49","9988","14093","864","cpp","1775953410.707500000","1",NULL,NULL,"85246",NULL,NULL,"team page"
"85247",NULL,"49","9210","11811","870","pypy3","1775953410.756300000","1",NULL,NULL,"85247","mycelium_template.py",NULL,"team page"
"85248",NULL,"49","10015","14174","869","py3","1775953411.473600000","1",NULL,NULL,"85248","main.py",NULL,"team page"
"85249",NULL,"49","10008","14153","869","py3","1775953412.203400000","1",NULL,NULL,"85249","mycelium_template.py",NULL,"team page"
"85250",NULL,"49","9858","13755","872","py3","1775953413.694100000","1",NULL,NULL,"85250","9.py",NULL,"team page"
"85251",NULL,"49","9407","12404","867","cpp","1775953417.292900000","1",NULL,NULL,"85251",NULL,NULL,"team page"
"85252",NULL,"49","9982","14075","867","cpp","1775953417.799200000","1",NULL,NULL,"85252",NULL,NULL,"team page"
"85253",NULL,"49","9658","13156","862","cpp","1775953418.092100000","1",NULL,NULL,"85253",NULL,NULL,"team page"
"85254",NULL,"49","9708","13305","867","py3","1775953419.231700000","1",NULL,NULL,"85254","problem7.py",NULL,"team page"
"85255",NULL,"49","9643","13110","872","cpp","1775953419.846900000","1",NULL,NULL,"85255",NULL,NULL,"team page"
"85256",NULL,"49","9240","11903","867","cpp","1775953420.836300000","1",NULL,NULL,"85256",NULL,NULL,"team page"
"85257",NULL,"49","9370","12293","868","cpp","1775953421.389500000","1",NULL,NULL,"85257",NULL,NULL,"team page"
"85258",NULL,"49","9343","12211","869","cpp","1775953422.428200000","1",NULL,NULL,"85258",NULL,NULL,"team page"
"85259",NULL,"49","9886","13837","864","java","1775953423.770300000","1",NULL,NULL,"85259","problem5",NULL,"team page"
"85260",NULL,"49","9632","13077","864","cpp","1775953424.639100000","1",NULL,NULL,"85260",NULL,NULL,"team page"
"85261",NULL,"49","9392","12357","866","cpp","1775953425.379000000","1",NULL,NULL,"85261",NULL,NULL,"team page"
"85262",NULL,"49","9956","14025","862","py3","1775953426.453200000","1",NULL,NULL,"85262","laser_main.py",NULL,"team page"
"85263",NULL,"49","9674","13205","861","cpp","1775953427.674000000","1",NULL,NULL,"85263",NULL,NULL,"team page"
"85264",NULL,"49","9630","13072","860","py3","1775953432.378000000","1",NULL,NULL,"85264","nah_template.py",NULL,"team page"
"85265",NULL,"49","9816","13627","860","py3","1775953433.838100000","1",NULL,NULL,"85265","prob2.py",NULL,"team page"
"85266",NULL,"49","9568","12885","860","cpp","1775953435.340600000","1",NULL,NULL,"85266",NULL,NULL,"team page"
"85267",NULL,"49","9599","12978","862","py3","1775953435.548600000","1",NULL,NULL,"85267","solve.py",NULL,"team page"
"85268",NULL,"49","9807","13600","861","py3","1775953440.828200000","1",NULL,NULL,"85268","problem3.py",NULL,"team page"
"85269",NULL,"49","9658","13156","863","cpp","1775953443.566200000","1",NULL,NULL,"85269",NULL,NULL,"team page"
"85270",NULL,"49","9994","14112","862","java","1775953448.536300000","1",NULL,NULL,"85270","Main",NULL,"team page"
"85271",NULL,"49","9543","12812","860","cpp","1775953450.257200000","1",NULL,NULL,"85271",NULL,NULL,"team page"
"85272",NULL,"49","10070","14329","879","cpp","1775953451.818800000","1",NULL,NULL,"85272",NULL,NULL,"team page"
"85273",NULL,"49","9392","12357","866","cpp","1775953453.092500000","1",NULL,NULL,"85273",NULL,NULL,"team page"
"85274",NULL,"49","9657","13154","867","cpp","1775953455.466000000","1",NULL,NULL,"85274",NULL,NULL,"team page"
"85275",NULL,"49","9748","13425","863","py3","1775953455.803700000","1",NULL,NULL,"85275","4b.py",NULL,"team page"
"85276",NULL,"49","9301","12084","866","cpp","1775953456.069900000","1",NULL,NULL,"85276",NULL,NULL,"team page"
"85277",NULL,"49","10003","14138","861","cpp","1775953456.837900000","1",NULL,NULL,"85277",NULL,NULL,"team page"
"85278",NULL,"49","10082","14349","862","py3","1775953459.777600000","1",NULL,NULL,"85278","laser.py",NULL,"team page"
"85279",NULL,"49","9846","13718","861","py3","1775953459.830400000","1",NULL,NULL,"85279","problem3.py",NULL,"team page"
"85280",NULL,"49","9898","13873","860","py3","1775953462.024900000","1",NULL,NULL,"85280","CALICOCodeQ2.py",NULL,"team page"
"85281",NULL,"49","9917","13908","877","cpp","1775953463.553000000","1",NULL,NULL,"85281",NULL,NULL,"team page"
"85282",NULL,"49","9978","14063","861","cpp","1775953469.963500000","1",NULL,NULL,"85282",NULL,NULL,"team page"
"85283",NULL,"49","9564","12875","870","cpp","1775953470.424300000","1",NULL,NULL,"85283",NULL,NULL,"team page"
"85284",NULL,"49","9718","13336","860","pypy3","1775953470.534900000","1",NULL,NULL,"85284","3.py",NULL,"team page"
"85285",NULL,"49","9537","12792","866","cpp","1775953472.705900000","1",NULL,NULL,"85285",NULL,NULL,"team page"
"85286",NULL,"49","10095","14388","862","py3","1775953474.612700000","1",NULL,NULL,"85286","laser_template.py",NULL,"team page"
"85287",NULL,"49","9717","13334","869","cpp","1775953477.370600000","1",NULL,NULL,"85287",NULL,NULL,"team page"
"85288",NULL,"49","9360","12261","866","py3","1775953480.845700000","1",NULL,NULL,"85288","shadows_template.py",NULL,"team page"
"85289",NULL,"49","9669","13189","862","py3","1775953485.989200000","1",NULL,NULL,"85289","laser_template.py",NULL,"team page"
"85290",NULL,"49","9543","12812","860","cpp","1775953486.270700000","1",NULL,NULL,"85290",NULL,NULL,"team page"
"85291",NULL,"49","9793","13560","863","cpp","1775953487.796800000","1",NULL,NULL,"85291",NULL,NULL,"team page"
"85292",NULL,"49","9675","13207","862","java","1775953489.347800000","1",NULL,NULL,"85292","Solution",NULL,"team page"
"85293",NULL,"49","9366","12279","864","pypy3","1775953489.767100000","1",NULL,NULL,"85293","p5.py",NULL,"team page"
"85294",NULL,"49","9728","13365","860","py3","1775953490.852400000","1",NULL,NULL,"85294","main2.py",NULL,"team page"
"85295",NULL,"49","9630","13071","861","cpp","1775953490.996300000","1",NULL,NULL,"85295",NULL,NULL,"team page"
"85296",NULL,"49","9796","13567","879","py3","1775953493.920800000","1",NULL,NULL,"85296","main.py",NULL,"team page"
"85297",NULL,"49","9364","12275","867","cpp","1775953494.750500000","1",NULL,NULL,"85297",NULL,NULL,"team page"
"85298",NULL,"49","10051","14272","865","py3","1775953494.971400000","1",NULL,NULL,"85298","grid_templatecopy.py",NULL,"team page"
"85299",NULL,"49","9998","14125","866","cpp","1775953495.993900000","1",NULL,NULL,"85299",NULL,NULL,"team page"
"85300",NULL,"49","9516","12729","867","cpp","1775953497.254000000","1",NULL,NULL,"85300",NULL,NULL,"team page"
"85301",NULL,"49","9626","13060","864","cpp","1775953498.980300000","1",NULL,NULL,"85301",NULL,NULL,"team page"
"85302",NULL,"49","9465","12576","865","cpp","1775953500.070000000","1",NULL,NULL,"85302",NULL,NULL,"team page"
"85303",NULL,"49","9608","13007","864","cpp","1775953501.616500000","1",NULL,NULL,"85303",NULL,NULL,"team page"
"85304",NULL,"49","9355","12246","860","py3","1775953502.269800000","1",NULL,NULL,"85304","nah.py",NULL,"team page"
"85305",NULL,"49","9298","12075","866","cpp","1775953504.714300000","1",NULL,NULL,"85305",NULL,NULL,"team page"
"85306",NULL,"49","9301","12084","866","cpp","1775953504.960200000","1",NULL,NULL,"85306",NULL,NULL,"team page"
"85307",NULL,"49","9298","12075","866","cpp","1775953505.090900000","1",NULL,NULL,"85307",NULL,NULL,"team page"
"85308",NULL,"49","9717","13334","869","cpp","1775953507.188900000","1",NULL,NULL,"85308",NULL,NULL,"team page"
"85309",NULL,"49","9486","12639","864","cpp","1775953507.500200000","1",NULL,NULL,"85309",NULL,NULL,"team page"
"85310",NULL,"49","9293","12062","861","pypy3","1775953507.920500000","1",NULL,NULL,"85310","files_template.py",NULL,"team page"
"85311",NULL,"49","10059","14296","861","cpp","1775953510.125900000","1",NULL,NULL,"85311",NULL,NULL,"team page"
"85312",NULL,"49","9640","13102","865","cpp","1775953510.993500000","1",NULL,NULL,"85312",NULL,NULL,"team page"
"85313",NULL,"49","9858","13755","879","py3","1775953511.739500000","1",NULL,NULL,"85313","12.py",NULL,"team page"
"85314",NULL,"49","9887","13842","862","py3","1775953514.601500000","1",NULL,NULL,"85314","calico3.py",NULL,"team page"
"85315",NULL,"49","9887","13842","862","py3","1775953515.599600000","1",NULL,NULL,"85315","calico3.py",NULL,"team page"
"85316",NULL,"49","9887","13842","862","py3","1775953515.803000000","1",NULL,NULL,"85316","calico3.py",NULL,"team page"
"85317",NULL,"49","9887","13842","862","py3","1775953515.999600000","1",NULL,NULL,"85317","calico3.py",NULL,"team page"
"85318",NULL,"49","9430","12471","866","cpp","1775953519.670800000","1",NULL,NULL,"85318",NULL,NULL,"team page"
"85319",NULL,"49","9900","13880","864","py3","1775953522.074200000","1",NULL,NULL,"85319","grid_template.py",NULL,"team page"
"85320",NULL,"49","9763","13470","859","py3","1775953522.078800000","1",NULL,NULL,"85320","solution.py",NULL,"team page"
"85321",NULL,"49","10005","14144","860","cpp","1775953528.159800000","1",NULL,NULL,"85321",NULL,NULL,"team page"
"85322",NULL,"49","9786","13539","877","py3","1775953530.908100000","1",NULL,NULL,"85322","auratime.py",NULL,"team page"
"85323",NULL,"49","9601","12985","864","cpp","1775953531.048500000","1",NULL,NULL,"85323",NULL,NULL,"team page"
"85324",NULL,"49","9892","13856","862","cpp","1775953533.858800000","1",NULL,NULL,"85324",NULL,NULL,"team page"
"85325",NULL,"49","9523","12750","865","py3","1775953534.609800000","1",NULL,NULL,"85325","grid.py",NULL,"team page"
"85326",NULL,"49","9350","12231","860","py3","1775953535.284700000","1",NULL,NULL,"85326","Problem2.py",NULL,"team page"
"85327",NULL,"49","9746","13420","862","py3","1775953535.539200000","1",NULL,NULL,"85327","laser.py",NULL,"team page"
"85328",NULL,"49","9528","12765","862","cpp","1775953537.532900000","1",NULL,NULL,"85328",NULL,NULL,"team page"
"85329",NULL,"49","9782","13527","866","py3","1775953539.283500000","1",NULL,NULL,"85329","shadows_main.py",NULL,"team page"
"85330",NULL,"49","9217","11832","859","py3","1775953541.388200000","1",NULL,NULL,"85330","1.py",NULL,"team page"
"85331",NULL,"49","9796","13567","880","py3","1775953541.730300000","1",NULL,NULL,"85331","main.py",NULL,"team page"
"85332",NULL,"49","10095","14388","859","py3","1775953542.065300000","1",NULL,NULL,"85332","piezoelectric_template.py",NULL,"team page"
"85333",NULL,"49","9280","12022","862","cpp","1775953544.231700000","1",NULL,NULL,"85333",NULL,NULL,"team page"
"85334",NULL,"49","9201","11784","866","py3","1775953545.067800000","1",NULL,NULL,"85334","problem_6.py",NULL,"team page"
"85335",NULL,"49","9491","12656","868","py3","1775953546.598700000","1",NULL,NULL,"85335","c.py",NULL,"team page"
"85336",NULL,"49","9603","12992","864","java","1775953547.985400000","1",NULL,NULL,"85336","Solution",NULL,"team page"
"85337",NULL,"49","9370","12293","864","cpp","1775953548.639200000","1",NULL,NULL,"85337",NULL,NULL,"team page"
"85338",NULL,"49","9206","11801","873","cpp","1775953551.259900000","1",NULL,NULL,"85338",NULL,NULL,"team page"
"85339",NULL,"49","9462","12567","867","java","1775953552.029800000","1",NULL,NULL,"85339","Solution",NULL,"team page"
"85340",NULL,"49","9857","13751","867","pypy3","1775953553.254300000","1",NULL,NULL,"85340","criss.py",NULL,"team page"
"85341",NULL,"49","9632","13077","864","cpp","1775953556.646200000","1",NULL,NULL,"85341",NULL,NULL,"team page"
"85342",NULL,"49","9300","12082","863","cpp","1775953560.726800000","1",NULL,NULL,"85342",NULL,NULL,"team page"
"85343",NULL,"49","9688","13246","862","py3","1775953560.763300000","1",NULL,NULL,"85343","4.py",NULL,"team page"
"85344",NULL,"49","9846","13718","862","py3","1775953560.870000000","1",NULL,NULL,"85344","problem4.py",NULL,"team page"
"85345",NULL,"49","9280","12022","863","cpp","1775953563.412200000","1",NULL,NULL,"85345",NULL,NULL,"team page"
"85346",NULL,"49","10070","14329","879","cpp","1775953565.327100000","1",NULL,NULL,"85346",NULL,NULL,"team page"
"85347",NULL,"49","9734","13385","864","py3","1775953565.410600000","1",NULL,NULL,"85347","5.py",NULL,"team page"
"85348",NULL,"49","9638","13097","861","cpp","1775953566.122000000","1",NULL,NULL,"85348",NULL,NULL,"team page"
"85349",NULL,"49","9601","12985","865","cpp","1775953568.617000000","1",NULL,NULL,"85349",NULL,NULL,"team page"
"85350",NULL,"49","9228","11865","860","java","1775953569.481900000","1",NULL,NULL,"85350","Solution",NULL,"team page"
"85351",NULL,"49","9787","13542","866","cpp","1775953570.828200000","1",NULL,NULL,"85351",NULL,NULL,"team page"
"85352",NULL,"49","9526","12759","862","cpp","1775953571.812000000","1",NULL,NULL,"85352",NULL,NULL,"team page"
"85353",NULL,"49","9574","12903","868","py3","1775953571.815400000","1",NULL,NULL,"85353","main.py",NULL,"team page"
"85354",NULL,"49","9355","12246","860","py3","1775953573.194500000","1",NULL,NULL,"85354","nah.py",NULL,"team page"
"85355",NULL,"49","9596","12969","859","py3","1775953573.864900000","1",NULL,NULL,"85355","problem1_main.py",NULL,"team page"
"85356",NULL,"49","9293","12062","860","pypy3","1775953574.164900000","1",NULL,NULL,"85356","nah_template.py",NULL,"team page"
"85357",NULL,"49","10054","14281","859","py3","1775953574.751700000","1",NULL,NULL,"85357","p1_.py",NULL,"team page"
"85358",NULL,"49","10000","14129","862","cpp","1775953575.350000000","1",NULL,NULL,"85358",NULL,NULL,"team page"
"85359",NULL,"49","9582","12929","859","py3","1775953576.009100000","1",NULL,NULL,"85359","piezoelectric.py",NULL,"team page"
"85360",NULL,"49","9750","13431","859","cpp","1775953576.072200000","1",NULL,NULL,"85360",NULL,NULL,"team page"
"85361",NULL,"49","10000","14129","862","cpp","1775953576.195000000","1",NULL,NULL,"85361",NULL,NULL,"team page"
"85362",NULL,"49","9618","13035","864","java","1775953578.017800000","1",NULL,NULL,"85362","gridfill",NULL,"team page"
"85363",NULL,"49","9858","13755","868","py3","1775953581.855500000","1",NULL,NULL,"85363","8.py",NULL,"team page"
"85364",NULL,"49","9892","13856","863","cpp","1775953582.266400000","1",NULL,NULL,"85364",NULL,NULL,"team page"
"85365",NULL,"49","9892","13856","863","cpp","1775953582.553600000","1",NULL,NULL,"85365",NULL,NULL,"team page"
"85366",NULL,"49","9526","12759","863","cpp","1775953590.037400000","1",NULL,NULL,"85366",NULL,NULL,"team page"
"85367",NULL,"49","9526","12759","863","cpp","1775953592.309700000","1",NULL,NULL,"85367",NULL,NULL,"team page"
"85368",NULL,"49","9732","13378","860","cpp","1775953593.000600000","1",NULL,NULL,"85368",NULL,NULL,"team page"
"85369",NULL,"49","9658","13157","868","cpp","1775953596.782300000","1",NULL,NULL,"85369",NULL,NULL,"team page"
"85370",NULL,"49","9639","13099","864","cpp","1775953597.141800000","1",NULL,NULL,"85370",NULL,NULL,"team page"
"85371",NULL,"49","9317","12132","862","cpp","1775953597.205200000","1",NULL,NULL,"85371",NULL,NULL,"team page"
"85372",NULL,"49","10097","14394","863","py3","1775953597.412000000","1",NULL,NULL,"85372","main.py",NULL,"team page"
"85373",NULL,"49","9233","11880","862","py3","1775953600.407400000","1",NULL,NULL,"85373","sol.py",NULL,"team page"
"85374",NULL,"49","9574","12903","869","py3","1775953601.188400000","1",NULL,NULL,"85374","main.py",NULL,"team page"
"85375",NULL,"49","9734","13385","863","py3","1775953601.374400000","1",NULL,NULL,"85375","4B1.py",NULL,"team page"
"85376",NULL,"49","9669","13189","862","pypy3","1775953602.437900000","1",NULL,NULL,"85376","laser_template.py",NULL,"team page"
"85377",NULL,"49","9618","13035","864","java","1775953603.791700000","1",NULL,NULL,"85377","gridfill",NULL,"team page"
"85378",NULL,"49","9603","12990","862","py3","1775953604.492700000","1",NULL,NULL,"85378","main.py",NULL,"team page"
"85379",NULL,"49","9573","12900","859","java","1775953608.611800000","1",NULL,NULL,"85379","Problem1.main",NULL,"team page"
"85380",NULL,"49","9589","12950","862","cpp","1775953611.426300000","1",NULL,NULL,"85380",NULL,NULL,"team page"
"85381",NULL,"49","9975","14054","867","java","1775953611.547500000","1",NULL,NULL,"85381","Main",NULL,"team page"
"85382",NULL,"49","10070","14329","879","cpp","1775953613.074800000","1",NULL,NULL,"85382",NULL,NULL,"team page"
"85383",NULL,"49","9644","13115","864","cpp","1775953614.243700000","1",NULL,NULL,"85383",NULL,NULL,"team page"
"85384",NULL,"49","9666","13181","862","cpp","1775953616.221600000","1",NULL,NULL,"85384",NULL,NULL,"team page"
"85385",NULL,"49","9240","11902","872","cpp","1775953618.529200000","1",NULL,NULL,"85385",NULL,NULL,"team page"
"85386",NULL,"49","9567","12882","879","cpp","1775953618.887200000","1",NULL,NULL,"85386",NULL,NULL,"team page"
"85387",NULL,"49","9904","13893","867","cpp","1775953620.338300000","1",NULL,NULL,"85387",NULL,NULL,"team page"
"85388",NULL,"49","9298","12075","866","cpp","1775953621.039900000","1",NULL,NULL,"85388",NULL,NULL,"team page"
"85389",NULL,"49","9785","13536","861","py3","1775953621.923700000","1",NULL,NULL,"85389","problem_3.py",NULL,"team page"
"85390",NULL,"49","9355","12246","860","py3","1775953623.828100000","1",NULL,NULL,"85390","nah.py",NULL,"team page"
"85391",NULL,"49","9696","13269","863","cpp","1775953624.200100000","1",NULL,NULL,"85391",NULL,NULL,"team page"
"85392",NULL,"49","9680","13221","862","cpp","1775953624.771100000","1",NULL,NULL,"85392",NULL,NULL,"team page"
"85393",NULL,"49","9717","13334","869","cpp","1775953625.643100000","1",NULL,NULL,"85393",NULL,NULL,"team page"
"85394",NULL,"49","10051","14273","879","py3","1775953626.196000000","1",NULL,NULL,"85394","bruh_plspassss.py",NULL,"team page"
"85395",NULL,"49","9576","12910","868","cpp","1775953627.038500000","1",NULL,NULL,"85395",NULL,NULL,"team page"
"85396",NULL,"49","9880","13820","862","cpp","1775953628.719500000","1",NULL,NULL,"85396",NULL,NULL,"team page"
"85397",NULL,"49","9681","13226","865","cpp","1775953628.743100000","1",NULL,NULL,"85397",NULL,NULL,"team page"
"85398",NULL,"49","9232","11877","861","pypy3","1775953629.619400000","1",NULL,NULL,"85398","prob-files_main_template.py",NULL,"team page"
"85399",NULL,"49","9618","13035","865","java","1775953633.253900000","1",NULL,NULL,"85399","gridfill",NULL,"team page"
"85400",NULL,"49","9998","14124","877","cpp","1775953634.451400000","1",NULL,NULL,"85400",NULL,NULL,"team page"
"85401",NULL,"49","9642","13108","862","java","1775953635.077800000","1",NULL,NULL,"85401","calico_2",NULL,"team page"
"85402",NULL,"49","9763","13470","860","py3","1775953635.738600000","1",NULL,NULL,"85402","nah_solution.py",NULL,"team page"
"85403",NULL,"49","9358","12255","863","cpp","1775953636.126600000","1",NULL,NULL,"85403",NULL,NULL,"team page"
"85404",NULL,"49","9206","11801","873","cpp","1775953636.499700000","1",NULL,NULL,"85404",NULL,NULL,"team page"
"85405",NULL,"49","9885","13834","862","java","1775953637.139600000","1",NULL,NULL,"85405","Laser",NULL,"team page"
"85406",NULL,"49","10004","14141","861","pypy3","1775953637.624000000","1",NULL,NULL,"85406","t412c.py",NULL,"team page"
"85407",NULL,"49","9357","12254","873","py3","1775953638.808700000","1",NULL,NULL,"85407","problem10.py",NULL,"team page"
"85408",NULL,"49","9566","12879","862","cpp","1775953640.557200000","1",NULL,NULL,"85408",NULL,NULL,"team page"
"85409",NULL,"49","9576","12910","869","cpp","1775953643.763800000","1",NULL,NULL,"85409",NULL,NULL,"team page"
"85410",NULL,"49","9317","12132","863","cpp","1775953644.185900000","1",NULL,NULL,"85410",NULL,NULL,"team page"
"85411",NULL,"49","9941","13980","859","py3","1775953646.375800000","1",NULL,NULL,"85411","calico_p1.py",NULL,"team page"
"85412",NULL,"49","9728","13365","860","py3","1775953646.760800000","1",NULL,NULL,"85412","main2.py",NULL,"team page"
"85413",NULL,"49","10036","14227","864","cpp","1775953649.687000000","1",NULL,NULL,"85413",NULL,NULL,"team page"
"85414",NULL,"49","9899","13878","860","java","1775953650.708600000","1",NULL,NULL,"85414","JoshContext041203",NULL,"team page"
"85415",NULL,"49","9899","13878","860","java","1775953651.740500000","1",NULL,NULL,"85415","JoshContext041203",NULL,"team page"
"85416",NULL,"49","9261","11964","860","py3","1775953652.732000000","1",NULL,NULL,"85416","nah_template.py",NULL,"team page"
"85417",NULL,"49","9899","13878","860","java","1775953653.023300000","1",NULL,NULL,"85417","JoshContext041203",NULL,"team page"
"85418",NULL,"49","9748","13425","863","py3","1775953653.056800000","1",NULL,NULL,"85418","4b.py",NULL,"team page"
"85419",NULL,"49","9632","13077","865","cpp","1775953653.613400000","1",NULL,NULL,"85419",NULL,NULL,"team page"
"85420",NULL,"49","9899","13878","860","java","1775953653.859200000","1",NULL,NULL,"85420","JoshContext041203",NULL,"team page"
"85421",NULL,"49","9899","13878","860","java","1775953654.081100000","1",NULL,NULL,"85421","JoshContext041203",NULL,"team page"
"85422",NULL,"49","9312","12119","869","cpp","1775953654.152400000","1",NULL,NULL,"85422",NULL,NULL,"team page"
"85423",NULL,"49","9899","13878","860","java","1775953654.708800000","1",NULL,NULL,"85423","JoshContext041203",NULL,"team page"
"85424",NULL,"49","9818","13635","867","py3","1775953654.793600000","1",NULL,NULL,"85424","cross.py",NULL,"team page"
"85425",NULL,"49","9899","13878","860","java","1775953655.013000000","1",NULL,NULL,"85425","JoshContext041203",NULL,"team page"
"85426",NULL,"49","9258","11956","868","cpp","1775953655.296800000","1",NULL,NULL,"85426",NULL,NULL,"team page"
"85427",NULL,"49","9899","13878","860","java","1775953655.496900000","1",NULL,NULL,"85427","JoshContext041203",NULL,"team page"
"85428",NULL,"49","9899","13878","860","java","1775953655.911400000","1",NULL,NULL,"85428","JoshContext041203",NULL,"team page"
"85429",NULL,"49","9899","13878","860","java","1775953656.206400000","1",NULL,NULL,"85429","JoshContext041203",NULL,"team page"
"85430",NULL,"49","9899","13878","860","java","1775953656.463400000","1",NULL,NULL,"85430","JoshContext041203",NULL,"team page"
"85431",NULL,"49","10008","14153","869","py3","1775953658.690100000","1",NULL,NULL,"85431","mycelium_template.py",NULL,"team page"
"85432",NULL,"49","10016","14177","867","cpp","1775953658.902300000","1",NULL,NULL,"85432",NULL,NULL,"team page"
"85433",NULL,"49","9998","14124","877","cpp","1775953659.112500000","1",NULL,NULL,"85433",NULL,NULL,"team page"
"85434",NULL,"49","9369","12290","868","cpp","1775953661.397500000","1",NULL,NULL,"85434",NULL,NULL,"team page"
"85435",NULL,"49","9567","12882","880","cpp","1775953661.653700000","1",NULL,NULL,"85435",NULL,NULL,"team page"
"85436",NULL,"49","9362","12268","867","cpp","1775953662.110700000","1",NULL,NULL,"85436",NULL,NULL,"team page"
"85437",NULL,"49","9629","13069","864","cpp","1775953662.817600000","1",NULL,NULL,"85437",NULL,NULL,"team page"
"85438",NULL,"49","9564","12874","872","pypy3","1775953665.035100000","1",NULL,NULL,"85438","759.py",NULL,"team page"
"85439",NULL,"49","10036","14227","865","cpp","1775953665.181500000","1",NULL,NULL,"85439",NULL,NULL,"team page"
"85440",NULL,"49","9582","12928","860","py3","1775953665.692600000","1",NULL,NULL,"85440","nah_template.py",NULL,"team page"
"85441",NULL,"49","9717","13334","869","cpp","1775953665.777200000","1",NULL,NULL,"85441",NULL,NULL,"team page"
"85442",NULL,"49","9258","11956","869","cpp","1775953666.494500000","1",NULL,NULL,"85442",NULL,NULL,"team page"
"85443",NULL,"49","10057","14290","862","pypy3","1775953668.669400000","1",NULL,NULL,"85443","fourth.py",NULL,"team page"
"85444",NULL,"49","9528","12765","863","cpp","1775953671.302100000","1",NULL,NULL,"85444",NULL,NULL,"team page"
"85445",NULL,"49","9873","13800","860","cpp","1775953673.624400000","1",NULL,NULL,"85445",NULL,NULL,"team page"
"85446",NULL,"49","9681","13224","867","py3","1775953675.683500000","1",NULL,NULL,"85446","understood-cream-722.py",NULL,"team page"
"85447",NULL,"49","9768","13485","865","cpp","1775953676.650000000","1",NULL,NULL,"85447",NULL,NULL,"team page"
"85448",NULL,"49","9432","12477","868","cpp","1775953677.921800000","1",NULL,NULL,"85448",NULL,NULL,"team page"
"85449",NULL,"49","9465","12578","867","cpp","1775953679.690500000","1",NULL,NULL,"85449",NULL,NULL,"team page"
"85450",NULL,"49","9956","14027","860","pypy3","1775953680.249200000","1",NULL,NULL,"85450","Problem2.py",NULL,"team page"
"85451",NULL,"49","9638","13095","877","cpp","1775953684.290800000","1",NULL,NULL,"85451",NULL,NULL,"team page"
"85452",NULL,"49","9717","13334","869","cpp","1775953687.112900000","1",NULL,NULL,"85452",NULL,NULL,"team page"
"85453",NULL,"49","9655","13147","861","java","1775953687.278600000","1",NULL,NULL,"85453","Main",NULL,"team page"
"85454",NULL,"49","9626","13059","861","py3","1775953689.141800000","1",NULL,NULL,"85454","files.py",NULL,"team page"
"85455",NULL,"49","10012","14165","861","pypy3","1775953689.546500000","1",NULL,NULL,"85455","files_template.py",NULL,"team page"
"85456",NULL,"49","9355","12246","860","py3","1775953691.415400000","1",NULL,NULL,"85456","nah.py",NULL,"team page"
"85457",NULL,"49","9873","13798","860","cpp","1775953693.013100000","1",NULL,NULL,"85457",NULL,NULL,"team page"
"85458",NULL,"49","9950","14007","866","cpp","1775953693.418000000","1",NULL,NULL,"85458",NULL,NULL,"team page"
"85459",NULL,"49","9531","12776","864","java","1775953694.104300000","1",NULL,NULL,"85459","Tester",NULL,"team page"
"85460",NULL,"49","9478","12615","865","py3","1775953697.208500000","1",NULL,NULL,"85460","grid.py",NULL,"team page"
"85461",NULL,"49","9568","12885","860","py3","1775953697.283000000","1",NULL,NULL,"85461","nah_template.py",NULL,"team page"
"85462",NULL,"49","9858","13755","868","py3","1775953700.035200000","1",NULL,NULL,"85462","8.py",NULL,"team page"
"85463",NULL,"49","9996","14118","862","py3","1775953701.712500000","1",NULL,NULL,"85463","answer4.py",NULL,"team page"
"85464",NULL,"49","10070","14329","879","cpp","1775953702.277400000","1",NULL,NULL,"85464",NULL,NULL,"team page"
"85465",NULL,"49","9638","13095","878","cpp","1775953707.975100000","1",NULL,NULL,"85465",NULL,NULL,"team page"
"85466",NULL,"49","9947","14000","862","py3","1775953708.199500000","1",NULL,NULL,"85466","coderbunny4.py",NULL,"team page"
"85467",NULL,"49","10017","14180","860","cpp","1775953708.998300000","1",NULL,NULL,"85467",NULL,NULL,"team page"
"85468",NULL,"49","9566","12879","863","cpp","1775953709.245100000","1",NULL,NULL,"85468",NULL,NULL,"team page"
"85469",NULL,"49","9877","13812","861","cpp","1775953711.538400000","1",NULL,NULL,"85469",NULL,NULL,"team page"
"85470",NULL,"49","9904","13893","864","cpp","1775953711.779300000","1",NULL,NULL,"85470",NULL,NULL,"team page"
"85471",NULL,"49","9675","13207","862","java","1775953712.806400000","1",NULL,NULL,"85471","Solution",NULL,"team page"
"85472",NULL,"49","9717","13334","869","cpp","1775953715.540800000","1",NULL,NULL,"85472",NULL,NULL,"team page"
"85473",NULL,"49","9573","12900","859","java","1775953719.733100000","1",NULL,NULL,"85473","main",NULL,"team page"
"85474",NULL,"49","9385","12338","859","py3","1775953725.331100000","1",NULL,NULL,"85474","piezoelectric_template.py",NULL,"team page"
"85475",NULL,"49","9644","13115","865","cpp","1775953726.295000000","1",NULL,NULL,"85475",NULL,NULL,"team page"
"85476",NULL,"49","9884","13831","860","py3","1775953727.042200000","1",NULL,NULL,"85476","5.py",NULL,"team page"
"85477",NULL,"49","10068","14323","868","py3","1775953727.481400000","1",NULL,NULL,"85477","mycelium.py",NULL,"team page"
"85478",NULL,"49","9258","11956","870","cpp","1775953731.107200000","1",NULL,NULL,"85478",NULL,NULL,"team page"
"85479",NULL,"49","10054","14281","873","py3","1775953731.604000000","1",NULL,NULL,"85479","p2_.py",NULL,"team page"
"85480",NULL,"49","10029","14206","862","py3","1775953733.904400000","1",NULL,NULL,"85480","lasersol1.py",NULL,"team page"
"85481",NULL,"49","9345","12216","868","py3","1775953734.371800000","1",NULL,NULL,"85481","main.py",NULL,"team page"
"85482",NULL,"49","9279","12020","869","cpp","1775953737.006300000","1",NULL,NULL,"85482",NULL,NULL,"team page"
"85483",NULL,"49","9886","13837","864","java","1775953737.801400000","1",NULL,NULL,"85483",NULL,NULL,"team page"
"85484",NULL,"49","9886","13837","864","java","1775953739.047500000","1",NULL,NULL,"85484",NULL,NULL,"team page"
"85485",NULL,"49","9886","13837","864","java","1775953740.152100000","1",NULL,NULL,"85485",NULL,NULL,"team page"
"85486",NULL,"49","9886","13837","864","java","1775953740.656700000","1",NULL,NULL,"85486",NULL,NULL,"team page"
"85487",NULL,"49","9886","13837","864","java","1775953740.905600000","1",NULL,NULL,"85487",NULL,NULL,"team page"
"85488",NULL,"49","9886","13837","864","java","1775953741.312800000","1",NULL,NULL,"85488",NULL,NULL,"team page"
"85489",NULL,"49","9886","13837","864","java","1775953741.668400000","1",NULL,NULL,"85489",NULL,NULL,"team page"
"85490",NULL,"49","9369","12290","869","cpp","1775953742.083900000","1",NULL,NULL,"85490",NULL,NULL,"team page"
"85491",NULL,"49","9728","13365","860","py3","1775953744.279100000","1",NULL,NULL,"85491","main2.py",NULL,"team page"
"85492",NULL,"49","9228","11865","860","java","1775953745.194100000","1",NULL,NULL,"85492","Solution",NULL,"team page"
"85493",NULL,"49","9699","13280","867","cpp","1775953745.310400000","1",NULL,NULL,"85493",NULL,NULL,"team page"
"85494",NULL,"49","9988","14093","864","cpp","1775953745.647100000","1",NULL,NULL,"85494",NULL,NULL,"team page"
"85495",NULL,"49","9670","13193","864","java","1775953746.597500000","1",NULL,NULL,"85495","MyProgram",NULL,"team page"
"85496",NULL,"49","9537","12792","867","cpp","1775953748.496200000","1",NULL,NULL,"85496",NULL,NULL,"team page"
"85497",NULL,"49","9596","12969","859","py3","1775953749.819700000","1",NULL,NULL,"85497","problem1_main.py",NULL,"team page"
"85498",NULL,"49","9779","13518","865","cpp","1775953750.703000000","1",NULL,NULL,"85498",NULL,NULL,"team page"
"85499",NULL,"49","9354","12245","861","cpp","1775953751.516100000","1",NULL,NULL,"85499",NULL,NULL,"team page"
"85500",NULL,"49","9250","11932","864","cpp","1775953753.240500000","1",NULL,NULL,"85500",NULL,NULL,"team page"
"85501",NULL,"49","9793","13560","862","cpp","1775953757.348300000","1",NULL,NULL,"85501",NULL,NULL,"team page"
"85502",NULL,"49","9357","12253","862","py3","1775953762.263000000","1",NULL,NULL,"85502","calico4.py",NULL,"team page"
"85503",NULL,"49","9312","12119","869","cpp","1775953762.909600000","1",NULL,NULL,"85503",NULL,NULL,"team page"
"85504",NULL,"49","9256","11949","864","py3","1775953764.322400000","1",NULL,NULL,"85504","problem5.py",NULL,"team page"
"85505",NULL,"49","9792","13556","860","cpp","1775953764.374000000","1",NULL,NULL,"85505",NULL,NULL,"team page"
"85506",NULL,"49","9748","13427","865","py3","1775953764.985100000","1",NULL,NULL,"85506","P5a1.py",NULL,"team page"
"85507",NULL,"49","9668","13186","872","cpp","1775953769.740000000","1",NULL,NULL,"85507",NULL,NULL,"team page"
"85508",NULL,"49","9700","13282","866","cpp","1775953770.126200000","1",NULL,NULL,"85508",NULL,NULL,"team page"
"85509",NULL,"49","9905","13895","861","py3","1775953770.392500000","1",NULL,NULL,"85509","files.py",NULL,"team page"
"85510",NULL,"49","9692","13257","861","py3","1775953771.979200000","1",NULL,NULL,"85510","problem3.py",NULL,"team page"
"85511",NULL,"49","9426","12459","861","py3","1775953775.437300000","1",NULL,NULL,"85511","files_template.py",NULL,"team page"
"85512",NULL,"49","10029","14207","866","cpp","1775953778.158800000","1",NULL,NULL,"85512",NULL,NULL,"team page"
"85513",NULL,"49","9607","13003","861","java","1775953778.200300000","1",NULL,NULL,"85513","Solution",NULL,"team page"
"85514",NULL,"49","9436","12489","863","java","1775953778.918900000","1",NULL,NULL,"85514","Q4b",NULL,"team page"
"85515",NULL,"49","9729","13369","861","py3","1775953781.077200000","1",NULL,NULL,"85515","main.py",NULL,"team page"
"85516",NULL,"49","10029","14206","862","py3","1775953782.676600000","1",NULL,NULL,"85516","lasersol2.py",NULL,"team page"
"85517",NULL,"49","9988","14093","863","cpp","1775953783.193300000","1",NULL,NULL,"85517",NULL,NULL,"team page"
"85518",NULL,"49","9785","13536","861","py3","1775953783.223800000","1",NULL,NULL,"85518","problem_3.py",NULL,"team page"
"85519",NULL,"49","9859","13756","862","cpp","1775953783.877700000","1",NULL,NULL,"85519",NULL,NULL,"team page"
"85520",NULL,"49","9736","13389","860","py3","1775953784.202000000","1",NULL,NULL,"85520","nah_template.py",NULL,"team page"
"85521",NULL,"49","9893","13860","862","py3","1775953786.850200000","1",NULL,NULL,"85521","laser_template.py",NULL,"team page"
"85522",NULL,"49","9574","12905","861","py3","1775953790.934000000","1",NULL,NULL,"85522","problem3-2.py",NULL,"team page"
"85523",NULL,"49","10047","14260","861","py3","1775953791.290100000","1",NULL,NULL,"85523","prob-files_main.py",NULL,"team page"
"85524",NULL,"49","9658","13157","868","cpp","1775953795.402400000","1",NULL,NULL,"85524",NULL,NULL,"team page"
"85525",NULL,"49","9503","12690","864","cpp","1775953795.497800000","1",NULL,NULL,"85525",NULL,NULL,"team page"
"85526",NULL,"49","9219","11839","864","cpp","1775953795.519600000","1",NULL,NULL,"85526",NULL,NULL,"team page"
"85527",NULL,"49","9559","12859","863","py3","1775953795.633900000","1",NULL,NULL,"85527","P4.py",NULL,"team page"
"85528",NULL,"49","9312","12117","867","cpp","1775953795.719100000","1",NULL,NULL,"85528",NULL,NULL,"team page"
"85529",NULL,"49","9919","13914","872","cpp","1775953796.041300000","1",NULL,NULL,"85529",NULL,NULL,"team page"
"85530",NULL,"49","9761","13465","864","cpp","1775953797.110600000","1",NULL,NULL,"85530",NULL,NULL,"team page"
"85531",NULL,"49","9947","14000","863","py3","1775953797.534300000","1",NULL,NULL,"85531","coderbunny4.py",NULL,"team page"
"85532",NULL,"49","9313","12121","865","cpp","1775953797.889100000","1",NULL,NULL,"85532",NULL,NULL,"team page"
"85533",NULL,"49","9710","13311","872","cpp","1775953801.537100000","1",NULL,NULL,"85533",NULL,NULL,"team page"
"85534",NULL,"49","9465","12576","865","cpp","1775953802.134400000","1",NULL,NULL,"85534",NULL,NULL,"team page"
"85535",NULL,"49","9958","14031","864","java","1775953804.709900000","1",NULL,NULL,"85535","P5",NULL,"team page"
"85536",NULL,"49","9543","12811","867","cpp","1775953805.375800000","1",NULL,NULL,"85536",NULL,NULL,"team page"
"85537",NULL,"49","9886","13838","867","cpp","1775953807.154000000","1",NULL,NULL,"85537",NULL,NULL,"team page"
"85538",NULL,"49","9748","13427","865","pypy3","1775953807.384400000","1",NULL,NULL,"85538","P5a1.py",NULL,"team page"
"85539",NULL,"49","9994","14113","867","java","1775953808.241400000","1",NULL,NULL,"85539","Main",NULL,"team page"
"85540",NULL,"49","10051","14272","878","py3","1775953810.852800000","1",NULL,NULL,"85540","lecture_templatecopy.py",NULL,"team page"
"85541",NULL,"49","9421","12446","864","cpp","1775953811.719100000","1",NULL,NULL,"85541",NULL,NULL,"team page"
"85542",NULL,"49","9279","12020","869","cpp","1775953815.989900000","1",NULL,NULL,"85542",NULL,NULL,"team page"
"85543",NULL,"49","9657","13152","866","cpp","1775953816.926600000","1",NULL,NULL,"85543",NULL,NULL,"team page"
"85544",NULL,"49","9389","12348","878","cpp","1775953817.460300000","1",NULL,NULL,"85544",NULL,NULL,"team page"
"85545",NULL,"49","9638","13096","862","cpp","1775953818.780800000","1",NULL,NULL,"85545",NULL,NULL,"team page"
"85546",NULL,"49","10095","14387","863","py3","1775953819.607300000","1",NULL,NULL,"85546","laser_template.py",NULL,"team page"
"85547",NULL,"49","9350","12231","861","py3","1775953821.678400000","1",NULL,NULL,"85547","Problem3.py",NULL,"team page"
"85548",NULL,"49","9357","12253","862","py3","1775953821.989400000","1",NULL,NULL,"85548","calico4.py",NULL,"team page"
"85549",NULL,"49","10098","14396","865","py3","1775953823.462900000","1",NULL,NULL,"85549","sideways.py",NULL,"team page"
"85550",NULL,"49","9542","12807","860","py3","1775953825.981300000","1",NULL,NULL,"85550","nahidwin.py",NULL,"team page"
"85551",NULL,"49","9280","12023","864","cpp","1775953826.771400000","1",NULL,NULL,"85551",NULL,NULL,"team page"
"85552",NULL,"49","9732","13377","865","cpp","1775953830.368900000","1",NULL,NULL,"85552",NULL,NULL,"team page"
"85553",NULL,"49","9836","13687","866","py3","1775953830.619800000","1",NULL,NULL,"85553","shadows_template.py",NULL,"team page"
"85554",NULL,"49","9941","13980","859","py3","1775953831.480000000","1",NULL,NULL,"85554","calico_p1.py",NULL,"team page"
"85555",NULL,"49","9629","13069","864","cpp","1775953833.207300000","1",NULL,NULL,"85555",NULL,NULL,"team page"
"85556",NULL,"49","9201","11784","866","py3","1775953833.525900000","1",NULL,NULL,"85556","pronlem_6_up.py",NULL,"team page"
"85557",NULL,"49","9447","12522","864","cpp","1775953833.761000000","1",NULL,NULL,"85557",NULL,NULL,"team page"
"85558",NULL,"49","9973","14048","861","cpp","1775953834.225500000","1",NULL,NULL,"85558",NULL,NULL,"team page"
"85559",NULL,"49","9718","13337","862","pypy3","1775953837.724800000","1",NULL,NULL,"85559","problem4.py",NULL,"team page"
"85560",NULL,"49","9531","12774","867","cpp","1775953838.007800000","1",NULL,NULL,"85560",NULL,NULL,"team page"
"85561",NULL,"49","9676","13210","866","cpp","1775953838.625400000","1",NULL,NULL,"85561",NULL,NULL,"team page"
"85562",NULL,"49","9793","13559","868","cpp","1775953839.244900000","1",NULL,NULL,"85562",NULL,NULL,"team page"
"85563",NULL,"49","9917","13910","862","py3","1775953839.323200000","1",NULL,NULL,"85563","main.py",NULL,"team page"
"85564",NULL,"49","10054","14281","860","py3","1775953840.085700000","1",NULL,NULL,"85564","p2_.py",NULL,"team page"
"85565",NULL,"49","9683","13230","859","py3","1775953840.825900000","1",NULL,NULL,"85565","brosparemepls.py",NULL,"team page"
"85566",NULL,"49","9355","12246","860","py3","1775953848.715100000","1",NULL,NULL,"85566","nah.py",NULL,"team page"
"85567",NULL,"49","9219","11839","865","cpp","1775953848.940000000","1",NULL,NULL,"85567",NULL,NULL,"team page"
"85568",NULL,"49","9887","13842","862","py3","1775953850.038300000","1",NULL,NULL,"85568","calico3.py",NULL,"team page"
"85569",NULL,"49","9357","12253","863","py3","1775953850.923700000","1",NULL,NULL,"85569","calico4.py",NULL,"team page"
"85570",NULL,"49","9892","13857","863","pypy3","1775953850.985100000","1",NULL,NULL,"85570","laser_template.py",NULL,"team page"
"85571",NULL,"49","9465","12578","867","cpp","1775953851.099500000","1",NULL,NULL,"85571",NULL,NULL,"team page"
"85572",NULL,"49","10020","14191","862","cpp","1775953854.725500000","1",NULL,NULL,"85572",NULL,NULL,"team page"
"85573",NULL,"49","9614","13024","864","pypy3","1775953854.733600000","1",NULL,NULL,"85573","grid_fill.py",NULL,"team page"
"85574",NULL,"49","10036","14228","862","cpp","1775953857.422100000","1",NULL,NULL,"85574",NULL,NULL,"team page"
"85575",NULL,"49","9245","11917","867","cpp","1775953862.607900000","1",NULL,NULL,"85575",NULL,NULL,"team page"
"85576",NULL,"49","9996","14118","863","py3","1775953863.209700000","1",NULL,NULL,"85576","answer4.py",NULL,"team page"
"85577",NULL,"49","9675","13207","863","java","1775953864.272000000","1",NULL,NULL,"85577","Solution",NULL,"team page"
"85578",NULL,"49","9786","13541","873","py3","1775953870.007100000","1",NULL,NULL,"85578","splitters2.py",NULL,"team page"
"85579",NULL,"49","9280","12023","865","cpp","1775953870.129200000","1",NULL,NULL,"85579",NULL,NULL,"team page"
"85580",NULL,"49","9938","13973","868","cpp","1775953870.575300000","1",NULL,NULL,"85580",NULL,NULL,"team page"
"85581",NULL,"49","9447","12522","865","cpp","1775953871.319500000","1",NULL,NULL,"85581",NULL,NULL,"team page"
"85582",NULL,"49","9242","11907","860","cpp","1775953871.462800000","1",NULL,NULL,"85582",NULL,NULL,"team page"
"85583",NULL,"49","9876","13808","866","java","1775953871.671100000","1",NULL,NULL,"85583","Shadow",NULL,"team page"
"85584",NULL,"49","9658","13156","864","cpp","1775953872.145000000","1",NULL,NULL,"85584",NULL,NULL,"team page"
"85585",NULL,"49","9639","13099","865","cpp","1775953872.381400000","1",NULL,NULL,"85585",NULL,NULL,"team page"
"85586",NULL,"49","9579","12919","864","py3","1775953873.405000000","1",NULL,NULL,"85586","grid_template.py",NULL,"team page"
"85587",NULL,"49","9710","13311","872","cpp","1775953876.509600000","1",NULL,NULL,"85587",NULL,NULL,"team page"
"85588",NULL,"49","9706","13300","861","cpp","1775953876.623800000","1",NULL,NULL,"85588",NULL,NULL,"team page"
"85589",NULL,"49","9785","13536","861","py3","1775953877.913800000","1",NULL,NULL,"85589","problem_3.py",NULL,"team page"
"85590",NULL,"49","9879","13816","867","cpp","1775953879.716600000","1",NULL,NULL,"85590",NULL,NULL,"team page"
"85591",NULL,"49","10039","14236","864","pypy3","1775953879.905600000","1",NULL,NULL,"85591","05.py",NULL,"team page"
"85592",NULL,"49","9900","13880","864","py3","1775953882.467400000","1",NULL,NULL,"85592","grid_template.py",NULL,"team page"
"85593",NULL,"49","9638","13096","863","cpp","1775953884.356900000","1",NULL,NULL,"85593",NULL,NULL,"team page"
"85594",NULL,"49","10015","14174","869","py3","1775953886.335400000","1",NULL,NULL,"85594","main.py",NULL,"team page"
"85595",NULL,"49","9370","12292","872","cpp","1775953886.666600000","1",NULL,NULL,"85595",NULL,NULL,"team page"
"85596",NULL,"49","9806","13599","862","cpp","1775953886.983200000","1",NULL,NULL,"85596",NULL,NULL,"team page"
"85597",NULL,"49","9898","13874","860","py3","1775953887.983900000","1",NULL,NULL,"85597","CALICOCodeQ2.py",NULL,"team page"
"85598",NULL,"49","10017","14182","866","cpp","1775953888.531800000","1",NULL,NULL,"85598",NULL,NULL,"team page"
"85599",NULL,"49","10067","14320","864","py3","1775953889.402900000","1",NULL,NULL,"85599","gta6.py",NULL,"team page"
"85600",NULL,"49","9976","14057","862","cpp","1775953889.484700000","1",NULL,NULL,"85600",NULL,NULL,"team page"
"85601",NULL,"49","10051","14273","879","py3","1775953893.225400000","1",NULL,NULL,"85601","multiplication.py",NULL,"team page"
"85602",NULL,"49","9502","12687","872","java","1775953894.992800000","1",NULL,NULL,"85602","tangtangtang",NULL,"team page"
"85603",NULL,"49","9282","12028","862","py3","1775953897.734800000","1",NULL,NULL,"85603","4.py",NULL,"team page"
"85604",NULL,"49","9308","12105","868","pypy3","1775953897.827000000","1",NULL,NULL,"85604","main.py",NULL,"team page"
"85605",NULL,"49","9584","12933","860","py3","1775953900.420700000","1",NULL,NULL,"85605","problem2.py",NULL,"team page"
"85606",NULL,"49","9734","13385","866","py3","1775953900.575500000","1",NULL,NULL,"85606","6.py",NULL,"team page"
"85607",NULL,"49","9658","13157","868","cpp","1775953900.743500000","1",NULL,NULL,"85607",NULL,NULL,"team page"
"85608",NULL,"49","9886","13837","864","java","1775953901.480600000","1",NULL,NULL,"85608","problem5",NULL,"team page"
"85609",NULL,"49","9683","13231","861","py3","1775953902.675800000","1",NULL,NULL,"85609","3.py",NULL,"team page"
"85610",NULL,"49","9683","13231","861","py3","1775953903.582900000","1",NULL,NULL,"85610","3.py",NULL,"team page"
"85611",NULL,"49","9902","13885","868","py3","1775953903.896000000","1",NULL,NULL,"85611","8.py",NULL,"team page"
"85612",NULL,"49","10008","14153","864","py3","1775953905.812400000","1",NULL,NULL,"85612","grid_template.py",NULL,"team page"
"85613",NULL,"49","10045","14254","862","py3","1775953905.907200000","1",NULL,NULL,"85613","main.py",NULL,"team page"
"85614",NULL,"49","9355","12246","860","py3","1775953906.782100000","1",NULL,NULL,"85614","nah.py",NULL,"team page"
"85615",NULL,"49","9339","12198","862","py3","1775953908.140900000","1",NULL,NULL,"85615","prob4.py",NULL,"team page"
"85616",NULL,"49","10071","14333","862","cpp","1775953909.154300000","1",NULL,NULL,"85616",NULL,NULL,"team page"
"85617",NULL,"49","9333","12181","868","cpp","1775953909.265800000","1",NULL,NULL,"85617",NULL,NULL,"team page"
"85618",NULL,"49","9737","13393","860","pypy3","1775953910.633500000","1",NULL,NULL,"85618","calico_question_2.py",NULL,"team page"
"85619",NULL,"49","9877","13810","863","cpp","1775953911.874700000","1",NULL,NULL,"85619",NULL,NULL,"team page"
"85620",NULL,"49","9791","13552","860","py3","1775953913.598800000","1",NULL,NULL,"85620","calicoproblem2.py",NULL,"team page"
"85621",NULL,"49","9282","12028","863","py3","1775953915.061500000","1",NULL,NULL,"85621","4.py",NULL,"team page"
"85622",NULL,"49","9753","13440","864","cpp","1775953915.985200000","1",NULL,NULL,"85622",NULL,NULL,"team page"
"85623",NULL,"49","9792","13556","860","cpp","1775953916.093100000","1",NULL,NULL,"85623",NULL,NULL,"team page"
"85624",NULL,"49","9240","11903","867","cpp","1775953916.528500000","1",NULL,NULL,"85624",NULL,NULL,"team page"
"85625",NULL,"49","10012","14165","862","pypy3","1775953918.991300000","1",NULL,NULL,"85625","laser_template.py",NULL,"team page"
"85626",NULL,"49","9806","13599","863","cpp","1775953919.370100000","1",NULL,NULL,"85626",NULL,NULL,"team page"
"85627",NULL,"49","9714","13323","862","py3","1775953920.584400000","1",NULL,NULL,"85627","calico264s.py",NULL,"team page"
"85628",NULL,"49","9666","13180","867","cpp","1775953921.433000000","1",NULL,NULL,"85628",NULL,NULL,"team page"
"85629",NULL,"49","9444","12513","860","cpp","1775953921.444700000","1",NULL,NULL,"85629",NULL,NULL,"team page"
"85630",NULL,"49","9736","13389","866","py3","1775953923.939300000","1",NULL,NULL,"85630","shadows_template.py",NULL,"team page"
"85631",NULL,"49","9543","12810","866","cpp","1775953925.625000000","1",NULL,NULL,"85631",NULL,NULL,"team page"
"85632",NULL,"49","10008","14153","865","py3","1775953927.831900000","1",NULL,NULL,"85632","grid_template.py",NULL,"team page"
"85633",NULL,"49","10045","14254","863","py3","1775953929.114900000","1",NULL,NULL,"85633","main.py",NULL,"team page"
"85634",NULL,"49","9991","14102","861","py3","1775953933.300500000","1",NULL,NULL,"85634","prob3.py",NULL,"team page"
"85635",NULL,"49","9339","12198","863","py3","1775953933.671200000","1",NULL,NULL,"85635","prob4.py",NULL,"team page"
"85636",NULL,"49","9587","12943","879","cpp","1775953933.811500000","1",NULL,NULL,"85636",NULL,NULL,"team page"
"85637",NULL,"49","9858","13755","868","py3","1775953937.189100000","1",NULL,NULL,"85637","8.py",NULL,"team page"
"85638",NULL,"49","9465","12576","865","cpp","1775953937.350300000","1",NULL,NULL,"85638",NULL,NULL,"team page"
"85639",NULL,"49","9898","13874","861","py3","1775953938.946300000","1",NULL,NULL,"85639","CALICOCodeQ2.py",NULL,"team page"
"85640",NULL,"49","10012","14165","867","pypy3","1775953939.428500000","1",NULL,NULL,"85640","cross_template.py",NULL,"team page"
"85641",NULL,"49","10057","14290","864","pypy3","1775953940.713000000","1",NULL,NULL,"85641","five.py",NULL,"team page"
"85642",NULL,"49","9212","11817","860","py3","1775953941.664500000","1",NULL,NULL,"85642","nah_template.py",NULL,"team page"
"85643",NULL,"49","9369","12289","862","cpp","1775953943.307400000","1",NULL,NULL,"85643",NULL,NULL,"team page"
"85644",NULL,"49","9791","13552","862","py3","1775953944.013000000","1",NULL,NULL,"85644","calicoproblem4.py",NULL,"team page"
"85645",NULL,"49","10068","14323","869","py3","1775953944.117600000","1",NULL,NULL,"85645","mycelium_bonus1.py",NULL,"team page"
"85646",NULL,"49","9308","12105","869","pypy3","1775953945.154200000","1",NULL,NULL,"85646","main.py",NULL,"team page"
"85647",NULL,"49","9308","12105","869","pypy3","1775953945.816000000","1",NULL,NULL,"85647","main.py",NULL,"team page"
"85648",NULL,"49","9532","12777","872","py3","1775953946.639400000","1",NULL,NULL,"85648","splitters_template.py",NULL,"team page"
"85649",NULL,"49","9997","14120","862","py3","1775953948.008900000","1",NULL,NULL,"85649","prob4.py",NULL,"team page"
"85650",NULL,"49","9941","13981","859","py3","1775953950.991800000","1",NULL,NULL,"85650","piezoelectric_template.py",NULL,"team page"
"85651",NULL,"49","9206","11799","868","cpp","1775953951.105100000","1",NULL,NULL,"85651",NULL,NULL,"team page"
"85652",NULL,"49","9928","13942","862","cpp","1775953957.312700000","1",NULL,NULL,"85652",NULL,NULL,"team page"
"85653",NULL,"49","10090","14372","862","cpp","1775953957.675800000","1",NULL,NULL,"85653",NULL,NULL,"team page"
"85654",NULL,"49","10062","14305","859","py3","1775953960.837900000","1",NULL,NULL,"85654","piezoelectric.py",NULL,"team page"
"85655",NULL,"49","9717","13332","872","cpp","1775953961.117300000","1",NULL,NULL,"85655",NULL,NULL,"team page"
"85656",NULL,"49","10068","14323","870","py3","1775953963.653000000","1",NULL,NULL,"85656","mycelium_bonus2.py",NULL,"team page"
"85657",NULL,"49","9589","12948","867","cpp","1775953964.754000000","1",NULL,NULL,"85657",NULL,NULL,"team page"
"85658",NULL,"49","9215","11827","862","py3","1775953967.079100000","1",NULL,NULL,"85658","calico.py",NULL,"team page"
"85659",NULL,"49","9786","13540","868","py3","1775953967.673600000","1",NULL,NULL,"85659","mycelium.py",NULL,"team page"
"85660",NULL,"49","9655","13146","862","java","1775953968.459500000","1",NULL,NULL,"85660","Main",NULL,"team page"
"85661",NULL,"49","9720","13341","862","cpp","1775953971.446700000","1",NULL,NULL,"85661",NULL,NULL,"team page"
"85662",NULL,"49","10042","14245","865","cpp","1775953971.553600000","1",NULL,NULL,"85662",NULL,NULL,"team page"
"85663",NULL,"49","9619","13040","867","cpp","1775953971.765500000","1",NULL,NULL,"85663",NULL,NULL,"team page"
"85664",NULL,"49","9762","13467","860","py3","1775953972.391400000","1",NULL,NULL,"85664","nah_template.py",NULL,"team page"
"85665",NULL,"49","9898","13874","860","py3","1775953974.493300000","1",NULL,NULL,"85665","CALICOCodeQ2.py",NULL,"team page"
"85666",NULL,"49","9816","13628","862","pypy3","1775953974.717100000","1",NULL,NULL,"85666","laser_template.py",NULL,"team page"
"85667",NULL,"49","9206","11799","868","cpp","1775953976.851000000","1",NULL,NULL,"85667",NULL,NULL,"team page"
"85668",NULL,"49","9928","13942","863","cpp","1775953978.429200000","1",NULL,NULL,"85668",NULL,NULL,"team page"
"85669",NULL,"49","9658","13157","868","cpp","1775953981.942300000","1",NULL,NULL,"85669",NULL,NULL,"team page"
"85670",NULL,"49","9328","12167","863","cpp","1775953985.347300000","1",NULL,NULL,"85670",NULL,NULL,"team page"
"85671",NULL,"49","9649","13128","866","cpp","1775953985.766500000","1",NULL,NULL,"85671",NULL,NULL,"team page"
"85672",NULL,"49","9465","12578","867","cpp","1775953986.307700000","1",NULL,NULL,"85672",NULL,NULL,"team page"
"85673",NULL,"49","9369","12289","863","cpp","1775953990.732100000","1",NULL,NULL,"85673",NULL,NULL,"team page"
"85674",NULL,"49","9917","13909","867","pypy3","1775953992.970800000","1",NULL,NULL,"85674","7.py",NULL,"team page"
"85675",NULL,"49","9206","11799","869","cpp","1775953997.568700000","1",NULL,NULL,"85675",NULL,NULL,"team page"
"85676",NULL,"49","9566","12879","860","cpp","1775953997.581500000","1",NULL,NULL,"85676",NULL,NULL,"team page"
"85677",NULL,"49","9718","13336","861","py3","1775953998.177400000","1",NULL,NULL,"85677","3.py",NULL,"team page"
"85678",NULL,"49","10035","14224","867","cpp","1775953999.072900000","1",NULL,NULL,"85678",NULL,NULL,"team page"
"85679",NULL,"49","9432","12477","869","cpp","1775954001.733100000","1",NULL,NULL,"85679",NULL,NULL,"team page"
"85680",NULL,"49","9902","13885","868","pypy3","1775954002.730100000","1",NULL,NULL,"85680","8.py",NULL,"team page"
"85681",NULL,"49","9258","11956","870","cpp","1775954003.223300000","1",NULL,NULL,"85681",NULL,NULL,"team page"
"85682",NULL,"49","10055","14284","862","cpp","1775954004.631600000","1",NULL,NULL,"85682",NULL,NULL,"team page"
"85683",NULL,"49","9544","12813","869","cpp","1775954004.903500000","1",NULL,NULL,"85683",NULL,NULL,"team page"
"85684",NULL,"49","9366","12279","865","pypy3","1775954006.756300000","1",NULL,NULL,"85684","p5.py",NULL,"team page"
"85685",NULL,"49","10029","14206","862","py3","1775954009.419900000","1",NULL,NULL,"85685","lasersol4.py",NULL,"team page"
"85686",NULL,"49","9355","12246","860","py3","1775954016.083900000","1",NULL,NULL,"85686","nah.py",NULL,"team page"
"85687",NULL,"49","9678","13215","868","py3","1775954016.480300000","1",NULL,NULL,"85687","prob8.py",NULL,"team page"
"85688",NULL,"49","9827","13661","860","cpp","1775954018.164100000","1",NULL,NULL,"85688",NULL,NULL,"team page"
"85689",NULL,"49","10057","14290","865","pypy3","1775954021.326200000","1",NULL,NULL,"85689","five.py",NULL,"team page"
"85690",NULL,"49","9718","13336","860","py3","1775954022.041300000","1",NULL,NULL,"85690","3.py",NULL,"team page"
"85691",NULL,"49","9343","12211","869","cpp","1775954025.277200000","1",NULL,NULL,"85691",NULL,NULL,"team page"
"85692",NULL,"49","9432","12477","869","cpp","1775954026.752500000","1",NULL,NULL,"85692",NULL,NULL,"team page"
"85693",NULL,"49","9917","13910","862","py3","1775954028.964600000","1",NULL,NULL,"85693","main.py",NULL,"team page"
"85694",NULL,"49","9394","12363","864","py3","1775954029.671800000","1",NULL,NULL,"85694","String_comparison.py",NULL,"team page"
"85695",NULL,"49","9488","12645","860","java","1775954031.785700000","1",NULL,NULL,"85695","Solution",NULL,"team page"
"85696",NULL,"49","9816","13628","863","pypy3","1775954033.809400000","1",NULL,NULL,"85696","laser_template.py",NULL,"team page"
"85697",NULL,"49","9801","13583","859","py3","1775954033.902900000","1",NULL,NULL,"85697","piezoelectric_template.py",NULL,"team page"
"85698",NULL,"49","9558","12855","872","cpp","1775954034.412200000","1",NULL,NULL,"85698",NULL,NULL,"team page"
"85699",NULL,"49","9625","13056","872","cpp","1775954035.290100000","1",NULL,NULL,"85699",NULL,NULL,"team page"
"85700",NULL,"49","9532","12778","862","py3","1775954035.627000000","1",NULL,NULL,"85700","laser_template.py",NULL,"team page"
"85701",NULL,"49","10039","14236","865","py3","1775954035.661200000","1",NULL,NULL,"85701","05.py",NULL,"team page"
"85702",NULL,"49","9850","13729","872","py3","1775954037.765300000","1",NULL,NULL,"85702","splitters_template.py",NULL,"team page"
"85703",NULL,"49","9328","12167","862","cpp","1775954038.559000000","1",NULL,NULL,"85703",NULL,NULL,"team page"
"85704",NULL,"49","9408","12407","862","cpp","1775954042.578600000","1",NULL,NULL,"85704",NULL,NULL,"team page"
"85705",NULL,"49","9351","12234","868","cpp","1775954046.315900000","1",NULL,NULL,"85705",NULL,NULL,"team page"
"85706",NULL,"49","9734","13385","864","py3","1775954048.261400000","1",NULL,NULL,"85706","5.py",NULL,"team page"
"85707",NULL,"49","9728","13365","861","py3","1775954049.008600000","1",NULL,NULL,"85707","main3.py",NULL,"team page"
"85708",NULL,"49","10058","14293","862","py3","1775954050.823000000","1",NULL,NULL,"85708","laser.py",NULL,"team page"
"85709",NULL,"49","9683","13231","861","py3","1775954052.454000000","1",NULL,NULL,"85709","3.py",NULL,"team page"
"85710",NULL,"49","9857","13751","867","pypy3","1775954053.689200000","1",NULL,NULL,"85710","criss.py",NULL,"team page"
"85711",NULL,"49","9569","12889","863","cpp","1775954055.501700000","1",NULL,NULL,"85711",NULL,NULL,"team page"
"85712",NULL,"49","9892","13857","862","py3","1775954057.672000000","1",NULL,NULL,"85712","laser_template.py",NULL,"team page"
"85713",NULL,"49","10068","14323","872","py3","1775954059.189700000","1",NULL,NULL,"85713","splitters.py",NULL,"team page"
"85714",NULL,"49","9351","12234","869","cpp","1775954060.394200000","1",NULL,NULL,"85714",NULL,NULL,"team page"
"85715",NULL,"49","9678","13215","869","py3","1775954061.271400000","1",NULL,NULL,"85715","prob8.py",NULL,"team page"
"85716",NULL,"49","9300","12081","868","cpp","1775954063.529500000","1",NULL,NULL,"85716",NULL,NULL,"team page"
"85717",NULL,"49","9791","13552","860","py3","1775954063.718500000","1",NULL,NULL,"85717","calicoproblem2.py",NULL,"team page"
"85718",NULL,"49","9844","13712","860","java","1775954065.496700000","1",NULL,NULL,"85718","SolutionNah",NULL,"team page"
"85719",NULL,"49","9379","12319","866","cpp","1775954065.675900000","1",NULL,NULL,"85719",NULL,NULL,"team page"
"85720",NULL,"49","9896","13868","862","py3","1775954065.847900000","1",NULL,NULL,"85720","4.py",NULL,"team page"
"85721",NULL,"49","10000","14129","863","cpp","1775954068.688100000","1",NULL,NULL,"85721",NULL,NULL,"team page"
"85722",NULL,"49","10036","14228","862","cpp","1775954068.970800000","1",NULL,NULL,"85722",NULL,NULL,"team page"
"85723",NULL,"49","10000","14129","863","cpp","1775954069.584100000","1",NULL,NULL,"85723",NULL,NULL,"team page"
"85724",NULL,"49","10082","14348","861","java","1775954072.574200000","1",NULL,NULL,"85724",NULL,NULL,"team page"
"85725",NULL,"49","9551","12834","861","java","1775954073.095500000","1",NULL,NULL,"85725","Solution",NULL,"team page"
"85726",NULL,"49","9997","14120","861","py3","1775954075.070300000","1",NULL,NULL,"85726","prob3.py",NULL,"team page"
"85727",NULL,"49","9281","12024","861","pypy3","1775954076.644700000","1",NULL,NULL,"85727","answers_3.py",NULL,"team page"
"85728",NULL,"49","9499","12678","866","cpp","1775954076.639200000","1",NULL,NULL,"85728",NULL,NULL,"team page"
"85729",NULL,"49","9531","12776","865","java","1775954077.850500000","1",NULL,NULL,"85729","Tester",NULL,"team page"
"85730",NULL,"49","9710","13311","872","cpp","1775954077.988400000","1",NULL,NULL,"85730",NULL,NULL,"team page"
"85731",NULL,"49","9779","13518","865","cpp","1775954081.284700000","1",NULL,NULL,"85731",NULL,NULL,"team page"
"85732",NULL,"49","9815","13624","868","py3","1775954081.405500000","1",NULL,NULL,"85732","mycelium.py",NULL,"team page"
"85733",NULL,"49","9713","13321","862","py3","1775954082.146100000","1",NULL,NULL,"85733","laser.py",NULL,"team page"
"85734",NULL,"49","9537","12792","868","cpp","1775954083.223200000","1",NULL,NULL,"85734",NULL,NULL,"team page"
"85735",NULL,"49","10036","14228","863","cpp","1775954083.804600000","1",NULL,NULL,"85735",NULL,NULL,"team page"
"85736",NULL,"49","9258","11956","870","cpp","1775954087.482600000","1",NULL,NULL,"85736",NULL,NULL,"team page"
"85737",NULL,"49","9658","13156","864","cpp","1775954092.201100000","1",NULL,NULL,"85737",NULL,NULL,"team page"
"85738",NULL,"49","9345","12216","877","py3","1775954095.247200000","1",NULL,NULL,"85738","main.py",NULL,"team page"
"85739",NULL,"49","9690","13251","868","cpp","1775954095.435300000","1",NULL,NULL,"85739",NULL,NULL,"team page"
"85740",NULL,"49","9718","13337","862","pypy3","1775954098.131700000","1",NULL,NULL,"85740","problem4.py",NULL,"team page"
"85741",NULL,"49","9508","12705","872","cpp","1775954101.805300000","1",NULL,NULL,"85741",NULL,NULL,"team page"
"85742",NULL,"49","9858","13755","868","py3","1775954102.698800000","1",NULL,NULL,"85742","8.py",NULL,"team page"
"85743",NULL,"49","10051","14273","868","py3","1775954103.877600000","1",NULL,NULL,"85743","ucb.py",NULL,"team page"
"85744",NULL,"49","10012","14165","864","pypy3","1775954104.293000000","1",NULL,NULL,"85744","grid_template.py",NULL,"team page"
"85745",NULL,"49","10034","14221","867","py3","1775954105.575800000","1",NULL,NULL,"85745","cross.py",NULL,"team page"
"85746",NULL,"49","9206","11801","873","cpp","1775954105.706400000","1",NULL,NULL,"85746",NULL,NULL,"team page"
"85747",NULL,"49","9948","14001","865","cpp","1775954109.104000000","1",NULL,NULL,"85747",NULL,NULL,"team page"
"85748",NULL,"49","9897","13872","866","py3","1775954109.623200000","1",NULL,NULL,"85748","Shadows.py",NULL,"team page"
"85749",NULL,"49","9444","12513","860","cpp","1775954110.216900000","1",NULL,NULL,"85749",NULL,NULL,"team page"
"85750",NULL,"49","9370","12291","865","cpp","1775954114.452300000","1",NULL,NULL,"85750",NULL,NULL,"team page"
"85751",NULL,"49","9421","12445","867","cpp","1775954114.712600000","1",NULL,NULL,"85751",NULL,NULL,"team page"
"85752",NULL,"49","9462","12567","866","java","1775954115.991800000","1",NULL,NULL,"85752","Solution",NULL,"team page"
"85753",NULL,"49","9998","14125","867","py3","1775954116.704500000","1",NULL,NULL,"85753","problem_7.py",NULL,"team page"
"85754",NULL,"49","9322","12147","868","cpp","1775954121.251100000","1",NULL,NULL,"85754",NULL,NULL,"team page"
"85755",NULL,"49","9331","12174","867","cpp","1775954125.014600000","1",NULL,NULL,"85755",NULL,NULL,"team page"
"85756",NULL,"49","9897","13871","862","py3","1775954131.799400000","1",NULL,NULL,"85756","laser.py",NULL,"team page"
"85757",NULL,"49","9417","12432","864","cpp","1775954132.587500000","1",NULL,NULL,"85757",NULL,NULL,"team page"
"85758",NULL,"49","9567","12882","878","cpp","1775954133.558700000","1",NULL,NULL,"85758",NULL,NULL,"team page"
"85759",NULL,"49","10096","14389","879","cpp","1775954139.083300000","1",NULL,NULL,"85759",NULL,NULL,"team page"
"85760",NULL,"49","9930","13949","862","java","1775954141.173000000","1",NULL,NULL,"85760","laser",NULL,"team page"
"85761",NULL,"49","9232","11879","859","java","1775954144.281200000","1",NULL,NULL,"85761","prob1",NULL,"team page"
"85762",NULL,"49","9923","13928","864","py3","1775954144.856500000","1",NULL,NULL,"85762","p5b.py",NULL,"team page"
"85763",NULL,"49","9746","13419","868","cpp","1775954146.448000000","1",NULL,NULL,"85763",NULL,NULL,"team page"
"85764",NULL,"49","9857","13750","866","pypy3","1775954146.458500000","1",NULL,NULL,"85764","6.py",NULL,"team page"
"85765",NULL,"49","9850","13729","872","py3","1775954146.539600000","1",NULL,NULL,"85765","splitters_template.py",NULL,"team page"
"85766",NULL,"49","9526","12759","865","cpp","1775954148.523800000","1",NULL,NULL,"85766",NULL,NULL,"team page"
"85767",NULL,"49","10029","14207","866","cpp","1775954149.239100000","1",NULL,NULL,"85767",NULL,NULL,"team page"
"85768",NULL,"49","9353","12240","864","cpp","1775954150.072300000","1",NULL,NULL,"85768",NULL,NULL,"team page"
"85769",NULL,"49","9948","14001","864","cpp","1775954155.882200000","1",NULL,NULL,"85769",NULL,NULL,"team page"
"85770",NULL,"49","9712","13318","872","cpp","1775954157.034700000","1",NULL,NULL,"85770",NULL,NULL,"team page"
"85771",NULL,"49","9282","12028","862","py3","1775954158.190400000","1",NULL,NULL,"85771","4.py",NULL,"team page"
"85772",NULL,"49","10059","14296","859","java","1775954158.486500000","1",NULL,NULL,"85772","Main",NULL,"team page"
"85773",NULL,"49","9718","13337","863","py3","1775954159.709700000","1",NULL,NULL,"85773","problem4.py",NULL,"team page"
"85774",NULL,"49","9665","13176","862","pypy3","1775954159.775400000","1",NULL,NULL,"85774","Laser.py",NULL,"team page"
"85775",NULL,"49","9928","13942","863","cpp","1775954170.980200000","1",NULL,NULL,"85775",NULL,NULL,"team page"
"85776",NULL,"49","9923","13928","865","py3","1775954174.456300000","1",NULL,NULL,"85776","p5b.py",NULL,"team page"
"85777",NULL,"49","9680","13222","872","cpp","1775954177.297700000","1",NULL,NULL,"85777",NULL,NULL,"team page"
"85778",NULL,"49","9779","13518","865","cpp","1775954177.520800000","1",NULL,NULL,"85778",NULL,NULL,"team page"
"85779",NULL,"49","9858","13755","879","py3","1775954177.995500000","1",NULL,NULL,"85779","12.py",NULL,"team page"
"85780",NULL,"49","9242","11907","877","cpp","1775954178.817900000","1",NULL,NULL,"85780",NULL,NULL,"team page"
"85781",NULL,"49","10057","14290","865","pypy3","1775954179.087800000","1",NULL,NULL,"85781","five_b1.py",NULL,"team page"
"85782",NULL,"49","9201","11784","867","py3","1775954180.104700000","1",NULL,NULL,"85782","problem_7.py",NULL,"team page"
"85783",NULL,"49","9778","13515","861","py3","1775954183.427600000","1",NULL,NULL,"85783","files_template.py",NULL,"team page"
"85784",NULL,"49","9919","13914","872","cpp","1775954183.633100000","1",NULL,NULL,"85784",NULL,NULL,"team page"
"85785",NULL,"49","10085","14356","862","cpp","1775954185.547600000","1",NULL,NULL,"85785",NULL,NULL,"team page"
"85786",NULL,"49","9345","12217","872","py3","1775954185.471600000","1",NULL,NULL,"85786","splitters_template.py",NULL,"team page"
"85787",NULL,"49","9803","13589","873","pypy3","1775954192.081200000","1",NULL,NULL,"85787","problem2.py",NULL,"team page"
"85788",NULL,"49","9761","13464","872","cpp","1775954192.199600000","1",NULL,NULL,"85788",NULL,NULL,"team page"
"85789",NULL,"49","9949","14006","860","py3","1775954192.668800000","1",NULL,NULL,"85789","nah.py",NULL,"team page"
"85790",NULL,"49","9712","13318","872","cpp","1775954192.941600000","1",NULL,NULL,"85790",NULL,NULL,"team page"
"85791",NULL,"49","9866","13778","859","py3","1775954193.112300000","1",NULL,NULL,"85791","piezoelectric_template.py",NULL,"team page"
"85792",NULL,"49","9600","12981","864","cpp","1775954195.973000000","1",NULL,NULL,"85792",NULL,NULL,"team page"
"85793",NULL,"49","10095","14387","863","py3","1775954196.410500000","1",NULL,NULL,"85793","laser_template.py",NULL,"team page"
"85794",NULL,"49","9784","13533","867","cpp","1775954196.753900000","1",NULL,NULL,"85794",NULL,NULL,"team page"
"85795",NULL,"49","9750","13432","860","cpp","1775954197.411700000","1",NULL,NULL,"85795",NULL,NULL,"team page"
"85796",NULL,"49","10008","14153","865","py3","1775954199.243600000","1",NULL,NULL,"85796","grid_template.py",NULL,"team page"
"85797",NULL,"49","9312","12117","867","cpp","1775954200.271300000","1",NULL,NULL,"85797",NULL,NULL,"team page"
"85798",NULL,"49","9408","12407","863","cpp","1775954202.051000000","1",NULL,NULL,"85798",NULL,NULL,"team page"
"85799",NULL,"49","9868","13783","860","py3","1775954210.599700000","1",NULL,NULL,"85799","nah.py",NULL,"team page"
"85800",NULL,"49","9928","13941","873","cpp","1775954210.911300000","1",NULL,NULL,"85800",NULL,NULL,"team page"
"85801",NULL,"49","9816","13628","863","pypy3","1775954211.750100000","1",NULL,NULL,"85801","laser_template.py",NULL,"team page"
"85802",NULL,"49","9880","13819","864","py3","1775954213.901000000","1",NULL,NULL,"85802","p5.py",NULL,"team page"
"85803",NULL,"49","10096","14391","864","cpp","1775954213.912500000","1",NULL,NULL,"85803",NULL,NULL,"team page"
"85804",NULL,"49","10090","14372","862","cpp","1775954214.272600000","1",NULL,NULL,"85804",NULL,NULL,"team page"
"85805",NULL,"49","9359","12258","861","pypy3","1775954214.791400000","1",NULL,NULL,"85805","prog.py",NULL,"team page"
"85806",NULL,"49","9994","14113","867","java","1775954218.207400000","1",NULL,NULL,"85806","Main",NULL,"team page"
"85807",NULL,"49","9345","12216","877","py3","1775954220.424200000","1",NULL,NULL,"85807","main.py",NULL,"team page"
"85808",NULL,"49","9210","11811","877","pypy3","1775954221.241200000","1",NULL,NULL,"85808","lecture_template.py",NULL,"team page"
"85809",NULL,"49","9717","13334","872","cpp","1775954222.602500000","1",NULL,NULL,"85809",NULL,NULL,"team page"
"85810",NULL,"49","9728","13365","861","py3","1775954225.690000000","1",NULL,NULL,"85810","main3.py",NULL,"team page"
"85811",NULL,"49","9807","13600","860","py3","1775954230.181200000","1",NULL,NULL,"85811","problem2.py",NULL,"team page"
"85812",NULL,"49","9343","12211","869","cpp","1775954230.507000000","1",NULL,NULL,"85812",NULL,NULL,"team page"
"85813",NULL,"49","9592","12957","867","cpp","1775954232.832100000","1",NULL,NULL,"85813",NULL,NULL,"team page"
"85814",NULL,"49","9717","13334","869","cpp","1775954234.191600000","1",NULL,NULL,"85814",NULL,NULL,"team page"
"85815",NULL,"49","9690","13251","868","cpp","1775954234.370300000","1",NULL,NULL,"85815",NULL,NULL,"team page"
"85816",NULL,"49","10047","14260","861","py3","1775954236.343800000","1",NULL,NULL,"85816","prob-files_main.py",NULL,"team page"
"85817",NULL,"49","9682","13227","864","cpp","1775954236.642000000","1",NULL,NULL,"85817",NULL,NULL,"team page"
"85818",NULL,"49","9904","13893","864","cpp","1775954237.454900000","1",NULL,NULL,"85818",NULL,NULL,"team page"
"85819",NULL,"49","9375","12307","867","pypy3","1775954237.593700000","1",NULL,NULL,"85819","7.py",NULL,"team page"
"85820",NULL,"49","10071","14332","866","cpp","1775954237.863200000","1",NULL,NULL,"85820",NULL,NULL,"team page"
"85821",NULL,"49","10067","14321","867","py3","1775954238.742600000","1",NULL,NULL,"85821","cross_template.py",NULL,"team page"
"85822",NULL,"49","9680","13222","872","cpp","1775954238.872600000","1",NULL,NULL,"85822",NULL,NULL,"team page"
"85823",NULL,"49","9210","11811","878","pypy3","1775954244.078500000","1",NULL,NULL,"85823","lecture_template.py",NULL,"team page"
"85824",NULL,"49","9956","14027","860","pypy3","1775954244.876200000","1",NULL,NULL,"85824","Problem2.py",NULL,"team page"
"85825",NULL,"49","9649","13129","867","cpp","1775954246.026600000","1",NULL,NULL,"85825",NULL,NULL,"team page"
"85826",NULL,"49","9375","12308","866","pypy3","1775954248.359000000","1",NULL,NULL,"85826","6.py",NULL,"team page"
"85827",NULL,"49","9401","12384","861","py3","1775954252.271700000","1",NULL,NULL,"85827","files.py",NULL,"team page"
"85828",NULL,"49","9544","12813","862","cpp","1775954254.243500000","1",NULL,NULL,"85828",NULL,NULL,"team page"
"85829",NULL,"49","10066","14317","860","pypy3","1775954256.550300000","1",NULL,NULL,"85829","nah_main.py",NULL,"team page"
"85830",NULL,"49","10010","14159","861","cpp","1775954259.579700000","1",NULL,NULL,"85830",NULL,NULL,"team page"
"85831",NULL,"49","10090","14372","862","cpp","1775954262.878000000","1",NULL,NULL,"85831",NULL,NULL,"team page"
"85832",NULL,"49","9880","13819","865","py3","1775954263.968800000","1",NULL,NULL,"85832","p5.py",NULL,"team page"
"85833",NULL,"49","9693","13260","870","cpp","1775954266.253700000","1",NULL,NULL,"85833",NULL,NULL,"team page"
"85834",NULL,"49","9746","13419","869","cpp","1775954267.656900000","1",NULL,NULL,"85834",NULL,NULL,"team page"
"85835",NULL,"49","10068","14323","871","py3","1775954270.225400000","1",NULL,NULL,"85835","mycelium_bonus3.py",NULL,"team page"
"85836",NULL,"49","9600","12981","866","cpp","1775954270.476800000","1",NULL,NULL,"85836",NULL,NULL,"team page"
"85837",NULL,"49","9331","12174","867","cpp","1775954271.232800000","1",NULL,NULL,"85837",NULL,NULL,"team page"
"85838",NULL,"49","9600","12981","866","cpp","1775954271.295400000","1",NULL,NULL,"85838",NULL,NULL,"team page"
"85839",NULL,"49","9581","12924","861","py3","1775954272.727200000","1",NULL,NULL,"85839","test.py",NULL,"team page"
"85840",NULL,"49","9317","12132","864","cpp","1775954274.647800000","1",NULL,NULL,"85840",NULL,NULL,"team page"
"85841",NULL,"49","9717","13333","877","cpp","1775954274.990200000","1",NULL,NULL,"85841",NULL,NULL,"team page"
"85842",NULL,"49","9292","12057","860","py3","1775954277.046400000","1",NULL,NULL,"85842","prob2.py",NULL,"team page"
"85843",NULL,"49","9884","13831","860","py3","1775954278.856100000","1",NULL,NULL,"85843","5.py",NULL,"team page"
"85844",NULL,"49","9493","12661","864","cpp","1775954279.429600000","1",NULL,NULL,"85844",NULL,NULL,"team page"
"85845",NULL,"49","9854","13742","861","py3","1775954280.389900000","1",NULL,NULL,"85845","files_main.py",NULL,"team page"
"85846",NULL,"49","9432","12477","864","cpp","1775954282.077700000","1",NULL,NULL,"85846",NULL,NULL,"team page"
"85847",NULL,"49","9626","13061","867","py3","1775954283.816900000","1",NULL,NULL,"85847","cross_template.py",NULL,"team page"
"85848",NULL,"49","9242","11907","867","cpp","1775954286.692400000","1",NULL,NULL,"85848",NULL,NULL,"team page"
"85849",NULL,"49","9369","12290","869","cpp","1775954287.826100000","1",NULL,NULL,"85849",NULL,NULL,"team page"
"85850",NULL,"49","9638","13097","860","cpp","1775954288.255000000","1",NULL,NULL,"85850",NULL,NULL,"team page"
"85851",NULL,"49","9850","13729","872","py3","1775954290.060700000","1",NULL,NULL,"85851","splitters_template.py",NULL,"team page"
"85852",NULL,"49","9891","13853","864","cpp","1775954290.988200000","1",NULL,NULL,"85852",NULL,NULL,"team page"
"85853",NULL,"49","9432","12477","865","cpp","1775954293.160300000","1",NULL,NULL,"85853",NULL,NULL,"team page"
"85854",NULL,"49","9887","13842","862","py3","1775954293.316600000","1",NULL,NULL,"85854","calico3.py",NULL,"team page"
"85855",NULL,"49","9737","13392","859","py3","1775954295.708000000","1",NULL,NULL,"85855","piezoelectric_main.py",NULL,"team page"
"85856",NULL,"49","9359","12258","861","py3","1775954296.127300000","1",NULL,NULL,"85856","prog.py",NULL,"team page"
"85857",NULL,"49","10008","14154","864","java","1775954296.425800000","1",NULL,NULL,"85857","gridFill.GridFill",NULL,"team page"
"85858",NULL,"49","9447","12522","865","cpp","1775954300.376800000","1",NULL,NULL,"85858",NULL,NULL,"team page"
"85859",NULL,"49","9582","12928","863","py3","1775954301.470300000","1",NULL,NULL,"85859","laser_template.py",NULL,"team page"
"85860",NULL,"49","9756","13449","879","pypy3","1775954301.745500000","1",NULL,NULL,"85860","prob-multiplication_easy_main.py",NULL,"team page"
"85861",NULL,"49","9355","12248","864","py3","1775954302.834400000","1",NULL,NULL,"85861","grid_template.py",NULL,"team page"
"85862",NULL,"49","9692","13257","861","pypy3","1775954303.546700000","1",NULL,NULL,"85862","problem3.py",NULL,"team page"
"85863",NULL,"49","9417","12432","864","cpp","1775954304.024100000","1",NULL,NULL,"85863",NULL,NULL,"team page"
"85864",NULL,"49","9678","13216","867","cpp","1775954310.949700000","1",NULL,NULL,"85864",NULL,NULL,"team page"
"85865",NULL,"49","9641","13106","865","java","1775954311.890100000","1",NULL,NULL,"85865","Solution",NULL,"team page"
"85866",NULL,"49","9988","14094","868","py3","1775954313.506600000","1",NULL,NULL,"85866","shsid.py",NULL,"team page"
"85867",NULL,"49","9750","13432","860","cpp","1775954314.767000000","1",NULL,NULL,"85867",NULL,NULL,"team page"
"85868",NULL,"49","9231","11874","872","py3","1775954315.369900000","1",NULL,NULL,"85868","problem_9.py",NULL,"team page"
"85869",NULL,"49","9394","12363","864","py3","1775954315.572900000","1",NULL,NULL,"85869","String_comparison.py",NULL,"team page"
"85870",NULL,"49","9491","12655","872","cpp","1775954317.324600000","1",NULL,NULL,"85870",NULL,NULL,"team page"
"85871",NULL,"49","9897","13871","862","py3","1775954321.299300000","1",NULL,NULL,"85871","laser.py",NULL,"team page"
"85872",NULL,"49","9535","12786","866","cpp","1775954321.611500000","1",NULL,NULL,"85872",NULL,NULL,"team page"
"85873",NULL,"49","9298","12075","867","cpp","1775954321.612200000","1",NULL,NULL,"85873",NULL,NULL,"team page"
"85874",NULL,"49","9532","12777","862","py3","1775954321.879500000","1",NULL,NULL,"85874","splitters_template.py",NULL,"team page"
"85875",NULL,"49","9746","13419","870","cpp","1775954323.979400000","1",NULL,NULL,"85875",NULL,NULL,"team page"
"85876",NULL,"49","9899","13878","861","java","1775954324.536100000","1",NULL,NULL,"85876","JoshContext041204",NULL,"team page"
"85877",NULL,"49","9696","13269","863","cpp","1775954327.531200000","1",NULL,NULL,"85877",NULL,NULL,"team page"
"85878",NULL,"49","9627","13063","867","cpp","1775954334.632600000","1",NULL,NULL,"85878",NULL,NULL,"team page"
"85879",NULL,"49","9671","13195","877","pypy3","1775954336.005000000","1",NULL,NULL,"85879","lecture_template.py",NULL,"team page"
"85880",NULL,"49","9442","12507","862","cpp","1775954339.122400000","1",NULL,NULL,"85880",NULL,NULL,"team page"
"85881",NULL,"49","9815","13624","860","py3","1775954339.238900000","1",NULL,NULL,"85881","nah.py",NULL,"team page"
"85882",NULL,"49","9889","13848","859","cpp","1775954339.795500000","1",NULL,NULL,"85882",NULL,NULL,"team page"
"85883",NULL,"49","9672","13197","868","py3","1775954340.409900000","1",NULL,NULL,"85883","grassvmycelium.py",NULL,"team page"
"85884",NULL,"49","9948","14001","863","cpp","1775954341.077700000","1",NULL,NULL,"85884",NULL,NULL,"team page"
"85885",NULL,"49","9263","11971","864","cpp","1775954341.585700000","1",NULL,NULL,"85885",NULL,NULL,"team page"
"85886",NULL,"49","9902","13885","879","py3","1775954341.769500000","1",NULL,NULL,"85886","12.py",NULL,"team page"
"85887",NULL,"49","9586","12939","860","py3","1775954341.833300000","1",NULL,NULL,"85887","nah_template.py",NULL,"team page"
"85888",NULL,"49","9334","12183","864","pypy3","1775954345.395200000","1",NULL,NULL,"85888","p1.py",NULL,"team page"
"85889",NULL,"49","9750","13431","859","cpp","1775954346.503900000","1",NULL,NULL,"85889",NULL,NULL,"team page"
"85890",NULL,"49","9675","13207","863","java","1775954346.620500000","1",NULL,NULL,"85890","Solution",NULL,"team page"
"85891",NULL,"49","9422","12449","864","py3","1775954349.619300000","1",NULL,NULL,"85891","p5.py",NULL,"team page"
"85892",NULL,"49","9726","13360","862","py3","1775954349.963300000","1",NULL,NULL,"85892","laser.py",NULL,"team page"
"85893",NULL,"49","9466","12579","862","cpp","1775954350.689300000","1",NULL,NULL,"85893",NULL,NULL,"team page"
"85894",NULL,"49","9339","12198","864","py3","1775954352.367400000","1",NULL,NULL,"85894","prob5.py",NULL,"team page"
"85895",NULL,"49","9658","13157","872","cpp","1775954352.846600000","1",NULL,NULL,"85895",NULL,NULL,"team page"
"85896",NULL,"49","9581","12924","861","py3","1775954353.723400000","1",NULL,NULL,"85896","test.py",NULL,"team page"
"85897",NULL,"49","9535","12786","867","cpp","1775954354.677400000","1",NULL,NULL,"85897",NULL,NULL,"team page"
"85898",NULL,"49","10083","14350","862","py3","1775954355.048600000","1",NULL,NULL,"85898","problem-04.py",NULL,"team page"
"85899",NULL,"49","9925","13932","866","cpp","1775954359.023900000","1",NULL,NULL,"85899",NULL,NULL,"team page"
"85900",NULL,"49","9791","13553","861","py3","1775954359.923400000","1",NULL,NULL,"85900","problem3.py",NULL,"team page"
"85901",NULL,"49","9353","12240","865","cpp","1775954360.282200000","1",NULL,NULL,"85901",NULL,NULL,"team page"
"85902",NULL,"49","9696","13269","863","cpp","1775954361.689500000","1",NULL,NULL,"85902",NULL,NULL,"team page"
"85903",NULL,"49","9748","13425","863","py3","1775954362.209000000","1",NULL,NULL,"85903","4b.py",NULL,"team page"
"85904",NULL,"49","9672","13197","869","py3","1775954363.257900000","1",NULL,NULL,"85904","grassvmycelium.py",NULL,"team page"
"85905",NULL,"49","9880","13820","861","cpp","1775954366.822300000","1",NULL,NULL,"85905",NULL,NULL,"team page"
"85906",NULL,"49","9389","12348","870","c","1775954368.170500000","1",NULL,NULL,"85906",NULL,NULL,"team page"
"85907",NULL,"49","9856","13747","866","py3","1775954369.742800000","1",NULL,NULL,"85907","shadows_template.py",NULL,"team page"
"85908",NULL,"49","9672","13197","870","py3","1775954370.073900000","1",NULL,NULL,"85908","grassvmycelium.py",NULL,"team page"
"85909",NULL,"49","9210","11811","871","pypy3","1775954371.007300000","1",NULL,NULL,"85909","mycelium_template.py",NULL,"team page"
"85910",NULL,"49","10087","14362","864","py3","1775954371.215600000","1",NULL,NULL,"85910","grid_template.py",NULL,"team page"
"85911",NULL,"49","9858","13755","868","py3","1775954372.514700000","1",NULL,NULL,"85911","8.py",NULL,"team page"
"85912",NULL,"49","9366","12279","865","pypy3","1775954375.672900000","1",NULL,NULL,"85912","p5.py",NULL,"team page"
"85913",NULL,"49","9672","13197","871","py3","1775954376.000100000","1",NULL,NULL,"85913","grassvmycelium.py",NULL,"team page"
"85914",NULL,"49","9431","12474","862","py3","1775954380.186800000","1",NULL,NULL,"85914","calico.py",NULL,"team page"
"85915",NULL,"49","9816","13628","863","pypy3","1775954380.283800000","1",NULL,NULL,"85915","laser_template.py",NULL,"team page"
"85916",NULL,"49","9997","14120","862","py3","1775954380.430000000","1",NULL,NULL,"85916","prob4.py",NULL,"team page"
"85917",NULL,"49","9480","12623","862","py3","1775954380.679400000","1",NULL,NULL,"85917","laser_template.py",NULL,"team page"
"85918",NULL,"49","9902","13885","880","py3","1775954381.629700000","1",NULL,NULL,"85918","12.py",NULL,"team page"
"85919",NULL,"49","9897","13872","866","py3","1775954384.126600000","1",NULL,NULL,"85919","Shadows.py",NULL,"team page"
"85920",NULL,"49","9361","12264","867","py3","1775954384.281100000","1",NULL,NULL,"85920","cross_template.py",NULL,"team page"
"85921",NULL,"49","9408","12406","866","cpp","1775954385.434800000","1",NULL,NULL,"85921",NULL,NULL,"team page"
"85922",NULL,"49","9432","12477","864","cpp","1775954387.024900000","1",NULL,NULL,"85922",NULL,NULL,"team page"
"85923",NULL,"49","9777","13512","867","cpp","1775954387.503700000","1",NULL,NULL,"85923",NULL,NULL,"team page"
"85924",NULL,"49","10034","14221","861","py3","1775954395.216500000","1",NULL,NULL,"85924","files.py",NULL,"team page"
"85925",NULL,"49","9850","13729","872","py3","1775954397.170100000","1",NULL,NULL,"85925","splitters_template.py",NULL,"team page"
"85926",NULL,"49","9877","13811","860","py3","1775954398.684700000","1",NULL,NULL,"85926","nah_id_win.py",NULL,"team page"
"85927",NULL,"49","9432","12477","865","cpp","1775954402.813800000","1",NULL,NULL,"85927",NULL,NULL,"team page"
"85928",NULL,"49","9423","12452","863","cpp","1775954405.591200000","1",NULL,NULL,"85928",NULL,NULL,"team page"
"85929",NULL,"49","9250","11932","864","cpp","1775954407.871600000","1",NULL,NULL,"85929",NULL,NULL,"team page"
"85930",NULL,"49","9526","12759","865","cpp","1775954408.770700000","1",NULL,NULL,"85930",NULL,NULL,"team page"
"85931",NULL,"49","9693","13261","872","cpp","1775954411.607900000","1",NULL,NULL,"85931",NULL,NULL,"team page"
"85933",NULL,"49","9720","13341","859","py3","1775954415.703400000","1",NULL,NULL,"85933","1.1.py",NULL,"team page"
"85934",NULL,"49","9717","13334","869","cpp","1775954416.311500000","1",NULL,NULL,"85934",NULL,NULL,"team page"
"85935",NULL,"49","9480","12623","863","py3","1775954416.789500000","1",NULL,NULL,"85935","laser_template.py",NULL,"team page"
"85936",NULL,"49","10033","14218","859","java","1775954417.844900000","1",NULL,NULL,"85936","piezoSolve",NULL,"team page"
"85937",NULL,"49","10000","14129","864","cpp","1775954417.858200000","1",NULL,NULL,"85937",NULL,NULL,"team page"
"85938",NULL,"49","9692","13257","861","pypy3","1775954418.661300000","1",NULL,NULL,"85938","problem3.py",NULL,"team page"
"85939",NULL,"49","10042","14247","872","cpp","1775954420.188700000","1",NULL,NULL,"85939",NULL,NULL,"team page"
"85940",NULL,"49","10098","14395","872","cpp","1775954426.283500000","1",NULL,NULL,"85940",NULL,NULL,"team page"
"85941",NULL,"49","9431","12474","863","py3","1775954428.740900000","1",NULL,NULL,"85941","calico.py",NULL,"team page"
"85942",NULL,"49","9628","13067","861","py3","1775954428.865400000","1",NULL,NULL,"85942","files_template.py",NULL,"team page"
"85943",NULL,"49","9603","12992","864","java","1775954430.969400000","1",NULL,NULL,"85943","Solution",NULL,"team page"
"85944",NULL,"49","9848","13724","865","py3","1775954432.506600000","1",NULL,NULL,"85944","p5good.py",NULL,"team page"
"85945",NULL,"49","10035","14224","867","cpp","1775954433.803200000","1",NULL,NULL,"85945",NULL,NULL,"team page"
"85946",NULL,"49","9956","14027","860","pypy3","1775954437.030600000","1",NULL,NULL,"85946","problem2again.py",NULL,"team page"
"85947",NULL,"49","9714","13323","864","py3","1775954438.093800000","1",NULL,NULL,"85947","dfskjhkfdsjgshfdghjsdfhgksjdfgsdfjkgkhjsdfkh.py",NULL,"team page"
"85948",NULL,"49","10000","14129","865","cpp","1775954440.037500000","1",NULL,NULL,"85948",NULL,NULL,"team page"
"85949",NULL,"49","10000","14129","865","cpp","1775954440.961100000","1",NULL,NULL,"85949",NULL,NULL,"team page"
"85950",NULL,"49","9787","13542","867","cpp","1775954441.447600000","1",NULL,NULL,"85950",NULL,NULL,"team page"
"85951",NULL,"49","10045","14254","864","py3","1775954445.004700000","1",NULL,NULL,"85951","main.py",NULL,"team page"
"85952",NULL,"49","9261","11964","881","py3","1775954446.440000000","1",NULL,NULL,"85952","multiplication_easy_template.py",NULL,"team page"
"85953",NULL,"49","9328","12165","865","cpp","1775954447.024700000","1",NULL,NULL,"85953",NULL,NULL,"team page"
"85954",NULL,"49","9997","14120","861","py3","1775954447.605600000","1",NULL,NULL,"85954","prob3.py",NULL,"team page"
"85955",NULL,"49","9666","13179","862","cpp","1775954448.375100000","1",NULL,NULL,"85955",NULL,NULL,"team page"
"85956",NULL,"49","10083","14351","861","py3","1775954448.825700000","1",NULL,NULL,"85956","files_template.py",NULL,"team page"
"85957",NULL,"49","9367","12283","868","cpp","1775954449.228500000","1",NULL,NULL,"85957",NULL,NULL,"team page"
"85958",NULL,"49","10082","14349","862","py3","1775954450.192500000","1",NULL,NULL,"85958","laser.py",NULL,"team page"
"85959",NULL,"49","10098","14396","865","py3","1775954450.728700000","1",NULL,NULL,"85959","sideways.py",NULL,"team page"
"85960",NULL,"49","9737","13393","860","pypy3","1775954450.947900000","1",NULL,NULL,"85960","calico_question_2.py",NULL,"team page"
"85961",NULL,"49","9793","13558","868","cpp","1775954452.087500000","1",NULL,NULL,"85961",NULL,NULL,"team page"
"85962",NULL,"49","10035","14225","873","py3","1775954452.991700000","1",NULL,NULL,"85962","splitters2.py",NULL,"team page"
"85963",NULL,"49","9889","13848","867","cpp","1775954455.356700000","1",NULL,NULL,"85963",NULL,NULL,"team page"
"85964",NULL,"49","10012","14165","860","pypy3","1775954457.391200000","1",NULL,NULL,"85964","nah_template.py",NULL,"team page"
"85965",NULL,"49","9587","12943","879","cpp","1775954458.127700000","1",NULL,NULL,"85965",NULL,NULL,"team page"
"85966",NULL,"49","9736","13390","860","py3","1775954460.023500000","1",NULL,NULL,"85966","nah_template.py",NULL,"team page"
"85967",NULL,"49","9690","13251","869","cpp","1775954460.126700000","1",NULL,NULL,"85967",NULL,NULL,"team page"
"85968",NULL,"49","10008","14153","867","py3","1775954462.275300000","1",NULL,NULL,"85968","cross_template.py",NULL,"team page"
"85969",NULL,"49","10083","14350","862","py3","1775954463.769700000","1",NULL,NULL,"85969","problem-04.py",NULL,"team page"
"85970",NULL,"49","9729","13369","861","py3","1775954464.005200000","1",NULL,NULL,"85970","main.py",NULL,"team page"
"85971",NULL,"49","9746","13419","864","cpp","1775954464.030300000","1",NULL,NULL,"85971",NULL,NULL,"team page"
"85972",NULL,"49","9717","13334","869","cpp","1775954465.264500000","1",NULL,NULL,"85972",NULL,NULL,"team page"
"85973",NULL,"49","9258","11956","870","cpp","1775954468.226900000","1",NULL,NULL,"85973",NULL,NULL,"team page"
"85974",NULL,"49","9750","13431","859","cpp","1775954469.517600000","1",NULL,NULL,"85974",NULL,NULL,"team page"
"85975",NULL,"49","9680","13221","863","cpp","1775954469.703500000","1",NULL,NULL,"85975",NULL,NULL,"team page"
"85976",NULL,"49","9786","13539","878","py3","1775954471.696700000","1",NULL,NULL,"85976","auratime.py",NULL,"team page"
"85977",NULL,"49","9210","11811","872","pypy3","1775954474.620400000","1",NULL,NULL,"85977","splitters_template.py",NULL,"team page"
"85978",NULL,"49","9257","11953","859","py3","1775954474.819800000","1",NULL,NULL,"85978","piezoelectric_template.py",NULL,"team page"
"85979",NULL,"49","9480","12622","861","py3","1775954478.872900000","1",NULL,NULL,"85979","files_solution.py",NULL,"team page"
"85980",NULL,"49","9991","14102","862","py3","1775954483.428400000","1",NULL,NULL,"85980","problem4.py",NULL,"team page"
"85981",NULL,"49","9988","14093","864","cpp","1775954484.465300000","1",NULL,NULL,"85981",NULL,NULL,"team page"
"85982",NULL,"49","10057","14290","865","pypy3","1775954485.506800000","1",NULL,NULL,"85982","five_b1.py",NULL,"team page"
"85983",NULL,"49","9674","13203","862","cpp","1775954486.607100000","1",NULL,NULL,"85983",NULL,NULL,"team page"
"85984",NULL,"49","9666","13179","863","cpp","1775954488.518800000","1",NULL,NULL,"85984",NULL,NULL,"team page"
"85985",NULL,"49","9709","13308","867","cpp","1775954491.355500000","1",NULL,NULL,"85985",NULL,NULL,"team page"
"85986",NULL,"49","9858","13755","868","py3","1775954492.726100000","1",NULL,NULL,"85986","8.py",NULL,"team page"
"85987",NULL,"49","9680","13221","862","cpp","1775954496.065100000","1",NULL,NULL,"85987",NULL,NULL,"team page"
"85988",NULL,"49","9466","12579","863","cpp","1775954497.210500000","1",NULL,NULL,"85988",NULL,NULL,"team page"
"85989",NULL,"49","10029","14207","866","cpp","1775954497.466900000","1",NULL,NULL,"85989",NULL,NULL,"team page"
"85990",NULL,"49","9464","12573","862","cpp","1775954498.796600000","1",NULL,NULL,"85990",NULL,NULL,"team page"
"85991",NULL,"49","9803","13589","860","pypy3","1775954501.495500000","1",NULL,NULL,"85991","q2.py",NULL,"team page"
"85992",NULL,"49","9688","13246","861","py3","1775954501.598100000","1",NULL,NULL,"85992","q3.py",NULL,"team page"
"85993",NULL,"49","9793","13560","862","cpp","1775954501.795000000","1",NULL,NULL,"85993",NULL,NULL,"team page"
"85994",NULL,"49","9663","13171","859","pypy3","1775954504.791300000","1",NULL,NULL,"85994","calico_prob_no_1.py",NULL,"team page"
"85995",NULL,"49","10045","14254","864","py3","1775954508.548400000","1",NULL,NULL,"85995","main.py",NULL,"team page"
"85996",NULL,"49","9478","12615","866","py3","1775954508.843700000","1",NULL,NULL,"85996","shadows.py",NULL,"team page"
"85997",NULL,"49","9442","12507","862","cpp","1775954508.945400000","1",NULL,NULL,"85997",NULL,NULL,"team page"
"85998",NULL,"49","9275","12006","867","py3","1775954513.233500000","1",NULL,NULL,"85998","cross_template.py",NULL,"team page"
"85999",NULL,"49","9877","13810","867","cpp","1775954515.797600000","1",NULL,NULL,"85999",NULL,NULL,"team page"
"86000",NULL,"49","9669","13189","862","pypy3","1775954517.965300000","1",NULL,NULL,"86000","laser_template.py",NULL,"team page"
"86001",NULL,"49","9857","13750","873","py3","1775954518.804300000","1",NULL,NULL,"86001","10.py",NULL,"team page"
"86002",NULL,"49","9317","12132","864","cpp","1775954523.734000000","1",NULL,NULL,"86002",NULL,NULL,"team page"
"86003",NULL,"49","9857","13751","867","pypy3","1775954526.175400000","1",NULL,NULL,"86003","criss.py",NULL,"team page"
"86004",NULL,"49","10034","14221","861","py3","1775954527.038100000","1",NULL,NULL,"86004","files.py",NULL,"team page"
"86005",NULL,"49","9582","12928","859","py3","1775954527.049200000","1",NULL,NULL,"86005","piezoelectric_template.py",NULL,"team page"
"86006",NULL,"49","9259","11958","860","py3","1775954527.966400000","1",NULL,NULL,"86006","nah_template.py",NULL,"team page"
"86007",NULL,"49","10068","14323","873","py3","1775954530.107300000","1",NULL,NULL,"86007","splitters2.py",NULL,"team page"
"86008",NULL,"49","9532","12777","863","py3","1775954531.106200000","1",NULL,NULL,"86008","splitters_template.py",NULL,"team page"
"86009",NULL,"49","9806","13597","877","cpp","1775954533.390000000","1",NULL,NULL,"86009",NULL,NULL,"team page"
"86010",NULL,"49","9873","13798","860","cpp","1775954533.773500000","1",NULL,NULL,"86010",NULL,NULL,"team page"
"86011",NULL,"49","9549","12830","860","cpp","1775954535.075400000","1",NULL,NULL,"86011",NULL,NULL,"team page"
"86012",NULL,"49","9917","13910","862","py3","1775954537.139500000","1",NULL,NULL,"86012","main.py",NULL,"team page"
"86013",NULL,"49","9526","12759","865","cpp","1775954538.274000000","1",NULL,NULL,"86013",NULL,NULL,"team page"
"86014",NULL,"49","9791","13552","859","py3","1775954543.379300000","1",NULL,NULL,"86014","calicoproblem1.py",NULL,"team page"
"86015",NULL,"49","9815","13624","860","py3","1775954546.158700000","1",NULL,NULL,"86015","nah.py",NULL,"team page"
"86016",NULL,"49","9658","13157","872","cpp","1775954547.077700000","1",NULL,NULL,"86016",NULL,NULL,"team page"
"86017",NULL,"49","9627","13062","865","py3","1775954549.799400000","1",NULL,NULL,"86017","grid_template2.py",NULL,"team page"
"86018",NULL,"49","9261","11965","861","pypy3","1775954551.532200000","1",NULL,NULL,"86018","calico3rd.py",NULL,"team page"
"86019",NULL,"49","9647","13123","863","cpp","1775954553.015200000","1",NULL,NULL,"86019",NULL,NULL,"team page"
"86020",NULL,"49","9336","12190","864","py3","1775954556.312800000","1",NULL,NULL,"86020","amused-sky-1.py",NULL,"team page"
"86021",NULL,"49","9574","12903","869","py3","1775954558.050300000","1",NULL,NULL,"86021","m1.py",NULL,"team page"
"86022",NULL,"49","9465","12577","868","cpp","1775954558.384100000","1",NULL,NULL,"86022",NULL,NULL,"team page"
"86023",NULL,"49","9630","13071","866","cpp","1775954560.583200000","1",NULL,NULL,"86023",NULL,NULL,"team page"
"86024",NULL,"49","9835","13684","866","cpp","1775954563.942300000","1",NULL,NULL,"86024",NULL,NULL,"team page"
"86025",NULL,"49","9385","12338","864","py3","1775954564.801200000","1",NULL,NULL,"86025","grid_template.py",NULL,"team page"
"86026",NULL,"49","9746","13419","865","cpp","1775954566.023700000","1",NULL,NULL,"86026",NULL,NULL,"team page"
"86027",NULL,"49","9858","13755","879","py3","1775954568.114600000","1",NULL,NULL,"86027","12.py",NULL,"team page"
"86028",NULL,"49","9679","13218","860","cpp","1775954568.177900000","1",NULL,NULL,"86028",NULL,NULL,"team page"
"86029",NULL,"49","9601","12984","872","py3","1775954568.363300000","1",NULL,NULL,"86029","p9.py",NULL,"team page"
"86030",NULL,"49","9491","12654","867","cpp","1775954572.101200000","1",NULL,NULL,"86030",NULL,NULL,"team page"
"86031",NULL,"49","9592","12957","872","cpp","1775954572.775200000","1",NULL,NULL,"86031",NULL,NULL,"team page"
"86032",NULL,"49","9644","13114","867","cpp","1775954577.214500000","1",NULL,NULL,"86032",NULL,NULL,"team page"
"86033",NULL,"49","9465","12577","869","cpp","1775954577.927400000","1",NULL,NULL,"86033",NULL,NULL,"team page"
"86034",NULL,"49","9787","13542","866","cpp","1775954582.318500000","1",NULL,NULL,"86034",NULL,NULL,"team page"
"86035",NULL,"49","9671","13195","877","pypy3","1775954587.154300000","1",NULL,NULL,"86035","lecture_template.py",NULL,"team page"
"86036",NULL,"49","9378","12316","862","py3","1775954588.348900000","1",NULL,NULL,"86036","laser_template.py",NULL,"team page"
"86037",NULL,"49","9201","11784","872","py3","1775954589.113700000","1",NULL,NULL,"86037","problem_9.py",NULL,"team page"
"86038",NULL,"49","9927","13938","861","py3","1775954591.155300000","1",NULL,NULL,"86038","CALICO_SP26_2.py",NULL,"team page"
"86039",NULL,"49","9574","12903","869","py3","1775954591.599100000","1",NULL,NULL,"86039","m1.py",NULL,"team page"
"86040",NULL,"49","9919","13914","872","cpp","1775954591.945500000","1",NULL,NULL,"86040",NULL,NULL,"team page"
"86041",NULL,"49","9720","13342","859","py3","1775954592.143900000","1",NULL,NULL,"86041","mycode.py",NULL,"team page"
"86042",NULL,"49","9642","13108","862","java","1775954592.597600000","1",NULL,NULL,"86042","calico_2",NULL,"team page"
"86043",NULL,"49","9711","13314","864","java","1775954593.014800000","1",NULL,NULL,"86043","Main",NULL,"team page"
"86044",NULL,"49","9902","13885","879","py3","1775954596.953900000","1",NULL,NULL,"86044","12.py",NULL,"team page"
"86045",NULL,"49","10012","14165","879","pypy3","1775954597.111500000","1",NULL,NULL,"86045","multiplication_easy_template.py",NULL,"team page"
"86046",NULL,"49","9355","12248","864","py3","1775954599.520700000","1",NULL,NULL,"86046","grid_template.py",NULL,"team page"
"86047",NULL,"49","9688","13246","862","py3","1775954600.599600000","1",NULL,NULL,"86047","4.py",NULL,"team page"
"86048",NULL,"49","9512","12718","877","cpp","1775954602.043100000","1",NULL,NULL,"86048",NULL,NULL,"team page"
"86049",NULL,"49","9574","12903","870","py3","1775954609.905900000","1",NULL,NULL,"86049","m1.py",NULL,"team page"
"86050",NULL,"49","10051","14273","869","py3","1775954611.346600000","1",NULL,NULL,"86050","ucb.py",NULL,"team page"
"86051",NULL,"49","9210","11811","872","pypy3","1775954612.224200000","1",NULL,NULL,"86051","splitters_template.py",NULL,"team page"
"86052",NULL,"49","9642","13107","864","java","1775954614.163100000","1",NULL,NULL,"86052","gridfill",NULL,"team page"
"86053",NULL,"49","10000","14129","864","cpp","1775954614.590000000","1",NULL,NULL,"86053",NULL,NULL,"team page"
"86054",NULL,"49","9442","12507","862","cpp","1775954614.700000000","1",NULL,NULL,"86054",NULL,NULL,"team page"
"86055",NULL,"49","9258","11956","870","cpp","1775954615.863900000","1",NULL,NULL,"86055",NULL,NULL,"team page"
"86056",NULL,"49","9370","12291","865","cpp","1775954617.675800000","1",NULL,NULL,"86056",NULL,NULL,"team page"
"86057",NULL,"49","9436","12489","861","java","1775954618.973000000","1",NULL,NULL,"86057","Q3",NULL,"team page"
"86058",NULL,"49","10051","14272","878","py3","1775954619.037100000","1",NULL,NULL,"86058","lecture_templatecopy.py",NULL,"team page"
"86059",NULL,"49","9670","13193","864","java","1775954619.208100000","1",NULL,NULL,"86059","MyProgram",NULL,"team page"
"86060",NULL,"49","9994","14113","867","java","1775954619.662800000","1",NULL,NULL,"86060","Main",NULL,"team page"
"86061",NULL,"49","9796","13567","880","py3","1775954622.480000000","1",NULL,NULL,"86061","main.py",NULL,"team page"
"86062",NULL,"49","9627","13062","865","py3","1775954624.007000000","1",NULL,NULL,"86062","grid_template.py",NULL,"team page"
"86063",NULL,"49","10095","14387","860","py3","1775954625.076900000","1",NULL,NULL,"86063","nah_template.py",NULL,"team page"
"86064",NULL,"49","9905","13895","862","py3","1775954627.050800000","1",NULL,NULL,"86064","laser.py",NULL,"team page"
"86065",NULL,"49","9856","13747","867","py3","1775954629.177100000","1",NULL,NULL,"86065","cross_template.py",NULL,"team page"
"86066",NULL,"49","9422","12449","864","py3","1775954629.523400000","1",NULL,NULL,"86066","p5.py",NULL,"team page"
"86067",NULL,"49","9250","11932","864","cpp","1775954630.362200000","1",NULL,NULL,"86067",NULL,NULL,"team page"
"86068",NULL,"49","10000","14129","865","cpp","1775954631.077600000","1",NULL,NULL,"86068",NULL,NULL,"team page"
"86069",NULL,"49","9373","12301","867","cpp","1775954632.470400000","1",NULL,NULL,"86069",NULL,NULL,"team page"
"86070",NULL,"49","9272","11998","861","java","1775954634.435600000","1",NULL,NULL,"86070","ThirdProb",NULL,"team page"
"86071",NULL,"49","9870","13790","859","pypy3","1775954634.856900000","1",NULL,NULL,"86071","P1.py",NULL,"team page"
"86072",NULL,"49","9627","13063","863","cpp","1775954637.443500000","1",NULL,NULL,"86072",NULL,NULL,"team page"
"86073",NULL,"49","9692","13257","861","py3","1775954638.038900000","1",NULL,NULL,"86073","problem3.py",NULL,"team page"
"86074",NULL,"49","9491","12654","867","cpp","1775954639.069000000","1",NULL,NULL,"86074",NULL,NULL,"team page"
"86075",NULL,"49","9210","11811","873","pypy3","1775954640.463100000","1",NULL,NULL,"86075","splitters_template.py",NULL,"team page"
"86076",NULL,"49","9658","13157","879","cpp","1775954641.211100000","1",NULL,NULL,"86076",NULL,NULL,"team page"
"86077",NULL,"49","9639","13099","868","cpp","1775954642.283200000","1",NULL,NULL,"86077",NULL,NULL,"team page"
"86078",NULL,"49","9298","12076","867","cpp","1775954643.117000000","1",NULL,NULL,"86078",NULL,NULL,"team page"
"86079",NULL,"49","9777","13514","862","cpp","1775954643.471500000","1",NULL,NULL,"86079",NULL,NULL,"team page"
"86080",NULL,"49","9683","13231","861","pypy3","1775954643.856600000","1",NULL,NULL,"86080","3.py",NULL,"team page"
"86081",NULL,"49","9786","13539","878","py3","1775954646.087300000","1",NULL,NULL,"86081","auratime.py",NULL,"team page"
"86082",NULL,"49","9919","13916","862","cpp","1775954647.419800000","1",NULL,NULL,"86082",NULL,NULL,"team page"
"86083",NULL,"49","9438","12495","859","pypy3","1775954648.669200000","1",NULL,NULL,"86083","piezoelectric_template.py",NULL,"team page"
"86084",NULL,"49","9638","13095","879","cpp","1775954651.376300000","1",NULL,NULL,"86084",NULL,NULL,"team page"
"86085",NULL,"49","9508","12705","868","cpp","1775954651.822900000","1",NULL,NULL,"86085",NULL,NULL,"team page"
"86086",NULL,"49","9734","13385","867","py3","1775954653.557500000","1",NULL,NULL,"86086","7.py",NULL,"team page"
"86087",NULL,"49","9837","13690","860","py3","1775954656.047900000","1",NULL,NULL,"86087","nah_template.py",NULL,"team page"
"86088",NULL,"49","9884","13831","860","py3","1775954656.836900000","1",NULL,NULL,"86088","5.py",NULL,"team page"
"86089",NULL,"49","9639","13099","869","cpp","1775954656.880200000","1",NULL,NULL,"86089",NULL,NULL,"team page"
"86090",NULL,"49","9768","13485","867","cpp","1775954658.596700000","1",NULL,NULL,"86090",NULL,NULL,"team page"
"86091",NULL,"49","9718","13337","864","py3","1775954660.895100000","1",NULL,NULL,"86091","problem5.py",NULL,"team page"
"86092",NULL,"49","9627","13062","865","py3","1775954661.412500000","1",NULL,NULL,"86092","grid_template.py",NULL,"team page"
"86093",NULL,"49","9368","12286","873","cpp","1775954662.963100000","1",NULL,NULL,"86093",NULL,NULL,"team page"
"86094",NULL,"49","10045","14254","864","py3","1775954663.418800000","1",NULL,NULL,"86094","main.py",NULL,"team page"
"86095",NULL,"49","9918","13911","864","rs","1775954667.339800000","1",NULL,NULL,"86095",NULL,NULL,"team page"
"86096",NULL,"49","9988","14094","868","py3","1775954669.370000000","1",NULL,NULL,"86096","shsidhomework.py",NULL,"team page"
"86097",NULL,"49","9848","13724","865","py3","1775954669.629300000","1",NULL,NULL,"86097","p5good.py",NULL,"team page"
"86098",NULL,"49","10020","14191","865","cpp","1775954670.570700000","1",NULL,NULL,"86098",NULL,NULL,"team page"
"86099",NULL,"49","9638","13095","880","cpp","1775954670.995600000","1",NULL,NULL,"86099",NULL,NULL,"team page"
"86100",NULL,"49","10008","14153","869","py3","1775954671.171300000","1",NULL,NULL,"86100","mycelium_template.py",NULL,"team page"
"86101",NULL,"49","9253","11941","877","cpp","1775954674.650300000","1",NULL,NULL,"86101",NULL,NULL,"team page"
"86102",NULL,"49","9296","12069","872","cpp","1775954679.930500000","1",NULL,NULL,"86102",NULL,NULL,"team page"
"86103",NULL,"49","9639","13099","870","cpp","1775954680.546300000","1",NULL,NULL,"86103",NULL,NULL,"team page"
"86104",NULL,"49","9744","13413","862","cpp","1775954681.129200000","1",NULL,NULL,"86104",NULL,NULL,"team page"
"86105",NULL,"49","9796","13567","880","py3","1775954682.064200000","1",NULL,NULL,"86105","main.py",NULL,"team page"
"86106",NULL,"49","9718","13336","860","py3","1775954684.648100000","1",NULL,NULL,"86106","3.py",NULL,"team page"
"86107",NULL,"49","10045","14254","865","py3","1775954686.643800000","1",NULL,NULL,"86107","main.py",NULL,"team page"
"86108",NULL,"49","9638","13095","881","cpp","1775954687.444200000","1",NULL,NULL,"86108",NULL,NULL,"team page"
"86109",NULL,"49","9896","13868","862","py3","1775954687.698200000","1",NULL,NULL,"86109","4.py",NULL,"team page"
"86110",NULL,"49","9554","12843","864","cpp","1775954688.462600000","1",NULL,NULL,"86110",NULL,NULL,"team page"
"86111",NULL,"49","9393","12360","864","pypy3","1775954690.454600000","1",NULL,NULL,"86111","p5.py",NULL,"team page"
"86112",NULL,"49","9676","13209","867","cpp","1775954692.561200000","1",NULL,NULL,"86112",NULL,NULL,"team page"
"86113",NULL,"49","9902","13885","872","py3","1775954695.058200000","1",NULL,NULL,"86113","9.py",NULL,"team page"
"86114",NULL,"49","9298","12075","865","cpp","1775954696.434100000","1",NULL,NULL,"86114",NULL,NULL,"team page"
"86115",NULL,"49","9389","12348","870","c","1775954696.514900000","1",NULL,NULL,"86115",NULL,NULL,"team page"
"86116",NULL,"49","9858","13755","872","py3","1775954697.882400000","1",NULL,NULL,"86116","splitter2.py",NULL,"team page"
"86117",NULL,"49","9526","12759","865","cpp","1775954699.030200000","1",NULL,NULL,"86117",NULL,NULL,"team page"
"86118",NULL,"49","9793","13558","869","cpp","1775954699.231600000","1",NULL,NULL,"86118",NULL,NULL,"team page"
"86119",NULL,"49","10006","14148","872","java","1775954699.907400000","1",NULL,NULL,"86119","UKCC.Main",NULL,"team page"
"86120",NULL,"49","9806","13597","877","cpp","1775954700.970700000","1",NULL,NULL,"86120",NULL,NULL,"team page"
"86121",NULL,"49","9996","14117","863","rs","1775954703.286100000","1",NULL,NULL,"86121",NULL,NULL,"team page"
"86122",NULL,"49","9407","12403","864","cpp","1775954706.375700000","1",NULL,NULL,"86122",NULL,NULL,"team page"
"86123",NULL,"49","9710","13311","872","cpp","1775954707.450100000","1",NULL,NULL,"86123",NULL,NULL,"team page"
"86124",NULL,"49","9465","12577","868","cpp","1775954707.850500000","1",NULL,NULL,"86124",NULL,NULL,"team page"
"86125",NULL,"49","9791","13553","859","py3","1775954708.225300000","1",NULL,NULL,"86125","problem1.py",NULL,"team page"
"86126",NULL,"49","9359","12258","861","pypy3","1775954709.121400000","1",NULL,NULL,"86126","prog.py",NULL,"team page"
"86127",NULL,"49","9639","13099","871","cpp","1775954709.800400000","1",NULL,NULL,"86127",NULL,NULL,"team page"
"86128",NULL,"49","9620","13042","867","cpp","1775954709.942400000","1",NULL,NULL,"86128",NULL,NULL,"team page"
"86129",NULL,"49","9486","12639","864","cpp","1775954712.100600000","1",NULL,NULL,"86129",NULL,NULL,"team page"
"86130",NULL,"49","9582","12928","863","py3","1775954713.823900000","1",NULL,NULL,"86130","laser_template.py",NULL,"team page"
"86131",NULL,"49","9699","13280","864","cpp","1775954714.217100000","1",NULL,NULL,"86131",NULL,NULL,"team page"
"86132",NULL,"49","9928","13941","873","cpp","1775954714.458500000","1",NULL,NULL,"86132",NULL,NULL,"team page"
"86133",NULL,"49","9746","13420","872","py3","1775954715.728300000","1",NULL,NULL,"86133","splitters.py",NULL,"team page"
"86134",NULL,"49","9635","13087","867","java","1775954716.748400000","1",NULL,NULL,"86134","crisscross",NULL,"team page"
"86135",NULL,"49","10057","14290","866","pypy3","1775954722.339000000","1",NULL,NULL,"86135","six.py",NULL,"team page"
"86136",NULL,"49","9407","12403","865","cpp","1775954723.174700000","1",NULL,NULL,"86136",NULL,NULL,"team page"
"86137",NULL,"49","9917","13908","877","cpp","1775954724.367200000","1",NULL,NULL,"86137",NULL,NULL,"team page"
"86138",NULL,"49","9368","12286","873","cpp","1775954726.904700000","1",NULL,NULL,"86138",NULL,NULL,"team page"
"86139",NULL,"49","9876","13807","868","py3","1775954727.060800000","1",NULL,NULL,"86139","grass.py",NULL,"team page"
"86140",NULL,"49","9408","12406","866","cpp","1775954731.198000000","1",NULL,NULL,"86140",NULL,NULL,"team page"
"86141",NULL,"49","9857","13750","873","py3","1775954733.942100000","1",NULL,NULL,"86141","10.py",NULL,"team page"
"86142",NULL,"49","9879","13816","866","cpp","1775954734.292100000","1",NULL,NULL,"86142",NULL,NULL,"team page"
"86144",NULL,"49","9256","11949","866","py3","1775954739.365100000","1",NULL,NULL,"86144","problem6.py",NULL,"team page"
"86145",NULL,"49","9937","13970","863","cpp","1775954740.941400000","1",NULL,NULL,"86145",NULL,NULL,"team page"
"86146",NULL,"49","9904","13893","865","cpp","1775954742.730500000","1",NULL,NULL,"86146",NULL,NULL,"team page"
"86147",NULL,"49","9641","13104","862","cpp","1775954742.899500000","1",NULL,NULL,"86147",NULL,NULL,"team page"
"86148",NULL,"49","9362","12267","865","cpp","1775954743.385600000","1",NULL,NULL,"86148",NULL,NULL,"team page"
"86149",NULL,"49","9600","12981","868","cpp","1775954744.012900000","1",NULL,NULL,"86149",NULL,NULL,"team page"
"86150",NULL,"49","9339","12198","864","py3","1775954744.649900000","1",NULL,NULL,"86150","prob5.py",NULL,"team page"
"86151",NULL,"49","9366","12281","867","pypy3","1775954746.858200000","1",NULL,NULL,"86151","7.py",NULL,"team page"
"86152",NULL,"49","10051","14273","879","py3","1775954752.232200000","1",NULL,NULL,"86152","bruh_geiniguiyige.py",NULL,"team page"
"86153",NULL,"49","9658","13157","879","cpp","1775954757.035800000","1",NULL,NULL,"86153",NULL,NULL,"team page"
"86154",NULL,"49","9886","13838","860","cpp","1775954757.696800000","1",NULL,NULL,"86154",NULL,NULL,"team page"
"86155",NULL,"49","9632","13078","862","cpp","1775954762.572900000","1",NULL,NULL,"86155",NULL,NULL,"team page"
"86156",NULL,"49","9679","13218","860","cpp","1775954762.851100000","1",NULL,NULL,"86156",NULL,NULL,"team page"
"86157",NULL,"49","9626","13061","863","py3","1775954763.677100000","1",NULL,NULL,"86157","laser_template.py",NULL,"team page"
"86158",NULL,"49","9720","13341","862","cpp","1775954773.549300000","1",NULL,NULL,"86158",NULL,NULL,"team page"
"86159",NULL,"49","9525","12756","859","py3","1775954776.727900000","1",NULL,NULL,"86159","1.py",NULL,"team page"
"86160",NULL,"49","10068","14323","873","py3","1775954777.089300000","1",NULL,NULL,"86160","splitters2.py",NULL,"team page"
"86161",NULL,"49","9355","12248","864","py3","1775954781.563900000","1",NULL,NULL,"86161","grid_template.py",NULL,"team page"
"86162",NULL,"49","9923","13928","866","py3","1775954783.143700000","1",NULL,NULL,"86162","p6.py",NULL,"team page"
"86163",NULL,"49","9782","13527","868","py3","1775954783.736900000","1",NULL,NULL,"86163","mycelium_main.py",NULL,"team page"
"86164",NULL,"49","9528","12765","859","java","1775954785.195500000","1",NULL,NULL,"86164","PiezoElectricSolution",NULL,"team page"
"86165",NULL,"49","9357","12254","864","py3","1775954785.544700000","1",NULL,NULL,"86165","problem5.py",NULL,"team page"
"86166",NULL,"49","9876","13807","869","py3","1775954789.532900000","1",NULL,NULL,"86166","grass.py",NULL,"team page"
"86167",NULL,"49","9329","12168","862","py3","1775954790.967200000","1",NULL,NULL,"86167","laser_template.py",NULL,"team page"
"86168",NULL,"49","9892","13857","865","py3","1775954791.293200000","1",NULL,NULL,"86168","grid_template.py",NULL,"team page"
"86169",NULL,"49","9777","13512","867","cpp","1775954792.620400000","1",NULL,NULL,"86169",NULL,NULL,"team page"
"86170",NULL,"49","9600","12981","868","cpp","1775954796.751900000","1",NULL,NULL,"86170",NULL,NULL,"team page"
"86171",NULL,"49","9919","13914","872","cpp","1775954807.253400000","1",NULL,NULL,"86171",NULL,NULL,"team page"
"86172",NULL,"49","9735","13387","872","cpp","1775954808.192700000","1",NULL,NULL,"86172",NULL,NULL,"team page"
"86173",NULL,"49","9726","13360","863","py3","1775954810.247500000","1",NULL,NULL,"86173","laserbonus.py",NULL,"team page"
"86174",NULL,"49","9670","13193","865","java","1775954810.661800000","1",NULL,NULL,"86174","MyProgram",NULL,"team page"
"86175",NULL,"49","9336","12189","867","cpp","1775954811.789500000","1",NULL,NULL,"86175",NULL,NULL,"team page"
"86176",NULL,"49","9607","13003","862","java","1775954814.228100000","1",NULL,NULL,"86176","Solution",NULL,"team page"
"86177",NULL,"49","10029","14206","867","py3","1775954818.692000000","1",NULL,NULL,"86177","crosssol2.py",NULL,"team page"
"86178",NULL,"49","9892","13857","864","pypy3","1775954819.111900000","1",NULL,NULL,"86178","grid_template.py",NULL,"team page"
"86179",NULL,"49","9999","14126","866","cpp","1775954821.048800000","1",NULL,NULL,"86179",NULL,NULL,"team page"
"86180",NULL,"49","9603","12990","862","py3","1775954825.003500000","1",NULL,NULL,"86180","4main.py",NULL,"team page"
"86181",NULL,"49","9975","14054","868","java","1775954826.059200000","1",NULL,NULL,"86181","Main",NULL,"team page"
"86182",NULL,"49","9720","13341","863","cpp","1775954826.335300000","1",NULL,NULL,"86182",NULL,NULL,"team page"
"86183",NULL,"49","10090","14372","863","cpp","1775954829.296500000","1",NULL,NULL,"86183",NULL,NULL,"team page"
"86184",NULL,"49","9442","12507","862","cpp","1775954830.480800000","1",NULL,NULL,"86184",NULL,NULL,"team page"
"86185",NULL,"49","9718","13337","864","py3","1775954837.318800000","1",NULL,NULL,"86185","problem5.py",NULL,"team page"
"86186",NULL,"49","9257","11953","859","py3","1775954837.478200000","1",NULL,NULL,"86186","piezoelectric_template.py",NULL,"team page"
"86187",NULL,"49","9600","12981","862","cpp","1775954838.796800000","1",NULL,NULL,"86187",NULL,NULL,"team page"
"86188",NULL,"49","10057","14290","866","pypy3","1775954842.618400000","1",NULL,NULL,"86188","six.py",NULL,"team page"
"86189",NULL,"49","9795","13565","872","cpp","1775954842.919200000","1",NULL,NULL,"86189",NULL,NULL,"team page"
"86190",NULL,"49","9258","11955","863","cpp","1775954846.674800000","1",NULL,NULL,"86190",NULL,NULL,"team page"
"86191",NULL,"49","9624","13053","877","pypy3","1775954846.798900000","1",NULL,NULL,"86191","task3.py",NULL,"team page"
"86192",NULL,"49","9632","13078","862","cpp","1775954849.657900000","1",NULL,NULL,"86192",NULL,NULL,"team page"
"86193",NULL,"49","10054","14281","861","py3","1775954851.509200000","1",NULL,NULL,"86193","p3_.py",NULL,"team page"
"86194",NULL,"49","9385","12338","864","py3","1775954851.614900000","1",NULL,NULL,"86194","grid_template.py",NULL,"team page"
"86195",NULL,"49","9658","13157","860","cpp","1775954854.842900000","1",NULL,NULL,"86195",NULL,NULL,"team page"
"86196",NULL,"49","9526","12759","865","cpp","1775954854.985700000","1",NULL,NULL,"86196",NULL,NULL,"team page"
"86197",NULL,"49","9718","13337","865","py3","1775954857.203600000","1",NULL,NULL,"86197","problem5.py",NULL,"team page"
"86198",NULL,"49","9587","12943","877","cpp","1775954858.444600000","1",NULL,NULL,"86198",NULL,NULL,"team page"
"86199",NULL,"49","9301","12084","872","cpp","1775954859.922400000","1",NULL,NULL,"86199",NULL,NULL,"team page"
"86200",NULL,"49","9442","12507","862","cpp","1775954860.369100000","1",NULL,NULL,"86200",NULL,NULL,"team page"
"86201",NULL,"49","9616","13029","860","cpp","1775954864.467400000","1",NULL,NULL,"86201",NULL,NULL,"team page"
"86202",NULL,"49","9676","13209","867","cpp","1775954865.003400000","1",NULL,NULL,"86202",NULL,NULL,"team page"
"86203",NULL,"49","9840","13700","872","cpp","1775954866.388700000","1",NULL,NULL,"86203",NULL,NULL,"team page"
"86204",NULL,"49","9627","13064","866","cpp","1775954872.810900000","1",NULL,NULL,"86204",NULL,NULL,"team page"
"86205",NULL,"49","9632","13077","865","cpp","1775954873.754300000","1",NULL,NULL,"86205",NULL,NULL,"team page"
"86206",NULL,"49","9791","13553","859","py3","1775954875.119000000","1",NULL,NULL,"86206","problem1.py",NULL,"team page"
"86207",NULL,"49","9582","12928","862","py3","1775954875.156900000","1",NULL,NULL,"86207","laser_template.py",NULL,"team page"
"86208",NULL,"49","9975","14055","879","py3","1775954875.318900000","1",NULL,NULL,"86208","multi.py",NULL,"team page"
"86209",NULL,"49","9476","12609","862","py3","1775954876.768400000","1",NULL,NULL,"86209","laser_template.py",NULL,"team page"
"86210",NULL,"49","9718","13336","860","pypy3","1775954876.993400000","1",NULL,NULL,"86210","3.py",NULL,"team page"
"86211",NULL,"49","9956","14027","860","pypy3","1775954877.329500000","1",NULL,NULL,"86211","problem2.py",NULL,"team page"
"86212",NULL,"49","9537","12792","868","cpp","1775954880.162600000","1",NULL,NULL,"86212",NULL,NULL,"team page"
"86213",NULL,"49","9770","13491","859","pypy3","1775954880.454500000","1",NULL,NULL,"86213","output.py",NULL,"team page"
"86214",NULL,"49","10004","14141","872","pypy3","1775954880.858700000","1",NULL,NULL,"86214","t4129.py",NULL,"team page"
"86215",NULL,"49","9777","13512","867","cpp","1775954882.193800000","1",NULL,NULL,"86215",NULL,NULL,"team page"
"86216",NULL,"49","9359","12258","861","py3","1775954883.076500000","1",NULL,NULL,"86216","prog.py",NULL,"team page"
"86217",NULL,"49","9892","13857","864","py3","1775954884.539200000","1",NULL,NULL,"86217","grid_template.py",NULL,"team page"
"86218",NULL,"49","9917","13910","863","py3","1775954885.277100000","1",NULL,NULL,"86218","main.py",NULL,"team page"
"86219",NULL,"49","9612","13017","867","py3","1775954885.714400000","1",NULL,NULL,"86219","cross_template.py",NULL,"team page"
"86220",NULL,"49","9840","13700","873","cpp","1775954892.717600000","1",NULL,NULL,"86220",NULL,NULL,"team page"
"86221",NULL,"49","9637","13093","862","java","1775954896.131500000","1",NULL,NULL,"86221","Laser",NULL,"team page"
"86222",NULL,"49","9516","12731","872","cpp","1775954896.546400000","1",NULL,NULL,"86222",NULL,NULL,"team page"
"86223",NULL,"49","10034","14221","861","py3","1775954896.696700000","1",NULL,NULL,"86223","files.py",NULL,"team page"
"86224",NULL,"49","9368","12285","872","cpp","1775954897.727900000","1",NULL,NULL,"86224",NULL,NULL,"team page"
"86225",NULL,"49","9918","13912","868","cpp","1775954899.303700000","1",NULL,NULL,"86225",NULL,NULL,"team page"
"86226",NULL,"49","9893","13860","862","py3","1775954903.865600000","1",NULL,NULL,"86226","laser_template.py",NULL,"team page"
"86227",NULL,"49","9835","13686","860","cpp","1775954903.968300000","1",NULL,NULL,"86227",NULL,NULL,"team page"
"86228",NULL,"49","10015","14174","873","py3","1775954905.188000000","1",NULL,NULL,"86228","main2.py",NULL,"team page"
"86229",NULL,"49","9671","13195","866","pypy3","1775954905.382000000","1",NULL,NULL,"86229","shadows_template.py",NULL,"team page"
"86230",NULL,"49","9894","13862","861","cpp","1775954905.411600000","1",NULL,NULL,"86230",NULL,NULL,"team page"
"86231",NULL,"49","9777","13514","862","cpp","1775954907.443700000","1",NULL,NULL,"86231",NULL,NULL,"team page"
"86232",NULL,"49","9897","13871","862","py3","1775954907.807300000","1",NULL,NULL,"86232","laser.py",NULL,"team page"
"86233",NULL,"49","9592","12957","873","cpp","1775954909.699600000","1",NULL,NULL,"86233",NULL,NULL,"team page"
"86234",NULL,"49","9600","12981","861","cpp","1775954913.793300000","1",NULL,NULL,"86234",NULL,NULL,"team page"
"86235",NULL,"49","9532","12777","863","py3","1775954914.124200000","1",NULL,NULL,"86235","splitters_template.py",NULL,"team page"
"86236",NULL,"49","9933","13957","864","cpp","1775954914.134100000","1",NULL,NULL,"86236",NULL,NULL,"team page"
"86237",NULL,"49","9835","13684","861","cpp","1775954915.174200000","1",NULL,NULL,"86237",NULL,NULL,"team page"
"86238",NULL,"49","10014","14171","867","py3","1775954916.605200000","1",NULL,NULL,"86238","env.py",NULL,"team page"
"86239",NULL,"49","9562","12867","868","cpp","1775954916.810200000","1",NULL,NULL,"86239",NULL,NULL,"team page"
"86240",NULL,"49","9401","12384","861","py3","1775954918.422500000","1",NULL,NULL,"86240","files.py",NULL,"team page"
"86241",NULL,"49","9746","13419","873","cpp","1775954920.914300000","1",NULL,NULL,"86241",NULL,NULL,"team page"
"86242",NULL,"49","9464","12573","862","cpp","1775954922.796600000","1",NULL,NULL,"86242",NULL,NULL,"team page"
"86243",NULL,"49","9679","13218","860","cpp","1775954924.364400000","1",NULL,NULL,"86243",NULL,NULL,"team page"
"86244",NULL,"49","9691","13254","865","cpp","1775954925.181900000","1",NULL,NULL,"86244",NULL,NULL,"team page"
"86245",NULL,"49","9997","14120","861","py3","1775954926.213100000","1",NULL,NULL,"86245","prob3.py",NULL,"team page"
"86246",NULL,"49","9836","13687","867","py3","1775954926.887000000","1",NULL,NULL,"86246","cross_template.py",NULL,"team page"
"86247",NULL,"49","9937","13969","872","cpp","1775954928.085100000","1",NULL,NULL,"86247",NULL,NULL,"team page"
"86248",NULL,"49","10047","14260","859","py3","1775954929.346700000","1",NULL,NULL,"86248","prob-piezoelectric_main.py",NULL,"team page"
"86249",NULL,"49","9857","13750","862","py3","1775954929.407200000","1",NULL,NULL,"86249","4.py",NULL,"team page"
"86250",NULL,"49","9975","14055","863","py3","1775954929.887400000","1",NULL,NULL,"86250","laser_template.py",NULL,"team page"
"86251",NULL,"49","9786","13539","878","py3","1775954933.645600000","1",NULL,NULL,"86251","auratime.py",NULL,"team page"
"86252",NULL,"49","9217","11832","864","cpp","1775954935.924500000","1",NULL,NULL,"86252",NULL,NULL,"team page"
"86253",NULL,"49","9770","13491","873","py3","1775954936.037700000","1",NULL,NULL,"86253","output.py",NULL,"team page"
"86254",NULL,"49","9682","13227","866","cpp","1775954936.631900000","1",NULL,NULL,"86254",NULL,NULL,"team page"
"86255",NULL,"49","9791","13553","861","py3","1775954936.870300000","1",NULL,NULL,"86255","problem3.py",NULL,"team page"
"86256",NULL,"49","9716","13329","864","py3","1775954938.388800000","1",NULL,NULL,"86256","grid_template.py",NULL,"team page"
"86257",NULL,"49","9357","12254","864","py3","1775954941.085100000","1",NULL,NULL,"86257","problem5.py",NULL,"team page"
"86258",NULL,"49","9240","11902","865","cpp","1775954942.939600000","1",NULL,NULL,"86258",NULL,NULL,"team page"
"86259",NULL,"49","9892","13857","864","py3","1775954943.074300000","1",NULL,NULL,"86259","grid_template.py",NULL,"team page"
"86260",NULL,"49","10095","14388","860","py3","1775954944.115600000","1",NULL,NULL,"86260","nah_template.py",NULL,"team page"
"86261",NULL,"49","10061","14302","859","py3","1775954945.569100000","1",NULL,NULL,"86261","piezoelectric_template.py",NULL,"team page"
"86262",NULL,"49","9296","12070","877","cpp","1775954945.812600000","1",NULL,NULL,"86262",NULL,NULL,"team page"
"86263",NULL,"49","9263","11971","864","cpp","1775954947.216500000","1",NULL,NULL,"86263",NULL,NULL,"team page"
"86264",NULL,"49","9668","13185","869","cpp","1775954948.882200000","1",NULL,NULL,"86264",NULL,NULL,"team page"
"86265",NULL,"49","9333","12182","864","py3","1775954949.543800000","1",NULL,NULL,"86265","5.py",NULL,"team page"
"86266",NULL,"49","9749","13428","859","cpp","1775954949.671900000","1",NULL,NULL,"86266",NULL,NULL,"team page"
"86267",NULL,"49","9699","13278","872","cpp","1775954952.671400000","1",NULL,NULL,"86267",NULL,NULL,"team page"
"86268",NULL,"49","9899","13878","868","java","1775954953.564500000","1",NULL,NULL,"86268","JoshContext041205",NULL,"team page"
"86269",NULL,"49","10095","14387","861","py3","1775954954.640800000","1",NULL,NULL,"86269","files_template.py",NULL,"team page"
"86270",NULL,"49","10097","14392","868","cpp","1775954958.271600000","1",NULL,NULL,"86270",NULL,NULL,"team page"
"86271",NULL,"49","9902","13885","866","py3","1775954960.819000000","1",NULL,NULL,"86271","6.py",NULL,"team page"
"86272",NULL,"49","9263","11971","865","cpp","1775954961.956600000","1",NULL,NULL,"86272",NULL,NULL,"team page"
"86273",NULL,"49","9988","14094","868","py3","1775954962.053700000","1",NULL,NULL,"86273","shsidhomework.py",NULL,"team page"
"86274",NULL,"49","9889","13848","867","cpp","1775954962.329900000","1",NULL,NULL,"86274",NULL,NULL,"team page"
"86275",NULL,"49","9892","13857","865","pypy3","1775954962.696700000","1",NULL,NULL,"86275","grid_template.py",NULL,"team page"
"86276",NULL,"49","9692","13257","861","pypy3","1775954963.936200000","1",NULL,NULL,"86276","problem3.py",NULL,"team page"
"86277",NULL,"49","9753","13440","865","cpp","1775954964.851500000","1",NULL,NULL,"86277",NULL,NULL,"team page"
"86278",NULL,"49","10058","14293","862","py3","1775954964.998000000","1",NULL,NULL,"86278","laser.py",NULL,"team page"
"86279",NULL,"49","10015","14174","873","py3","1775954965.064100000","1",NULL,NULL,"86279","main2.py",NULL,"team page"
"86280",NULL,"49","9890","13849","862","java","1775954968.724900000","1",NULL,NULL,"86280","Problem4",NULL,"team page"
"86281",NULL,"49","9322","12147","868","cpp","1775954968.804600000","1",NULL,NULL,"86281",NULL,NULL,"team page"
"86282",NULL,"49","10017","14182","861","cpp","1775954970.591300000","1",NULL,NULL,"86282",NULL,NULL,"team page"
"86283",NULL,"49","9658","13157","873","cpp","1775954971.180400000","1",NULL,NULL,"86283",NULL,NULL,"team page"
"86284",NULL,"49","9710","13313","868","cpp","1775954971.566900000","1",NULL,NULL,"86284",NULL,NULL,"team page"
"86285",NULL,"49","9533","12782","872","java","1775954971.964000000","1",NULL,NULL,"86285","Factory",NULL,"team page"
"86286",NULL,"49","9994","14113","867","java","1775954974.100400000","1",NULL,NULL,"86286","Main",NULL,"team page"
"86288",NULL,"49","10050","14269","861","pypy3","1775954976.359900000","1",NULL,NULL,"86288","files_main.py",NULL,"team page"
"86289",NULL,"49","9242","11908","861","py3","1775954976.502000000","1",NULL,NULL,"86289","p3.py",NULL,"team page"
"86290",NULL,"49","10007","14151","864","py3","1775954978.186300000","1",NULL,NULL,"86290","q6.py",NULL,"team page"
"86291",NULL,"49","9600","12981","863","cpp","1775954979.612400000","1",NULL,NULL,"86291",NULL,NULL,"team page"
"86292",NULL,"49","10008","14153","869","py3","1775954981.946600000","1",NULL,NULL,"86292","mycelium_template.py",NULL,"team page"
"86293",NULL,"49","9322","12147","869","cpp","1775954983.843900000","1",NULL,NULL,"86293",NULL,NULL,"team page"
"86294",NULL,"49","9937","13969","872","cpp","1775954983.963400000","1",NULL,NULL,"86294",NULL,NULL,"team page"
"86295",NULL,"49","9321","12144","864","java","1775954984.503700000","1",NULL,NULL,"86295","Solution",NULL,"team page"
"86296",NULL,"49","9837","13691","859","py3","1775954986.479700000","1",NULL,NULL,"86296","piezoelectric_template.py",NULL,"team page"
"86297",NULL,"49","9973","14048","864","cpp","1775954988.208000000","1",NULL,NULL,"86297",NULL,NULL,"team page"
"86298",NULL,"49","9615","13026","859","py3","1775954991.508400000","1",NULL,NULL,"86298","q1.py",NULL,"team page"
"86299",NULL,"49","9328","12166","868","cpp","1775954991.582200000","1",NULL,NULL,"86299",NULL,NULL,"team page"
"86300",NULL,"49","9770","13491","877","pypy3","1775954995.037500000","1",NULL,NULL,"86300","output.py",NULL,"team page"
"86301",NULL,"49","10057","14290","866","pypy3","1775954996.072900000","1",NULL,NULL,"86301","six.py",NULL,"team page"
"86302",NULL,"49","9643","13110","873","cpp","1775954997.012500000","1",NULL,NULL,"86302",NULL,NULL,"team page"
"86303",NULL,"49","9329","12168","862","py3","1775954997.858600000","1",NULL,NULL,"86303","laser_template.py",NULL,"team page"
"86304",NULL,"49","9873","13800","862","py3","1775954998.097800000","1",NULL,NULL,"86304","laser_template.py",NULL,"team page"
"86305",NULL,"49","10005","14144","862","cpp","1775955000.656500000","1",NULL,NULL,"86305",NULL,NULL,"team page"
"86306",NULL,"49","9322","12147","870","cpp","1775955001.106100000","1",NULL,NULL,"86306",NULL,NULL,"team page"
"86307",NULL,"49","9886","13838","860","cpp","1775955001.430700000","1",NULL,NULL,"86307",NULL,NULL,"team page"
"86308",NULL,"49","9532","12777","863","py3","1775955001.967500000","1",NULL,NULL,"86308","splitters_template.py",NULL,"team page"
"86309",NULL,"49","9803","13590","862","pypy3","1775955002.019400000","1",NULL,NULL,"86309","problem4.py",NULL,"team page"
"86310",NULL,"49","9219","11838","873","pypy3","1775955002.219800000","1",NULL,NULL,"86310","comp.py",NULL,"team page"
"86311",NULL,"49","9688","13246","862","py3","1775955002.592300000","1",NULL,NULL,"86311","4.py",NULL,"team page"
"86312",NULL,"49","9998","14123","862","py3","1775955003.051900000","1",NULL,NULL,"86312","exam4.2.py",NULL,"team page"
"86313",NULL,"49","9261","11966","860","py3","1775955004.815100000","1",NULL,NULL,"86313","nah.py",NULL,"team page"
"86314",NULL,"49","9548","12825","862","cpp","1775955007.566700000","1",NULL,NULL,"86314",NULL,NULL,"team page"
"86315",NULL,"49","9654","13144","868","cpp","1775955007.818900000","1",NULL,NULL,"86315",NULL,NULL,"team page"
"86316",NULL,"49","10039","14236","866","py3","1775955008.569800000","1",NULL,NULL,"86316","06.py",NULL,"team page"
"86317",NULL,"49","9599","12978","862","cpp","1775955008.888700000","1",NULL,NULL,"86317",NULL,NULL,"team page"
"86318",NULL,"49","10083","14351","861","py3","1775955009.396200000","1",NULL,NULL,"86318","files_template.py",NULL,"team page"
"86319",NULL,"49","10014","14171","867","py3","1775955009.689400000","1",NULL,NULL,"86319","env.py",NULL,"team page"
"86320",NULL,"49","9816","13627","864","py3","1775955009.983400000","1",NULL,NULL,"86320","prob3.py",NULL,"team page"
"86321",NULL,"49","9673","13202","864","java","1775955010.970200000","1",NULL,NULL,"86321","Solution",NULL,"team page"
"86322",NULL,"49","10015","14175","872","py3","1775955011.780000000","1",NULL,NULL,"86322","Calico_9.py",NULL,"team page"
"86323",NULL,"49","9430","12472","862","cpp","1775955011.837500000","1",NULL,NULL,"86323",NULL,NULL,"team page"
"86324",NULL,"49","10055","14285","879","cpp","1775955013.280500000","1",NULL,NULL,"86324",NULL,NULL,"team page"
"86325",NULL,"49","9592","12957","872","cpp","1775955015.090600000","1",NULL,NULL,"86325",NULL,NULL,"team page"
"86326",NULL,"49","9210","11811","879","pypy3","1775955016.527500000","1",NULL,NULL,"86326","multiplication_easy_template.py",NULL,"team page"
"86327",NULL,"49","9777","13514","863","cpp","1775955019.184100000","1",NULL,NULL,"86327",NULL,NULL,"team page"
"86328",NULL,"49","10008","14153","870","py3","1775955019.216000000","1",NULL,NULL,"86328","mycelium_template.py",NULL,"team page"
"86329",NULL,"49","9357","12254","864","py3","1775955019.392800000","1",NULL,NULL,"86329","problem5.py",NULL,"team page"
"86330",NULL,"49","9542","12807","861","py3","1775955020.634500000","1",NULL,NULL,"86330","thebigbenfiles.py",NULL,"team page"
"86331",NULL,"49","9877","13812","866","cpp","1775955028.107400000","1",NULL,NULL,"86331",NULL,NULL,"team page"
"86332",NULL,"49","9548","12825","862","cpp","1775955028.291200000","1",NULL,NULL,"86332",NULL,NULL,"team page"
"86333",NULL,"49","10008","14153","869","py3","1775955033.736600000","1",NULL,NULL,"86333","mycelium_template.py",NULL,"team page"
"86334",NULL,"49","9694","13263","866","cpp","1775955036.100400000","1",NULL,NULL,"86334",NULL,NULL,"team page"
"86335",NULL,"49","9892","13857","865","pypy3","1775955036.821900000","1",NULL,NULL,"86335","grid_template.py",NULL,"team page"
"86336",NULL,"49","9476","12609","862","py3","1775955039.807200000","1",NULL,NULL,"86336","laser_template.py",NULL,"team page"
"86337",NULL,"49","10085","14356","862","cpp","1775955041.209600000","1",NULL,NULL,"86337",NULL,NULL,"team page"
"86338",NULL,"49","9355","12247","867","py3","1775955043.418400000","1",NULL,NULL,"86338","cross_main.py",NULL,"team page"
"86339",NULL,"49","9710","13313","869","cpp","1775955043.632600000","1",NULL,NULL,"86339",NULL,NULL,"team page"
"86340",NULL,"49","9770","13491","880","py3","1775955044.124500000","1",NULL,NULL,"86340","output.py",NULL,"team page"
"86341",NULL,"49","9296","12070","877","cpp","1775955047.149200000","1",NULL,NULL,"86341",NULL,NULL,"team page"
"86342",NULL,"49","9219","11838","873","py3","1775955047.240800000","1",NULL,NULL,"86342","comp.py",NULL,"team page"
"86343",NULL,"49","9886","13837","862","java","1775955048.350900000","1",NULL,NULL,"86343","problem4",NULL,"team page"
"86344",NULL,"49","9886","13837","862","java","1775955049.641100000","1",NULL,NULL,"86344","problem4",NULL,"team page"
"86345",NULL,"49","10015","14174","873","py3","1775955049.854200000","1",NULL,NULL,"86345","main2.py",NULL,"team page"
"86346",NULL,"49","9886","13837","862","java","1775955050.523600000","1",NULL,NULL,"86346","problem4",NULL,"team page"
"86347",NULL,"49","9886","13837","862","java","1775955051.059500000","1",NULL,NULL,"86347","problem4",NULL,"team page"
"86348",NULL,"49","9886","13837","862","java","1775955051.650300000","1",NULL,NULL,"86348","problem4",NULL,"team page"
"86349",NULL,"49","9206","11799","869","cpp","1775955052.441900000","1",NULL,NULL,"86349",NULL,NULL,"team page"
"86350",NULL,"49","9668","13187","869","cpp","1775955056.434900000","1",NULL,NULL,"86350",NULL,NULL,"team page"
"86351",NULL,"49","9611","13014","862","py3","1775955057.525200000","1",NULL,NULL,"86351","laser_template.py",NULL,"team page"
"86352",NULL,"49","9697","13272","859","pypy3","1775955058.812400000","1",NULL,NULL,"86352","problem1.py",NULL,"team page"
"86353",NULL,"49","10007","14151","865","py3","1775955059.565600000","1",NULL,NULL,"86353","q6.py",NULL,"team page"
"86354",NULL,"49","9554","12845","867","py3","1775955060.701000000","1",NULL,NULL,"86354","Quilt.py",NULL,"team page"
"86355",NULL,"49","9616","13029","860","cpp","1775955064.382000000","1",NULL,NULL,"86355",NULL,NULL,"team page"
"86356",NULL,"49","9761","13464","865","cpp","1775955067.492200000","1",NULL,NULL,"86356",NULL,NULL,"team page"
"86357",NULL,"49","9902","13885","866","py3","1775955067.959900000","1",NULL,NULL,"86357","6.py",NULL,"team page"
"86358",NULL,"49","9631","13074","859","cpp","1775955068.922700000","1",NULL,NULL,"86358",NULL,NULL,"team page"
"86359",NULL,"49","9523","12752","859","cpp","1775955069.226600000","1",NULL,NULL,"86359",NULL,NULL,"team page"
"86360",NULL,"49","9403","12391","864","py3","1775955069.443300000","1",NULL,NULL,"86360","prob_5.py",NULL,"team page"
"86361",NULL,"49","9726","13360","864","py3","1775955071.056300000","1",NULL,NULL,"86361","grid.py",NULL,"team page"
"86362",NULL,"49","9885","13835","867","cpp","1775955076.493600000","1",NULL,NULL,"86362",NULL,NULL,"team page"
"86363",NULL,"49","9403","12392","860","py3","1775955076.993900000","1",NULL,NULL,"86363","q2.py",NULL,"team page"
"86364",NULL,"49","9389","12348","870","py3","1775955077.112100000","1",NULL,NULL,"86364","mycelium.py",NULL,"team page"
"86365",NULL,"49","9603","12992","865","java","1775955077.416700000","1",NULL,NULL,"86365","Solution",NULL,"team page"
"86366",NULL,"49","9600","12981","864","cpp","1775955079.188300000","1",NULL,NULL,"86366",NULL,NULL,"team page"
"86367",NULL,"49","9564","12874","873","pypy3","1775955079.713100000","1",NULL,NULL,"86367","759.py",NULL,"team page"
"86368",NULL,"49","9846","13717","864","py3","1775955081.911700000","1",NULL,NULL,"86368","grid.py",NULL,"team page"
"86369",NULL,"49","9840","13700","863","cpp","1775955082.036400000","1",NULL,NULL,"86369",NULL,NULL,"team page"
"86370",NULL,"49","9486","12639","867","cpp","1775955085.448900000","1",NULL,NULL,"86370",NULL,NULL,"team page"
"86371",NULL,"49","9355","12246","861","py3","1775955087.362500000","1",NULL,NULL,"86371","files.py",NULL,"team page"
"86372",NULL,"49","9250","11933","872","py3","1775955090.013100000","1",NULL,NULL,"86372","main.py",NULL,"team page"
"86373",NULL,"49","9508","12705","868","cpp","1775955093.576300000","1",NULL,NULL,"86373",NULL,NULL,"team page"
"86374",NULL,"49","10004","14141","863","pypy3","1775955097.544900000","1",NULL,NULL,"86374","t412d.py",NULL,"team page"
"86375",NULL,"49","9533","12782","872","java","1775955100.716300000","1",NULL,NULL,"86375","Factory",NULL,"team page"
"86376",NULL,"49","9753","13440","865","cpp","1775955102.410700000","1",NULL,NULL,"86376",NULL,NULL,"team page"
"86377",NULL,"49","9717","13334","869","cpp","1775955102.943400000","1",NULL,NULL,"86377",NULL,NULL,"team page"
"86378",NULL,"49","9728","13365","861","py3","1775955105.323700000","1",NULL,NULL,"86378","main3.py",NULL,"team page"
"86379",NULL,"49","9431","12475","866","pypy3","1775955106.347300000","1",NULL,NULL,"86379","shadow.py",NULL,"team page"
"86380",NULL,"49","9643","13110","873","cpp","1775955106.977500000","1",NULL,NULL,"86380",NULL,NULL,"team page"
"86382",NULL,"49","9737","13394","862","pypy3","1775955108.514600000","1",NULL,NULL,"86382","laser_main.py",NULL,"team page"
"86383",NULL,"49","9848","13723","867","py3","1775955110.611000000","1",NULL,NULL,"86383","problem7.py",NULL,"team page"
"86384",NULL,"49","10095","14387","862","py3","1775955113.057200000","1",NULL,NULL,"86384","laser_template.py",NULL,"team page"
"86385",NULL,"49","9357","12254","865","py3","1775955113.072400000","1",NULL,NULL,"86385","problem5.py",NULL,"team page"
"86386",NULL,"49","9761","13465","868","cpp","1775955118.578300000","1",NULL,NULL,"86386",NULL,NULL,"team page"
"86387",NULL,"49","9250","11933","872","py3","1775955120.267300000","1",NULL,NULL,"86387","main.py",NULL,"team page"
"86388",NULL,"49","9777","13514","859","cpp","1775955120.514000000","1",NULL,NULL,"86388",NULL,NULL,"team page"
"86389",NULL,"49","9654","13144","865","cpp","1775955122.331100000","1",NULL,NULL,"86389",NULL,NULL,"team page"
"86390",NULL,"49","9768","13485","872","cpp","1775955123.640700000","1",NULL,NULL,"86390",NULL,NULL,"team page"
"86391",NULL,"49","10090","14372","863","cpp","1775955123.756200000","1",NULL,NULL,"86391",NULL,NULL,"team page"
"86392",NULL,"49","10015","14174","873","py3","1775955125.556700000","1",NULL,NULL,"86392","main2.py",NULL,"team page"
"86393",NULL,"49","9670","13192","862","cpp","1775955126.164300000","1",NULL,NULL,"86393",NULL,NULL,"team page"
"86394",NULL,"49","10000","14129","865","cpp","1775955126.521800000","1",NULL,NULL,"86394",NULL,NULL,"team page"
"86395",NULL,"49","10000","14129","865","cpp","1775955127.621400000","1",NULL,NULL,"86395",NULL,NULL,"team page"
"86396",NULL,"49","9699","13278","872","cpp","1775955127.946000000","1",NULL,NULL,"86396",NULL,NULL,"team page"
"86397",NULL,"49","9615","13026","859","py3","1775955128.421800000","1",NULL,NULL,"86397","q1.py",NULL,"team page"
"86398",NULL,"49","9948","14001","863","cpp","1775955130.436100000","1",NULL,NULL,"86398",NULL,NULL,"team page"
"86399",NULL,"49","9567","12882","873","cpp","1775955132.813900000","1",NULL,NULL,"86399",NULL,NULL,"team page"
"86400",NULL,"49","9548","12825","862","cpp","1775955137.379000000","1",NULL,NULL,"86400",NULL,NULL,"team page"
"86401",NULL,"49","9393","12361","862","py3","1775955138.638400000","1",NULL,NULL,"86401","laser_template.py",NULL,"team page"
"86402",NULL,"49","9728","13365","861","py3","1775955138.879700000","1",NULL,NULL,"86402","main3.py",NULL,"team page"
"86403",NULL,"49","9476","12609","863","py3","1775955140.000900000","1",NULL,NULL,"86403","laser_template.py",NULL,"team page"
"86404",NULL,"49","10082","14348","861","java","1775955140.236900000","1",NULL,NULL,"86404",NULL,NULL,"team page"
"86405",NULL,"49","9272","11997","860","py3","1775955142.117100000","1",NULL,NULL,"86405","nahsubmission.py",NULL,"team page"
"86406",NULL,"49","9245","11917","872","cpp","1775955143.552500000","1",NULL,NULL,"86406",NULL,NULL,"team page"
"86407",NULL,"49","10071","14333","862","cpp","1775955144.022000000","1",NULL,NULL,"86407",NULL,NULL,"team page"
"86408",NULL,"49","9564","12874","873","pypy3","1775955145.353900000","1",NULL,NULL,"86408","759.py",NULL,"team page"
"86409",NULL,"49","9219","11838","873","py3","1775955146.118900000","1",NULL,NULL,"86409","comp.py",NULL,"team page"
"86410",NULL,"49","9668","13186","873","cpp","1775955147.797900000","1",NULL,NULL,"86410",NULL,NULL,"team page"
"86411",NULL,"49","9696","13269","864","cpp","1775955151.538000000","1",NULL,NULL,"86411",NULL,NULL,"team page"
"86412",NULL,"49","10071","14332","862","cpp","1775955152.909100000","1",NULL,NULL,"86412",NULL,NULL,"team page"
"86413",NULL,"49","9736","13390","861","py3","1775955155.569300000","1",NULL,NULL,"86413","files_template.py",NULL,"team page"
"86414",NULL,"49","9658","13157","873","cpp","1775955157.665300000","1",NULL,NULL,"86414",NULL,NULL,"team page"
"86415",NULL,"49","10042","14245","868","cpp","1775955161.872000000","1",NULL,NULL,"86415",NULL,NULL,"team page"
"86416",NULL,"49","9816","13628","867","pypy3","1775955162.209300000","1",NULL,NULL,"86416","cross_template.py",NULL,"team page"
"86417",NULL,"49","9245","11918","865","cpp","1775955162.945300000","1",NULL,NULL,"86417",NULL,NULL,"team page"
"86418",NULL,"49","10014","14171","867","py3","1775955165.261500000","1",NULL,NULL,"86418","env.py",NULL,"team page"
"86419",NULL,"49","9716","13329","864","py3","1775955165.621200000","1",NULL,NULL,"86419","grid_template.py",NULL,"team page"
"86420",NULL,"49","9357","12254","865","py3","1775955165.873500000","1",NULL,NULL,"86420","problem5.py",NULL,"team page"
"86421",NULL,"49","9770","13491","868","py3","1775955167.728700000","1",NULL,NULL,"86421","output.py",NULL,"team page"
"86422",NULL,"49","9566","12881","864","cpp","1775955173.378300000","1",NULL,NULL,"86422",NULL,NULL,"team page"
"86423",NULL,"49","9502","12688","877","java","1775955173.441300000","1",NULL,NULL,"86423","AverageClass",NULL,"team page"
"86424",NULL,"49","9417","12433","866","py3","1775955174.326700000","1",NULL,NULL,"86424","script3.py",NULL,"team page"
"86425",NULL,"49","9298","12076","867","cpp","1775955175.112700000","1",NULL,NULL,"86425",NULL,NULL,"team page"
"86426",NULL,"49","9640","13102","865","cpp","1775955177.214000000","1",NULL,NULL,"86426",NULL,NULL,"team page"
"86427",NULL,"49","9351","12235","872","cpp","1775955181.831800000","1",NULL,NULL,"86427",NULL,NULL,"team page"
"86428",NULL,"49","9672","13197","872","py3","1775955183.589500000","1",NULL,NULL,"86428","tangtangtang.py",NULL,"team page"
"86429",NULL,"49","9574","12903","869","py3","1775955185.122400000","1",NULL,NULL,"86429","m1safe.py",NULL,"team page"
"86430",NULL,"49","9720","13341","863","cpp","1775955185.380700000","1",NULL,NULL,"86430",NULL,NULL,"team page"
"86431",NULL,"49","10051","14272","873","py3","1775955185.753700000","1",NULL,NULL,"86431","splitters2_template.py",NULL,"team page"
"86432",NULL,"49","9976","14057","867","cpp","1775955185.877000000","1",NULL,NULL,"86432",NULL,NULL,"team page"
"86433",NULL,"49","10042","14245","869","cpp","1775955186.704400000","1",NULL,NULL,"86433",NULL,NULL,"team page"
"86434",NULL,"49","9548","12825","863","cpp","1775955188.107400000","1",NULL,NULL,"86434",NULL,NULL,"team page"
"86435",NULL,"49","9649","13128","869","cpp","1775955188.287600000","1",NULL,NULL,"86435",NULL,NULL,"team page"
"86436",NULL,"49","9711","13314","864","java","1775955190.551900000","1",NULL,NULL,"86436","Main",NULL,"team page"
"86437",NULL,"49","9690","13252","877","cpp","1775955196.024900000","1",NULL,NULL,"86437",NULL,NULL,"team page"
"86438",NULL,"49","10084","14353","861","py3","1775955196.505100000","1",NULL,NULL,"86438","Program3.py",NULL,"team page"
"86439",NULL,"49","9537","12792","868","cpp","1775955196.595000000","1",NULL,NULL,"86439",NULL,NULL,"team page"
"86440",NULL,"49","9626","13060","864","cpp","1775955197.909200000","1",NULL,NULL,"86440",NULL,NULL,"team page"
"86441",NULL,"49","9315","12126","862","java","1775955198.065600000","1",NULL,NULL,"86441","D",NULL,"team page"
"86442",NULL,"49","9464","12575","864","cpp","1775955198.157900000","1",NULL,NULL,"86442",NULL,NULL,"team page"
"86443",NULL,"49","9887","13842","863","py3","1775955198.946700000","1",NULL,NULL,"86443","calico3.py",NULL,"team page"
"86444",NULL,"49","10071","14332","863","cpp","1775955199.018300000","1",NULL,NULL,"86444",NULL,NULL,"team page"
"86445",NULL,"49","9619","13038","868","cpp","1775955199.454300000","1",NULL,NULL,"86445",NULL,NULL,"team page"
"86446",NULL,"49","9649","13128","868","cpp","1775955203.811000000","1",NULL,NULL,"86446",NULL,NULL,"team page"
"86447",NULL,"49","9525","12756","860","py3","1775955206.884500000","1",NULL,NULL,"86447","2.py",NULL,"team page"
"86448",NULL,"49","9658","13157","868","cpp","1775955207.422000000","1",NULL,NULL,"86448",NULL,NULL,"team page"
"86449",NULL,"49","9476","12609","863","py3","1775955209.167100000","1",NULL,NULL,"86449","laser_template.py",NULL,"team page"
"86450",NULL,"49","9559","12859","861","py3","1775955210.514500000","1",NULL,NULL,"86450","P3.py",NULL,"team page"
"86451",NULL,"49","9711","13314","865","java","1775955211.286400000","1",NULL,NULL,"86451","Main",NULL,"team page"
"86452",NULL,"49","9574","12903","871","py3","1775955214.869700000","1",NULL,NULL,"86452","m1safe.py",NULL,"team page"
"86453",NULL,"49","9632","13078","862","cpp","1775955217.575900000","1",NULL,NULL,"86453",NULL,NULL,"team page"
"86454",NULL,"49","9417","12433","866","py3","1775955217.749400000","1",NULL,NULL,"86454","script1.py",NULL,"team page"
"86455",NULL,"49","10020","14191","865","cpp","1775955218.273600000","1",NULL,NULL,"86455",NULL,NULL,"team page"
"86456",NULL,"49","9312","12118","872","cpp","1775955218.752900000","1",NULL,NULL,"86456",NULL,NULL,"team page"
"86457",NULL,"49","9879","13816","862","cpp","1775955220.116300000","1",NULL,NULL,"86457",NULL,NULL,"team page"
"86458",NULL,"49","9949","14005","862","py3","1775955220.205400000","1",NULL,NULL,"86458","CalicoSetlaser.py",NULL,"team page"
"86459",NULL,"49","9554","12845","867","py3","1775955225.848800000","1",NULL,NULL,"86459","Quilt.py",NULL,"team page"
"86460",NULL,"49","10015","14174","873","py3","1775955226.200200000","1",NULL,NULL,"86460","main2.py",NULL,"team page"
"86461",NULL,"49","10068","14323","878","py3","1775955226.551500000","1",NULL,NULL,"86461","prob-lecture_bonus_main.py",NULL,"team page"
"86462",NULL,"49","9722","13348","862","py3","1775955227.544600000","1",NULL,NULL,"86462","clc4.py",NULL,"team page"
"86463",NULL,"49","9793","13560","865","cpp","1775955229.744800000","1",NULL,NULL,"86463",NULL,NULL,"team page"
"86464",NULL,"49","10004","14141","863","pypy3","1775955231.134000000","1",NULL,NULL,"86464","t412d.py",NULL,"team page"
"86465",NULL,"49","9474","12603","868","cpp","1775955232.872600000","1",NULL,NULL,"86465",NULL,NULL,"team page"
"86466",NULL,"49","10035","14225","873","py3","1775955233.924800000","1",NULL,NULL,"86466","splitter2-2.py",NULL,"team page"
"86467",NULL,"49","10047","14260","860","py3","1775955237.339300000","1",NULL,NULL,"86467","prob-nah_main.py",NULL,"team page"
"86468",NULL,"49","10020","14191","864","cpp","1775955237.468600000","1",NULL,NULL,"86468",NULL,NULL,"team page"
"86469",NULL,"49","10015","14175","872","py3","1775955237.539200000","1",NULL,NULL,"86469","Calico_9.py",NULL,"team page"
"86470",NULL,"49","10057","14290","866","pypy3","1775955237.698100000","1",NULL,NULL,"86470","six.py",NULL,"team page"
"86471",NULL,"49","10059","14296","867","cpp","1775955237.928900000","1",NULL,NULL,"86471",NULL,NULL,"team page"
"86472",NULL,"49","9982","14075","868","cpp","1775955238.057700000","1",NULL,NULL,"86472",NULL,NULL,"team page"
"86473",NULL,"49","9600","12981","864","cpp","1775955239.525800000","1",NULL,NULL,"86473",NULL,NULL,"team page"
"86474",NULL,"49","9884","13831","860","py3","1775955239.577400000","1",NULL,NULL,"86474","5.py",NULL,"team page"
"86475",NULL,"49","9405","12398","859","py3","1775955241.066100000","1",NULL,NULL,"86475","piezoelectric_template.py",NULL,"team page"
"86476",NULL,"49","9219","11838","873","py3","1775955241.870400000","1",NULL,NULL,"86476","comp.py",NULL,"team page"
"86477",NULL,"49","9734","13385","868","py3","1775955243.014400000","1",NULL,NULL,"86477","8.py",NULL,"team page"
"86478",NULL,"49","10016","14178","868","py3","1775955243.557600000","1",NULL,NULL,"86478","mycelium.py",NULL,"team page"
"86479",NULL,"49","9958","14031","865","java","1775955245.933600000","1",NULL,NULL,"86479","P5",NULL,"team page"
"86480",NULL,"49","9359","12258","861","py3","1775955247.558500000","1",NULL,NULL,"86480","prog.py",NULL,"team page"
"86481",NULL,"49","10060","14299","862","java","1775955248.277900000","1",NULL,NULL,"86481","laser",NULL,"team page"
"86482",NULL,"49","9435","12487","863","cpp","1775955248.821000000","1",NULL,NULL,"86482",NULL,NULL,"team page"
"86483",NULL,"49","10039","14236","866","py3","1775955250.410800000","1",NULL,NULL,"86483","06.py",NULL,"team page"
"86484",NULL,"49","10016","14178","869","py3","1775955254.730200000","1",NULL,NULL,"86484","mycelium.py",NULL,"team page"
"86485",NULL,"49","9474","12603","869","cpp","1775955255.156000000","1",NULL,NULL,"86485",NULL,NULL,"team page"
"86486",NULL,"49","9521","12744","861","py3","1775955255.509600000","1",NULL,NULL,"86486","files.py",NULL,"team page"
"86487",NULL,"49","9619","13038","868","cpp","1775955256.548400000","1",NULL,NULL,"86487",NULL,NULL,"team page"
"86488",NULL,"49","9793","13560","865","cpp","1775955259.198500000","1",NULL,NULL,"86488",NULL,NULL,"team page"
"86489",NULL,"49","10034","14221","864","py3","1775955264.798200000","1",NULL,NULL,"86489","5.py",NULL,"team page"
"86490",NULL,"49","9975","14055","879","py3","1775955265.515200000","1",NULL,NULL,"86490","mutliplication.py",NULL,"team page"
"86491",NULL,"49","10084","14353","859","py3","1775955266.293500000","1",NULL,NULL,"86491","ProgramOne.py",NULL,"team page"
"86492",NULL,"49","9351","12234","868","cpp","1775955267.300800000","1",NULL,NULL,"86492",NULL,NULL,"team page"
"86493",NULL,"49","9486","12639","865","cpp","1775955269.127400000","1",NULL,NULL,"86493",NULL,NULL,"team page"
"86494",NULL,"49","9361","12264","872","py3","1775955269.197700000","1",NULL,NULL,"86494","splitters_template.py",NULL,"team page"
"86495",NULL,"49","9949","14005","859","py3","1775955269.226700000","1",NULL,NULL,"86495","CalicoSetpiezoelectric.py",NULL,"team page"
"86496",NULL,"49","9600","12981","867","cpp","1775955269.791500000","1",NULL,NULL,"86496",NULL,NULL,"team page"
"86497",NULL,"49","10014","14171","867","py3","1775955271.321800000","1",NULL,NULL,"86497","env.py",NULL,"team page"
"86498",NULL,"49","9504","12693","862","cpp","1775955272.294600000","1",NULL,NULL,"86498",NULL,NULL,"team page"
"86499",NULL,"49","9649","13128","870","cpp","1775955273.716700000","1",NULL,NULL,"86499",NULL,NULL,"team page"
"86500",NULL,"49","9521","12744","861","py3","1775955278.379400000","1",NULL,NULL,"86500","files.py",NULL,"team page"
"86501",NULL,"49","10059","14296","867","cpp","1775955279.155200000","1",NULL,NULL,"86501",NULL,NULL,"team page"
"86502",NULL,"49","10031","14212","866","py3","1775955280.006800000","1",NULL,NULL,"86502","shadows_template.py",NULL,"team page"
"86503",NULL,"49","9892","13856","865","cpp","1775955284.753900000","1",NULL,NULL,"86503",NULL,NULL,"team page"
"86504",NULL,"49","9535","12786","866","cpp","1775955284.935400000","1",NULL,NULL,"86504",NULL,NULL,"team page"
"86505",NULL,"49","9638","13096","864","cpp","1775955285.149500000","1",NULL,NULL,"86505",NULL,NULL,"team page"
"86506",NULL,"49","9525","12756","860","py3","1775955285.721800000","1",NULL,NULL,"86506","2.py",NULL,"team page"
"86507",NULL,"49","9568","12885","861","cpp","1775955288.880000000","1",NULL,NULL,"86507",NULL,NULL,"team page"
"86508",NULL,"49","9355","12246","861","py3","1775955288.949500000","1",NULL,NULL,"86508","files.py",NULL,"team page"
"86509",NULL,"49","9328","12167","862","cpp","1775955290.479300000","1",NULL,NULL,"86509",NULL,NULL,"team page"
"86510",NULL,"49","9532","12777","863","cpp","1775955290.590500000","1",NULL,NULL,"86510",NULL,NULL,"team page"
"86511",NULL,"49","9900","13879","860","cpp","1775955290.728100000","1",NULL,NULL,"86511",NULL,NULL,"team page"
"86512",NULL,"49","9699","13278","872","cpp","1775955290.852400000","1",NULL,NULL,"86512",NULL,NULL,"team page"
"86513",NULL,"49","9647","13123","867","cpp","1775955291.072700000","1",NULL,NULL,"86513",NULL,NULL,"team page"
"86514",NULL,"49","9710","13311","872","cpp","1775955292.039400000","1",NULL,NULL,"86514",NULL,NULL,"team page"
"86515",NULL,"49","9351","12234","868","cpp","1775955293.768300000","1",NULL,NULL,"86515",NULL,NULL,"team page"
"86516",NULL,"49","9574","12903","869","py3","1775955297.585600000","1",NULL,NULL,"86516","m1oopswrongfilethisisactuallysafe.py",NULL,"team page"
"86517",NULL,"49","10062","14305","860","py3","1775955301.641200000","1",NULL,NULL,"86517","nahmain.py",NULL,"team page"
"86518",NULL,"49","10039","14236","866","pypy3","1775955301.799800000","1",NULL,NULL,"86518","06.py",NULL,"team page"
"86519",NULL,"49","9918","13912","868","cpp","1775955301.805400000","1",NULL,NULL,"86519",NULL,NULL,"team page"
"86520",NULL,"49","10035","14225","877","py3","1775955302.307200000","1",NULL,NULL,"86520","lecture.py",NULL,"team page"
"86521",NULL,"49","10016","14178","868","py3","1775955304.549000000","1",NULL,NULL,"86521","mycelium.py",NULL,"team page"
"86522",NULL,"49","9988","14095","868","py3","1775955304.631400000","1",NULL,NULL,"86522","mycelium_template.py",NULL,"team page"
"86523",NULL,"49","9201","11784","877","py3","1775955308.547100000","1",NULL,NULL,"86523","problem11.py",NULL,"team page"
"86524",NULL,"49","9369","12289","863","cpp","1775955309.507400000","1",NULL,NULL,"86524",NULL,NULL,"team page"
"86525",NULL,"49","9886","13837","862","java","1775955310.272800000","1",NULL,NULL,"86525","problem4",NULL,"team page"
"86526",NULL,"49","9608","13007","864","cpp","1775955312.146500000","1",NULL,NULL,"86526",NULL,NULL,"team page"
"86527",NULL,"49","9668","13187","869","cpp","1775955313.239800000","1",NULL,NULL,"86527",NULL,NULL,"team page"
"86528",NULL,"49","9339","12198","864","py3","1775955313.261100000","1",NULL,NULL,"86528","prob5.py",NULL,"team page"
"86529",NULL,"49","9734","13385","868","py3","1775955313.961800000","1",NULL,NULL,"86529","8.py",NULL,"team page"
"86530",NULL,"49","9850","13729","868","py3","1775955314.077300000","1",NULL,NULL,"86530","mycelium_template.py",NULL,"team page"
"86531",NULL,"49","10015","14174","873","py3","1775955314.649700000","1",NULL,NULL,"86531","main2.py",NULL,"team page"
"86532",NULL,"49","10014","14171","867","py3","1775955315.278900000","1",NULL,NULL,"86532","env.py",NULL,"team page"
"86533",NULL,"49","10015","14175","872","py3","1775955317.740100000","1",NULL,NULL,"86533","Calico_9.py",NULL,"team page"
"86534",NULL,"49","9478","12615","867","py3","1775955319.346900000","1",NULL,NULL,"86534","cross.py",NULL,"team page"
"86535",NULL,"49","9991","14102","863","py3","1775955321.583500000","1",NULL,NULL,"86535","problem4B.py",NULL,"team page"
"86536",NULL,"49","9589","12948","868","cpp","1775955323.952600000","1",NULL,NULL,"86536",NULL,NULL,"team page"
"86537",NULL,"49","9368","12285","872","cpp","1775955325.068000000","1",NULL,NULL,"86537",NULL,NULL,"team page"
"86538",NULL,"49","9992","14105","862","cpp","1775955325.546400000","1",NULL,NULL,"86538",NULL,NULL,"team page"
"86539",NULL,"49","9982","14075","868","cpp","1775955327.287700000","1",NULL,NULL,"86539",NULL,NULL,"team page"
"86540",NULL,"49","9351","12234","868","cpp","1775955328.460500000","1",NULL,NULL,"86540",NULL,NULL,"team page"
"86541",NULL,"49","10084","14353","859","py3","1775955329.144700000","1",NULL,NULL,"86541","ProgramOne.py",NULL,"team page"
"86542",NULL,"49","9892","13857","866","pypy3","1775955330.120700000","1",NULL,NULL,"86542","shadows_template.py",NULL,"team page"
"86543",NULL,"49","9947","13999","866","py3","1775955331.449700000","1",NULL,NULL,"86543","six.py",NULL,"team page"
"86544",NULL,"49","9638","13096","865","cpp","1775955331.704000000","1",NULL,NULL,"86544",NULL,NULL,"team page"
"86545",NULL,"49","10043","14250","859","py3","1775955332.788600000","1",NULL,NULL,"86545","piezoelectric_template.py",NULL,"team page"
"86546",NULL,"49","9503","12690","866","cpp","1775955335.217700000","1",NULL,NULL,"86546",NULL,NULL,"team page"
"86547",NULL,"49","9649","13128","870","cpp","1775955335.930100000","1",NULL,NULL,"86547",NULL,NULL,"team page"
"86548",NULL,"49","9992","14105","863","cpp","1775955337.557900000","1",NULL,NULL,"86548",NULL,NULL,"team page"
"86549",NULL,"49","9744","13415","863","cpp","1775955339.397000000","1",NULL,NULL,"86549",NULL,NULL,"team page"
"86550",NULL,"49","9351","12234","869","cpp","1775955339.526600000","1",NULL,NULL,"86550",NULL,NULL,"team page"
"86551",NULL,"49","9988","14093","864","cpp","1775955339.824100000","1",NULL,NULL,"86551",NULL,NULL,"team page"
"86552",NULL,"49","9417","12432","863","cpp","1775955340.441600000","1",NULL,NULL,"86552",NULL,NULL,"team page"
"86553",NULL,"49","9647","13123","867","cpp","1775955340.468800000","1",NULL,NULL,"86553",NULL,NULL,"team page"
"86554",NULL,"49","9523","12750","866","py3","1775955340.548500000","1",NULL,NULL,"86554","shadows.py",NULL,"team page"
"86555",NULL,"49","9647","13123","867","cpp","1775955341.274600000","1",NULL,NULL,"86555",NULL,NULL,"team page"
"86556",NULL,"49","9535","12786","868","cpp","1775955350.765000000","1",NULL,NULL,"86556",NULL,NULL,"team page"
"86557",NULL,"49","9558","12855","873","cpp","1775955351.694800000","1",NULL,NULL,"86557",NULL,NULL,"team page"
"86558",NULL,"49","9554","12845","867","py3","1775955352.282800000","1",NULL,NULL,"86558","Quilt.py",NULL,"team page"
"86559",NULL,"49","9690","13252","877","cpp","1775955352.904800000","1",NULL,NULL,"86559",NULL,NULL,"team page"
"86560",NULL,"49","9917","13908","877","cpp","1775955356.323300000","1",NULL,NULL,"86560",NULL,NULL,"team page"
"86561",NULL,"49","10014","14171","867","py3","1775955361.604100000","1",NULL,NULL,"86561","env.py",NULL,"team page"
"86562",NULL,"49","9777","13514","862","cpp","1775955369.250800000","1",NULL,NULL,"86562",NULL,NULL,"team page"
"86563",NULL,"49","9991","14102","863","py3","1775955369.447600000","1",NULL,NULL,"86563","problem4B.py",NULL,"team page"
"86564",NULL,"49","9537","12792","868","cpp","1775955370.498300000","1",NULL,NULL,"86564",NULL,NULL,"team page"
"86565",NULL,"49","9229","11868","864","cpp","1775955373.200800000","1",NULL,NULL,"86565",NULL,NULL,"team page"
"86566",NULL,"49","9217","11832","865","cpp","1775955374.853900000","1",NULL,NULL,"86566",NULL,NULL,"team page"
"86567",NULL,"49","9587","12943","873","cpp","1775955376.287300000","1",NULL,NULL,"86567",NULL,NULL,"team page"
"86568",NULL,"49","9417","12432","863","cpp","1775955376.760100000","1",NULL,NULL,"86568",NULL,NULL,"team page"
"86569",NULL,"49","9351","12235","872","cpp","1775955377.118900000","1",NULL,NULL,"86569",NULL,NULL,"team page"
"86570",NULL,"49","9746","13421","866","py3","1775955378.564700000","1",NULL,NULL,"86570","notebooks_Intro.py",NULL,"team page"
"86571",NULL,"49","9543","12811","863","cpp","1775955381.021000000","1",NULL,NULL,"86571",NULL,NULL,"team page"
"86572",NULL,"49","9528","12765","863","cpp","1775955381.968700000","1",NULL,NULL,"86572",NULL,NULL,"team page"
"86573",NULL,"49","10061","14302","859","py3","1775955383.613600000","1",NULL,NULL,"86573","piezoelectric_template.py",NULL,"team page"
"86574",NULL,"49","9339","12198","864","py3","1775955384.074200000","1",NULL,NULL,"86574","prob5.py",NULL,"team page"
"86575",NULL,"49","9331","12175","865","py3","1775955385.163900000","1",NULL,NULL,"86575","aray.py",NULL,"team page"
"86576",NULL,"49","9331","12175","865","py3","1775955385.913100000","1",NULL,NULL,"86576","aray.py",NULL,"team page"
"86577",NULL,"49","9589","12948","868","cpp","1775955387.227900000","1",NULL,NULL,"86577",NULL,NULL,"team page"
"86578",NULL,"49","9975","14054","865","java","1775955388.316800000","1",NULL,NULL,"86578","Main",NULL,"team page"
"86579",NULL,"49","9938","13972","872","cpp","1775955389.024100000","1",NULL,NULL,"86579",NULL,NULL,"team page"
"86580",NULL,"49","10082","14348","861","java","1775955390.073600000","1",NULL,NULL,"86580","BigBenFiles",NULL,"team page"
"86581",NULL,"49","9431","12475","866","py3","1775955393.576000000","1",NULL,NULL,"86581","shadow.py",NULL,"team page"
"86582",NULL,"49","9371","12294","861","pypy3","1775955393.926400000","1",NULL,NULL,"86582","files_template.py",NULL,"team page"
"86583",NULL,"49","9532","12777","863","cpp","1775955395.795000000","1",NULL,NULL,"86583",NULL,NULL,"team page"
"86584",NULL,"49","9203","11790","866","cpp","1775955397.595700000","1",NULL,NULL,"86584",NULL,NULL,"team page"
"86585",NULL,"49","9728","13365","860","py3","1775955401.168700000","1",NULL,NULL,"86585","main2.py",NULL,"team page"
"86586",NULL,"49","9658","13156","863","cpp","1775955404.759800000","1",NULL,NULL,"86586",NULL,NULL,"team page"
"86587",NULL,"49","9720","13341","863","cpp","1775955407.372700000","1",NULL,NULL,"86587",NULL,NULL,"team page"
"86588",NULL,"49","9647","13123","867","cpp","1775955408.558000000","1",NULL,NULL,"86588",NULL,NULL,"team page"
"86589",NULL,"49","9785","13536","859","py3","1775955408.959100000","1",NULL,NULL,"86589","calico_problem_1.py",NULL,"team page"
"86590",NULL,"49","10015","14174","862","py3","1775955409.858200000","1",NULL,NULL,"86590","main.py",NULL,"team page"
"86591",NULL,"49","9816","13627","864","py3","1775955411.492100000","1",NULL,NULL,"86591","prob3.py",NULL,"team page"
"86592",NULL,"49","9746","13419","867","cpp","1775955411.855900000","1",NULL,NULL,"86592",NULL,NULL,"team page"
"86593",NULL,"49","9988","14095","868","py3","1775955412.262100000","1",NULL,NULL,"86593","mycelium_template.py",NULL,"team page"
"86594",NULL,"49","10015","14175","872","py3","1775955417.017200000","1",NULL,NULL,"86594","Calico_9.py",NULL,"team page"
"86595",NULL,"49","9485","12636","868","cpp","1775955417.559800000","1",NULL,NULL,"86595",NULL,NULL,"team page"
"86596",NULL,"49","10060","14299","862","java","1775955418.897700000","1",NULL,NULL,"86596","laser",NULL,"team page"
"86597",NULL,"49","9722","13348","863","py3","1775955419.674100000","1",NULL,NULL,"86597","clc4.py",NULL,"team page"
"86598",NULL,"49","9786","13539","868","py3","1775955423.629800000","1",NULL,NULL,"86598","mycelium_mine.py",NULL,"team page"
"86599",NULL,"49","9925","13932","867","cpp","1775955424.096500000","1",NULL,NULL,"86599",NULL,NULL,"team page"
"86600",NULL,"49","10015","14174","863","py3","1775955427.521600000","1",NULL,NULL,"86600","main.py",NULL,"team page"
"86601",NULL,"49","9535","12786","872","cpp","1775955427.968600000","1",NULL,NULL,"86601",NULL,NULL,"team page"
"86602",NULL,"49","9293","12062","862","pypy3","1775955428.428100000","1",NULL,NULL,"86602","laser_template.py",NULL,"team page"
"86603",NULL,"49","9929","13944","864","py3","1775955429.005000000","1",NULL,NULL,"86603","grid_template.py",NULL,"team page"
"86604",NULL,"49","9543","12812","864","cpp","1775955435.558100000","1",NULL,NULL,"86604",NULL,NULL,"team page"
"86605",NULL,"49","9791","13553","861","py3","1775955435.668000000","1",NULL,NULL,"86605","problem3.py",NULL,"team page"
"86606",NULL,"49","9947","13998","869","cpp","1775955436.722000000","1",NULL,NULL,"86606",NULL,NULL,"team page"
"86607",NULL,"49","9900","13879","860","cpp","1775955436.845200000","1",NULL,NULL,"86607",NULL,NULL,"team page"
"86608",NULL,"49","9558","12855","873","cpp","1775955436.917500000","1",NULL,NULL,"86608",NULL,NULL,"team page"
"86609",NULL,"49","9353","12240","862","cpp","1775955438.338000000","1",NULL,NULL,"86609",NULL,NULL,"team page"
"86610",NULL,"49","9918","13912","869","cpp","1775955438.874100000","1",NULL,NULL,"86610",NULL,NULL,"team page"
"86611",NULL,"49","9474","12604","862","cpp","1775955441.910000000","1",NULL,NULL,"86611",NULL,NULL,"team page"
"86612",NULL,"49","9206","11799","869","cpp","1775955443.633900000","1",NULL,NULL,"86612",NULL,NULL,"team page"
"86613",NULL,"49","9206","11799","869","cpp","1775955444.305300000","1",NULL,NULL,"86613",NULL,NULL,"team page"
"86614",NULL,"49","9782","13527","867","py3","1775955444.745500000","1",NULL,NULL,"86614","cross_main.py",NULL,"team page"
"86615",NULL,"49","9300","12081","872","cpp","1775955445.451800000","1",NULL,NULL,"86615",NULL,NULL,"team page"
"86616",NULL,"49","9748","13427","867","py3","1775955446.296000000","1",NULL,NULL,"86616","P7.py",NULL,"team page"
"86617",NULL,"49","10021","14192","864","py3","1775955447.309500000","1",NULL,NULL,"86617","calico5.py",NULL,"team page"
"86618",NULL,"49","10036","14229","872","cpp","1775955448.597600000","1",NULL,NULL,"86618",NULL,NULL,"team page"
"86619",NULL,"49","9302","12089","868","py3","1775955450.649700000","1",NULL,NULL,"86619","mycelium_template.py",NULL,"team page"
"86620",NULL,"49","9296","12069","868","cpp","1775955452.195600000","1",NULL,NULL,"86620",NULL,NULL,"team page"
"86621",NULL,"49","9877","13810","867","cpp","1775955457.956700000","1",NULL,NULL,"86621",NULL,NULL,"team page"
"86622",NULL,"49","9983","14078","867","cpp","1775955458.915800000","1",NULL,NULL,"86622",NULL,NULL,"team page"
"86623",NULL,"49","9308","12106","862","cpp","1775955460.034800000","1",NULL,NULL,"86623",NULL,NULL,"team page"
"86624",NULL,"49","9850","13729","868","py3","1775955462.178900000","1",NULL,NULL,"86624","mycelium_template.py",NULL,"team page"
"86625",NULL,"49","9947","13998","870","cpp","1775955463.159600000","1",NULL,NULL,"86625",NULL,NULL,"team page"
"86626",NULL,"49","9889","13846","860","cpp","1775955464.391800000","1",NULL,NULL,"86626",NULL,NULL,"team page"
"86627",NULL,"49","9532","12777","863","cpp","1775955465.308600000","1",NULL,NULL,"86627",NULL,NULL,"team page"
"86628",NULL,"49","9442","12509","872","cpp","1775955466.277300000","1",NULL,NULL,"86628",NULL,NULL,"team page"
"86629",NULL,"49","9899","13878","862","java","1775955466.559900000","1",NULL,NULL,"86629","JoshContext041206",NULL,"team page"
"86630",NULL,"49","9835","13686","860","cpp","1775955466.974700000","1",NULL,NULL,"86630",NULL,NULL,"team page"
"86631",NULL,"49","10015","14174","873","py3","1775955468.136100000","1",NULL,NULL,"86631","main2.py",NULL,"team page"
"86632",NULL,"49","10095","14387","866","py3","1775955470.507300000","1",NULL,NULL,"86632","shadows_template.py",NULL,"team page"
"86633",NULL,"49","9312","12118","872","cpp","1775955471.584500000","1",NULL,NULL,"86633",NULL,NULL,"team page"
"86634",NULL,"49","9736","13390","861","py3","1775955471.931300000","1",NULL,NULL,"86634","files_template.py",NULL,"team page"
"86635",NULL,"49","9537","12792","868","cpp","1775955472.045200000","1",NULL,NULL,"86635",NULL,NULL,"team page"
"86636",NULL,"49","10045","14254","866","py3","1775955472.490200000","1",NULL,NULL,"86636","main.py",NULL,"team page"
"86637",NULL,"49","9818","13635","878","py3","1775955473.132300000","1",NULL,NULL,"86637","lecture.py",NULL,"team page"
"86638",NULL,"49","10050","14269","862","pypy3","1775955473.593500000","1",NULL,NULL,"86638","laser_main.py",NULL,"team page"
"86639",NULL,"49","9748","13426","867","pypy3","1775955476.719800000","1",NULL,NULL,"86639","P5.py",NULL,"team page"
"86640",NULL,"49","9658","13157","873","cpp","1775955477.701100000","1",NULL,NULL,"86640",NULL,NULL,"team page"
"86641",NULL,"49","9298","12076","867","cpp","1775955478.227300000","1",NULL,NULL,"86641",NULL,NULL,"team page"
"86642",NULL,"49","10069","14327","860","pypy3","1775955479.173900000","1",NULL,NULL,"86642","2.py",NULL,"team page"
"86643",NULL,"49","9988","14095","869","py3","1775955480.515100000","1",NULL,NULL,"86643","mycelium_template.py",NULL,"team page"
"86644",NULL,"49","9353","12240","863","cpp","1775955483.286500000","1",NULL,NULL,"86644",NULL,NULL,"team page"
"86645",NULL,"49","9716","13329","864","py3","1775955484.116400000","1",NULL,NULL,"86645","grid_template.py",NULL,"team page"
"86646",NULL,"49","9268","11986","865","pypy3","1775955484.138900000","1",NULL,NULL,"86646","5b.py",NULL,"team page"
"86647",NULL,"49","10005","14144","862","cpp","1775955484.636600000","1",NULL,NULL,"86647",NULL,NULL,"team page"
"86648",NULL,"49","9856","13747","872","py3","1775955486.631200000","1",NULL,NULL,"86648","splitters_template.py",NULL,"team page"
"86649",NULL,"49","9816","13628","868","pypy3","1775955488.679300000","1",NULL,NULL,"86649","mycelium_template.py",NULL,"team page"
"86650",NULL,"49","9503","12690","866","cpp","1775955489.957500000","1",NULL,NULL,"86650",NULL,NULL,"team page"
"86651",NULL,"49","9670","13192","862","cpp","1775955491.672500000","1",NULL,NULL,"86651",NULL,NULL,"team page"
"86652",NULL,"49","9272","11997","860","py3","1775955491.760100000","1",NULL,NULL,"86652","nahsumbitpt2.py",NULL,"team page"
"86653",NULL,"49","10083","14350","862","py3","1775955492.325800000","1",NULL,NULL,"86653","problem-04.py",NULL,"team page"
"86654",NULL,"49","9526","12759","865","cpp","1775955492.976400000","1",NULL,NULL,"86654",NULL,NULL,"team page"
"86655",NULL,"49","9576","12910","873","cpp","1775955493.028100000","1",NULL,NULL,"86655",NULL,NULL,"team page"
"86656",NULL,"49","9728","13365","860","py3","1775955493.544700000","1",NULL,NULL,"86656","main2.py",NULL,"team page"
"86657",NULL,"49","10016","14178","868","py3","1775955494.123100000","1",NULL,NULL,"86657","mycelium.py",NULL,"team page"
"86658",NULL,"49","9793","13559","872","cpp","1775955496.718700000","1",NULL,NULL,"86658",NULL,NULL,"team page"
"86659",NULL,"49","9334","12183","865","pypy3","1775955497.014100000","1",NULL,NULL,"86659","p1.py",NULL,"team page"
"86660",NULL,"49","9649","13128","870","cpp","1775955501.837500000","1",NULL,NULL,"86660",NULL,NULL,"team page"
"86661",NULL,"49","9339","12198","864","py3","1775955508.657200000","1",NULL,NULL,"86661","prob5.py",NULL,"team page"
"86662",NULL,"49","9857","13751","860","pypy3","1775955508.844200000","1",NULL,NULL,"86662","gojo.py",NULL,"team page"
"86663",NULL,"49","9639","13099","870","cpp","1775955509.456000000","1",NULL,NULL,"86663",NULL,NULL,"team page"
"86664",NULL,"49","9680","13223","869","cpp","1775955510.144200000","1",NULL,NULL,"86664",NULL,NULL,"team page"
"86665",NULL,"49","10021","14192","866","py3","1775955512.974200000","1",NULL,NULL,"86665","calico6.py",NULL,"team page"
"86666",NULL,"49","9793","13559","873","cpp","1775955514.444800000","1",NULL,NULL,"86666",NULL,NULL,"team page"
"86667",NULL,"49","9797","13571","859","py3","1775955514.455400000","1",NULL,NULL,"86667","piezoelectric.py",NULL,"team page"
"86668",NULL,"49","9848","13723","867","py3","1775955516.698000000","1",NULL,NULL,"86668","problem67.py",NULL,"team page"
"86669",NULL,"49","9893","13860","862","py3","1775955517.562100000","1",NULL,NULL,"86669","laser_template.py",NULL,"team page"
"86670",NULL,"49","9815","13624","860","py3","1775955517.658900000","1",NULL,NULL,"86670","nah.py",NULL,"team page"
"86671",NULL,"49","10014","14171","867","py3","1775955518.476100000","1",NULL,NULL,"86671","env.py",NULL,"team page"
"86672",NULL,"49","10014","14171","867","py3","1775955519.553500000","1",NULL,NULL,"86672","env.py",NULL,"team page"
"86673",NULL,"49","10058","14293","862","py3","1775955520.228000000","1",NULL,NULL,"86673","laser.py",NULL,"team page"
"86674",NULL,"49","9587","12943","873","cpp","1775955522.318700000","1",NULL,NULL,"86674",NULL,NULL,"team page"
"86675",NULL,"49","9691","13254","866","cpp","1775955522.619500000","1",NULL,NULL,"86675",NULL,NULL,"team page"
"86676",NULL,"49","9525","12756","861","py3","1775955523.524300000","1",NULL,NULL,"86676","3.py",NULL,"team page"
"86677",NULL,"49","9336","12190","864","py3","1775955523.677100000","1",NULL,NULL,"86677","calcio5.py",NULL,"team page"
"86678",NULL,"49","9532","12777","863","cpp","1775955523.923500000","1",NULL,NULL,"86678",NULL,NULL,"team page"
"86679",NULL,"49","9818","13635","878","py3","1775955524.895600000","1",NULL,NULL,"86679","lecture.py",NULL,"team page"
"86680",NULL,"49","9670","13192","863","cpp","1775955525.930800000","1",NULL,NULL,"86680",NULL,NULL,"team page"
"86681",NULL,"49","9988","14095","870","py3","1775955526.496800000","1",NULL,NULL,"86681","mycelium_template.py",NULL,"team page"
"86682",NULL,"49","9949","14005","862","py3","1775955527.188300000","1",NULL,NULL,"86682","CalicoSetlaser.py",NULL,"team page"
"86683",NULL,"49","10015","14175","872","py3","1775955527.195000000","1",NULL,NULL,"86683","Calico_9.py",NULL,"team page"
"86684",NULL,"49","9564","12875","863","cpp","1775955528.595800000","1",NULL,NULL,"86684",NULL,NULL,"team page"
"86685",NULL,"49","10095","14387","866","py3","1775955530.467400000","1",NULL,NULL,"86685","shadows_template.py",NULL,"team page"
"86686",NULL,"49","9835","13686","862","cpp","1775955534.054900000","1",NULL,NULL,"86686",NULL,NULL,"team page"
"86687",NULL,"49","9663","13171","860","pypy3","1775955536.651400000","1",NULL,NULL,"86687","calico_prob_no_2.py",NULL,"team page"
"86688",NULL,"49","9879","13816","866","cpp","1775955538.354500000","1",NULL,NULL,"86688",NULL,NULL,"team page"
"86689",NULL,"49","10017","14182","860","cpp","1775955538.850000000","1",NULL,NULL,"86689",NULL,NULL,"team page"
"86690",NULL,"49","10031","14212","866","py3","1775955541.017100000","1",NULL,NULL,"86690","shadows_template.py",NULL,"team page"
"86691",NULL,"49","9818","13635","877","py3","1775955541.415800000","1",NULL,NULL,"86691","lecture.py",NULL,"team page"
"86692",NULL,"49","9336","12190","865","py3","1775955543.420200000","1",NULL,NULL,"86692","calcio5.py",NULL,"team page"
"86693",NULL,"49","9385","12338","864","py3","1775955544.080600000","1",NULL,NULL,"86693","grid_template.py",NULL,"team page"
"86694",NULL,"49","9796","13567","880","py3","1775955547.071200000","1",NULL,NULL,"86694","main.py",NULL,"team page"
"86695",NULL,"49","9736","13389","867","py3","1775955547.635500000","1",NULL,NULL,"86695","cross_template.py",NULL,"team page"
"86696",NULL,"49","9263","11971","877","cpp","1775955550.206600000","1",NULL,NULL,"86696",NULL,NULL,"team page"
"86697",NULL,"49","10069","14327","861","pypy3","1775955552.239700000","1",NULL,NULL,"86697","3.py",NULL,"team page"
"86698",NULL,"49","10021","14192","867","py3","1775955553.813600000","1",NULL,NULL,"86698","calico7.py",NULL,"team page"
"86699",NULL,"49","10057","14290","867","pypy3","1775955553.817300000","1",NULL,NULL,"86699","sevan.py",NULL,"team page"
"86700",NULL,"49","9735","13388","863","cpp","1775955553.896000000","1",NULL,NULL,"86700",NULL,NULL,"team page"
"86701",NULL,"49","9250","11933","872","py3","1775955556.128400000","1",NULL,NULL,"86701","main.py",NULL,"team page"
"86702",NULL,"49","9867","13780","860","py3","1775955559.194900000","1",NULL,NULL,"86702","solution.py",NULL,"team page"
"86703",NULL,"49","9599","12978","863","py3","1775955559.807600000","1",NULL,NULL,"86703","solve.py",NULL,"team page"
"86704",NULL,"49","9543","12812","865","cpp","1775955564.110500000","1",NULL,NULL,"86704",NULL,NULL,"team page"
"86705",NULL,"49","9919","13914","872","cpp","1775955566.672500000","1",NULL,NULL,"86705",NULL,NULL,"team page"
"86706",NULL,"49","9882","13825","862","cpp","1775955568.148900000","1",NULL,NULL,"86706",NULL,NULL,"team page"
"86707",NULL,"49","9526","12759","865","cpp","1775955569.407000000","1",NULL,NULL,"86707",NULL,NULL,"team page"
"86708",NULL,"49","9219","11838","873","py3","1775955571.024000000","1",NULL,NULL,"86708","comp.py",NULL,"team page"
"86709",NULL,"49","9615","13026","873","py3","1775955572.397500000","1",NULL,NULL,"86709","q3.py",NULL,"team page"
"86710",NULL,"49","9886","13837","862","java","1775955575.589800000","1",NULL,NULL,"86710","problem4",NULL,"team page"
"86711",NULL,"49","9600","12981","877","cpp","1775955575.608400000","1",NULL,NULL,"86711",NULL,NULL,"team page"
"86712",NULL,"49","9700","13282","868","cpp","1775955576.155200000","1",NULL,NULL,"86712",NULL,NULL,"team page"
"86713",NULL,"49","9393","12362","861","pypy3","1775955580.420400000","1",NULL,NULL,"86713","files3.py",NULL,"team page"
"86714",NULL,"49","9369","12289","863","cpp","1775955584.771700000","1",NULL,NULL,"86714",NULL,NULL,"team page"
"86715",NULL,"49","10055","14285","879","cpp","1775955586.402100000","1",NULL,NULL,"86715",NULL,NULL,"team page"
"86716",NULL,"49","9869","13787","861","py3","1775955586.457500000","1",NULL,NULL,"86716","files_template.py",NULL,"team page"
"86717",NULL,"49","9869","13787","861","py3","1775955587.827400000","1",NULL,NULL,"86717","files_template.py",NULL,"team page"
"86718",NULL,"49","9885","13835","867","cpp","1775955590.195100000","1",NULL,NULL,"86718",NULL,NULL,"team page"
"86719",NULL,"49","9465","12577","868","cpp","1775955592.278000000","1",NULL,NULL,"86719",NULL,NULL,"team page"
"86720",NULL,"49","9367","12284","865","cpp","1775955593.477800000","1",NULL,NULL,"86720",NULL,NULL,"team page"
"86721",NULL,"49","9900","13879","860","cpp","1775955595.625900000","1",NULL,NULL,"86721",NULL,NULL,"team page"
"86722",NULL,"49","9882","13825","862","cpp","1775955600.053300000","1",NULL,NULL,"86722",NULL,NULL,"team page"
"86723",NULL,"49","9803","13588","864","py3","1775955600.306100000","1",NULL,NULL,"86723","grid_template.py",NULL,"team page"
"86724",NULL,"49","9850","13729","868","py3","1775955602.240600000","1",NULL,NULL,"86724","mycelium_template.py",NULL,"team page"
"86725",NULL,"49","9282","12028","867","py3","1775955605.140100000","1",NULL,NULL,"86725","7.py",NULL,"team page"
"86726",NULL,"49","9749","13429","864","cpp","1775955610.059900000","1",NULL,NULL,"86726",NULL,NULL,"team page"
"86727",NULL,"49","9600","12981","868","cpp","1775955610.921600000","1",NULL,NULL,"86727",NULL,NULL,"team page"
"86728",NULL,"49","9350","12231","877","py3","1775955616.265600000","1",NULL,NULL,"86728","Problem11.py",NULL,"team page"
"86729",NULL,"49","9737","13394","864","py3","1775955617.856400000","1",NULL,NULL,"86729","grid_main.py",NULL,"team page"
"86730",NULL,"49","10034","14221","864","py3","1775955623.350300000","1",NULL,NULL,"86730","grid.py",NULL,"team page"
"86731",NULL,"49","9983","14078","867","cpp","1775955624.928500000","1",NULL,NULL,"86731",NULL,NULL,"team page"
"86732",NULL,"49","9419","12438","868","cpp","1775955625.110700000","1",NULL,NULL,"86732",NULL,NULL,"team page"
"86733",NULL,"49","9526","12759","864","cpp","1775955627.730100000","1",NULL,NULL,"86733",NULL,NULL,"team page"
"86734",NULL,"49","9756","13449","861","pypy3","1775955628.853500000","1",NULL,NULL,"86734","prob_file_main.py",NULL,"team page"
"86735",NULL,"49","9253","11940","873","cpp","1775955629.804700000","1",NULL,NULL,"86735",NULL,NULL,"team page"
"86736",NULL,"49","9525","12756","862","py3","1775955630.819600000","1",NULL,NULL,"86736","4.py",NULL,"team page"
"86737",NULL,"49","9761","13465","869","cpp","1775955632.129800000","1",NULL,NULL,"86737",NULL,NULL,"team page"
"86738",NULL,"49","9722","13348","863","py3","1775955632.146300000","1",NULL,NULL,"86738","clc41.py",NULL,"team page"
"86739",NULL,"49","9298","12075","865","cpp","1775955635.236900000","1",NULL,NULL,"86739",NULL,NULL,"team page"
"86740",NULL,"49","9537","12792","868","cpp","1775955635.401100000","1",NULL,NULL,"86740",NULL,NULL,"team page"
"86741",NULL,"49","9923","13926","877","cpp","1775955636.291800000","1",NULL,NULL,"86741",NULL,NULL,"team page"
"86742",NULL,"49","9902","13885","866","py3","1775955637.427800000","1",NULL,NULL,"86742","6.py",NULL,"team page"
"86743",NULL,"49","9918","13912","869","cpp","1775955638.370000000","1",NULL,NULL,"86743",NULL,NULL,"team page"
"86744",NULL,"49","9532","12777","863","cpp","1775955640.221100000","1",NULL,NULL,"86744",NULL,NULL,"team page"
"86745",NULL,"49","9614","13023","868","py3","1775955640.938000000","1",NULL,NULL,"86745","main.py",NULL,"team page"
"86746",NULL,"49","10020","14191","864","cpp","1775955642.491700000","1",NULL,NULL,"86746",NULL,NULL,"team page"
"86747",NULL,"49","9658","13157","865","cpp","1775955642.558800000","1",NULL,NULL,"86747",NULL,NULL,"team page"
"86748",NULL,"49","9582","12928","864","py3","1775955643.790600000","1",NULL,NULL,"86748","grid_template.py",NULL,"team page"
"86749",NULL,"49","9949","14004","861","pypy3","1775955646.789100000","1",NULL,NULL,"86749","p3FULL.py",NULL,"team page"
"86750",NULL,"49","9369","12290","869","cpp","1775955647.070400000","1",NULL,NULL,"86750",NULL,NULL,"team page"
"86751",NULL,"49","10050","14269","863","pypy3","1775955648.322200000","1",NULL,NULL,"86751","laser_main.py",NULL,"team page"
"86752",NULL,"49","10012","14165","877","pypy3","1775955649.591400000","1",NULL,NULL,"86752","lecture_template.py",NULL,"team page"
"86753",NULL,"49","9688","13246","862","py3","1775955650.310900000","1",NULL,NULL,"86753","4.py",NULL,"team page"
"86754",NULL,"49","10036","14227","865","cpp","1775955654.482500000","1",NULL,NULL,"86754",NULL,NULL,"team page"
"86755",NULL,"49","9658","13157","866","cpp","1775955656.539500000","1",NULL,NULL,"86755",NULL,NULL,"team page"
"86756",NULL,"49","10015","14174","873","py3","1775955657.216900000","1",NULL,NULL,"86756","main2.py",NULL,"team page"
"86757",NULL,"49","9795","13564","873","cpp","1775955661.111800000","1",NULL,NULL,"86757",NULL,NULL,"team page"
"86758",NULL,"49","9600","12981","868","cpp","1775955661.139400000","1",NULL,NULL,"86758",NULL,NULL,"team page"
"86759",NULL,"49","9600","12981","868","cpp","1775955661.414400000","1",NULL,NULL,"86759",NULL,NULL,"team page"
"86760",NULL,"49","9982","14075","869","cpp","1775955661.432300000","1",NULL,NULL,"86760",NULL,NULL,"team page"
"86761",NULL,"49","10051","14272","872","py3","1775955661.596400000","1",NULL,NULL,"86761","splitters_template.py",NULL,"team page"
"86762",NULL,"49","9231","11874","866","py3","1775955663.829300000","1",NULL,NULL,"86762","problem_6.py",NULL,"team page"
"86763",NULL,"49","9943","13986","862","cpp","1775955665.713000000","1",NULL,NULL,"86763",NULL,NULL,"team page"
"86764",NULL,"49","9818","13635","877","pypy3","1775955666.565700000","1",NULL,NULL,"86764","lecture.py",NULL,"team page"
"86765",NULL,"49","9877","13811","864","py3","1775955670.052600000","1",NULL,NULL,"86765","grid_fill.py",NULL,"team page"
"86766",NULL,"49","9435","12487","863","cpp","1775955674.287700000","1",NULL,NULL,"86766",NULL,NULL,"team page"
"86767",NULL,"49","9763","13471","863","py3","1775955675.371200000","1",NULL,NULL,"86767","laser_template.py",NULL,"team page"
"86768",NULL,"49","9261","11965","861","pypy3","1775955675.711200000","1",NULL,NULL,"86768","calico3rd.py",NULL,"team page"
"86769",NULL,"49","9551","12836","868","cpp","1775955677.609800000","1",NULL,NULL,"86769",NULL,NULL,"team page"
"86770",NULL,"49","9332","12179","859","py3","1775955679.883600000","1",NULL,NULL,"86770","piezoelectric_template.py",NULL,"team page"
"86771",NULL,"49","9206","11799","869","cpp","1775955683.206400000","1",NULL,NULL,"86771",NULL,NULL,"team page"
"86772",NULL,"49","9369","12290","870","cpp","1775955685.570000000","1",NULL,NULL,"86772",NULL,NULL,"team page"
"86773",NULL,"49","10057","14290","867","pypy3","1775955686.541200000","1",NULL,NULL,"86773","sevan.py",NULL,"team page"
"86774",NULL,"49","9891","13852","867","cpp","1775955689.387900000","1",NULL,NULL,"86774",NULL,NULL,"team page"
"86775",NULL,"49","9718","13336","860","py3","1775955690.750600000","1",NULL,NULL,"86775","3.py",NULL,"team page"
"86776",NULL,"49","9786","13540","863","py3","1775955693.546000000","1",NULL,NULL,"86776","laser_bonus.py",NULL,"team page"
"86777",NULL,"49","9720","13341","863","cpp","1775955693.644800000","1",NULL,NULL,"86777",NULL,NULL,"team page"
"86778",NULL,"49","10007","14151","872","py3","1775955695.546500000","1",NULL,NULL,"86778","q6.py",NULL,"team page"
"86779",NULL,"49","9717","13332","873","cpp","1775955699.989400000","1",NULL,NULL,"86779",NULL,NULL,"team page"
"86780",NULL,"49","9614","13023","869","py3","1775955700.597200000","1",NULL,NULL,"86780","main.py",NULL,"team page"
"86781",NULL,"49","9582","12928","865","py3","1775955700.659100000","1",NULL,NULL,"86781","grid_template.py",NULL,"team page"
"86782",NULL,"49","9816","13628","869","pypy3","1775955700.659200000","1",NULL,NULL,"86782","mycelium_template.py",NULL,"team page"
"86783",NULL,"49","9890","13849","862","java","1775955701.068200000","1",NULL,NULL,"86783","Problem4",NULL,"team page"
"86784",NULL,"49","9516","12730","864","py3","1775955701.112000000","1",NULL,NULL,"86784","redacted.py",NULL,"team page"
"86785",NULL,"49","9442","12509","872","cpp","1775955703.979300000","1",NULL,NULL,"86785",NULL,NULL,"team page"
"86786",NULL,"49","9354","12243","862","java","1775955704.214900000","1",NULL,NULL,"86786","Solution",NULL,"team page"
"86787",NULL,"49","10017","14182","860","cpp","1775955705.503100000","1",NULL,NULL,"86787",NULL,NULL,"team page"
"86788",NULL,"49","9988","14093","864","cpp","1775955707.822800000","1",NULL,NULL,"86788",NULL,NULL,"team page"
"86789",NULL,"49","9667","13182","862","py3","1775955708.365100000","1",NULL,NULL,"86789","laser_template.py",NULL,"team page"
"86790",NULL,"49","10039","14236","866","cpp","1775955709.225600000","1",NULL,NULL,"86790",NULL,NULL,"team page"
"86791",NULL,"49","9736","13389","860","py3","1775955709.443300000","1",NULL,NULL,"86791","nah_template.py",NULL,"team page"
"86792",NULL,"49","9736","13389","860","py3","1775955712.188700000","1",NULL,NULL,"86792","nah_template.py",NULL,"team page"
"86793",NULL,"49","9850","13729","868","py3","1775955712.632400000","1",NULL,NULL,"86793","mycelium_template.py",NULL,"team page"
"86794",NULL,"49","9240","11901","868","cpp","1775955712.940200000","1",NULL,NULL,"86794",NULL,NULL,"team page"
"86795",NULL,"49","9736","13389","860","py3","1775955713.913400000","1",NULL,NULL,"86795","nah_template.py",NULL,"team page"
"86796",NULL,"49","9369","12289","863","cpp","1775955714.113500000","1",NULL,NULL,"86796",NULL,NULL,"team page"
"86797",NULL,"49","9803","13589","861","pypy3","1775955714.631800000","1",NULL,NULL,"86797","q3.py",NULL,"team page"
"86798",NULL,"49","9379","12319","872","cpp","1775955714.812200000","1",NULL,NULL,"86798",NULL,NULL,"team page"
"86799",NULL,"49","9736","13389","860","py3","1775955714.930100000","1",NULL,NULL,"86799","nah_template.py",NULL,"team page"
"86800",NULL,"49","9736","13389","860","py3","1775955715.775900000","1",NULL,NULL,"86800","nah_template.py",NULL,"team page"
"86801",NULL,"49","9857","13750","862","py3","1775955718.415600000","1",NULL,NULL,"86801","4.py",NULL,"team page"
"86802",NULL,"49","9736","13389","860","py3","1775955718.713100000","1",NULL,NULL,"86802","nah_template.py",NULL,"team page"
"86803",NULL,"49","9638","13097","866","cpp","1775955719.286400000","1",NULL,NULL,"86803",NULL,NULL,"team page"
"86804",NULL,"49","10058","14293","863","py3","1775955724.637800000","1",NULL,NULL,"86804","laser.py",NULL,"team page"
"86805",NULL,"49","9603","12990","862","py3","1775955725.352500000","1",NULL,NULL,"86805","4main.py",NULL,"team page"
"86806",NULL,"49","10045","14254","867","py3","1775955726.786100000","1",NULL,NULL,"86806","main.py",NULL,"team page"
"86807",NULL,"49","9873","13800","863","py3","1775955727.393800000","1",NULL,NULL,"86807","laser_template.py",NULL,"team page"
"86808",NULL,"49","9229","11868","864","cpp","1775955728.277200000","1",NULL,NULL,"86808",NULL,NULL,"team page"
"86809",NULL,"49","10016","14179","865","pypy3","1775955729.190100000","1",NULL,NULL,"86809","Q5.py",NULL,"team page"
"86810",NULL,"49","9876","13808","864","java","1775955730.124500000","1",NULL,NULL,"86810","Gridfill",NULL,"team page"
"86811",NULL,"49","9638","13095","872","cpp","1775955732.465500000","1",NULL,NULL,"86811",NULL,NULL,"team page"
"86812",NULL,"49","10021","14192","866","py3","1775955732.767500000","1",NULL,NULL,"86812","calico6.py",NULL,"team page"
"86813",NULL,"49","9683","13230","860","py3","1775955735.647900000","1",NULL,NULL,"86813","gege.py",NULL,"team page"
"86814",NULL,"49","9589","12950","864","cpp","1775955736.386100000","1",NULL,NULL,"86814",NULL,NULL,"team page"
"86815",NULL,"49","10016","14178","868","py3","1775955736.472000000","1",NULL,NULL,"86815","mycelium.py",NULL,"team page"
"86816",NULL,"49","9610","13011","859","py3","1775955737.446300000","1",NULL,NULL,"86816","piezoelectric.py",NULL,"team page"
"86817",NULL,"49","9777","13514","862","cpp","1775955737.744100000","1",NULL,NULL,"86817",NULL,NULL,"team page"
"86818",NULL,"49","9672","13197","873","py3","1775955743.249000000","1",NULL,NULL,"86818","twongtwongtwong.py",NULL,"team page"
"86819",NULL,"49","9734","13385","872","py3","1775955743.869900000","1",NULL,NULL,"86819","9.py",NULL,"team page"
"86820",NULL,"49","9885","13835","867","cpp","1775955744.875400000","1",NULL,NULL,"86820",NULL,NULL,"team page"
"86821",NULL,"49","10055","14285","880","cpp","1775955746.527500000","1",NULL,NULL,"86821",NULL,NULL,"team page"
"86822",NULL,"49","10051","14273","879","py3","1775955748.569800000","1",NULL,NULL,"86822","bruh_geiniguiyige.py",NULL,"team page"
"86823",NULL,"49","9936","13965","866","py3","1775955752.684300000","1",NULL,NULL,"86823","ls.py",NULL,"team page"
"86824",NULL,"49","9941","13980","860","py3","1775955753.680700000","1",NULL,NULL,"86824","calico_p2.py",NULL,"team page"
"86825",NULL,"49","9280","12023","866","cpp","1775955753.754700000","1",NULL,NULL,"86825",NULL,NULL,"team page"
"86826",NULL,"49","9615","13026","873","py3","1775955758.993400000","1",NULL,NULL,"86826","q3.py",NULL,"team page"
"86827",NULL,"49","9355","12248","864","py3","1775955759.544100000","1",NULL,NULL,"86827","grid_template.py",NULL,"team page"
"86828",NULL,"49","9736","13390","861","py3","1775955761.325400000","1",NULL,NULL,"86828","files_template.py",NULL,"team page"
"86829",NULL,"49","9537","12792","868","cpp","1775955761.851200000","1",NULL,NULL,"86829",NULL,NULL,"team page"
"86830",NULL,"49","9296","12070","877","cpp","1775955762.290800000","1",NULL,NULL,"86830",NULL,NULL,"team page"
"86831",NULL,"49","9480","12621","864","py3","1775955762.855400000","1",NULL,NULL,"86831","grid_template.py",NULL,"team page"
"86832",NULL,"49","9716","13329","864","py3","1775955763.224900000","1",NULL,NULL,"86832","grid_template.py",NULL,"team page"
"86833",NULL,"49","9526","12759","862","cpp","1775955764.273800000","1",NULL,NULL,"86833",NULL,NULL,"team page"
"86834",NULL,"49","9988","14093","864","cpp","1775955766.186100000","1",NULL,NULL,"86834",NULL,NULL,"team page"
"86835",NULL,"49","9312","12118","872","cpp","1775955766.319400000","1",NULL,NULL,"86835",NULL,NULL,"team page"
"86836",NULL,"49","10015","14175","872","py3","1775955766.661900000","1",NULL,NULL,"86836","Calico_9.py",NULL,"team page"
"86837",NULL,"49","9367","12284","865","cpp","1775955767.088900000","1",NULL,NULL,"86837",NULL,NULL,"team page"
"86838",NULL,"49","10048","14263","864","java","1775955768.024800000","1",NULL,NULL,"86838","D",NULL,"team page"
"86839",NULL,"49","10015","14175","872","py3","1775955770.466000000","1",NULL,NULL,"86839","Calico_9.py",NULL,"team page"
"86840",NULL,"49","9598","12975","864","py3","1775955770.672600000","1",NULL,NULL,"86840","grid_template.py",NULL,"team page"
"86841",NULL,"49","9598","12975","864","py3","1775955771.603400000","1",NULL,NULL,"86841","grid_template.py",NULL,"team page"
"86842",NULL,"49","10035","14225","877","py3","1775955772.707600000","1",NULL,NULL,"86842","lecture-2.py",NULL,"team page"
"86843",NULL,"49","10095","14387","866","py3","1775955777.900200000","1",NULL,NULL,"86843","shadows_template.py",NULL,"team page"
"86844",NULL,"49","9784","13533","866","cpp","1775955779.869200000","1",NULL,NULL,"86844",NULL,NULL,"team page"
"86845",NULL,"49","10050","14269","863","pypy3","1775955781.390000000","1",NULL,NULL,"86845","laser_main.py",NULL,"team page"
"86846",NULL,"49","9975","14054","859","java","1775955782.039200000","1",NULL,NULL,"86846","Main",NULL,"team page"
"86847",NULL,"49","9988","14093","865","cpp","1775955784.793100000","1",NULL,NULL,"86847",NULL,NULL,"team page"
"86848",NULL,"49","9991","14102","863","py3","1775955785.252700000","1",NULL,NULL,"86848","problem4B.py",NULL,"team page"
"86849",NULL,"49","9642","13108","862","java","1775955785.659100000","1",NULL,NULL,"86849","calico_2",NULL,"team page"
"86850",NULL,"49","9293","12062","862","pypy3","1775955788.380400000","1",NULL,NULL,"86850","laser_template.py",NULL,"team page"
"86851",NULL,"49","9658","13157","864","cpp","1775955788.392600000","1",NULL,NULL,"86851",NULL,NULL,"team page"
"86852",NULL,"49","9480","12621","865","py3","1775955790.989300000","1",NULL,NULL,"86852","grid_template.py",NULL,"team page"
"86853",NULL,"49","9608","13007","864","cpp","1775955794.791900000","1",NULL,NULL,"86853",NULL,NULL,"team page"
"86854",NULL,"49","9258","11956","870","cpp","1775955795.121900000","1",NULL,NULL,"86854",NULL,NULL,"team page"
"86855",NULL,"49","10005","14144","862","cpp","1775955795.538300000","1",NULL,NULL,"86855",NULL,NULL,"team page"
"86856",NULL,"49","10096","14390","865","py3","1775955796.905700000","1",NULL,NULL,"86856","grid_template.py",NULL,"team page"
"86857",NULL,"49","9403","12390","866","pypy3","1775955798.495000000","1",NULL,NULL,"86857","shadows_template.py",NULL,"team page"
"86858",NULL,"49","9720","13342","864","py3","1775955798.909500000","1",NULL,NULL,"86858","mycode.py",NULL,"team page"
"86859",NULL,"49","10003","14138","862","cpp","1775955802.768700000","1",NULL,NULL,"86859",NULL,NULL,"team page"
"86860",NULL,"49","9947","13998","872","cpp","1775955804.257200000","1",NULL,NULL,"86860",NULL,NULL,"team page"
"86861",NULL,"49","9361","12264","873","py3","1775955804.829600000","1",NULL,NULL,"86861","splitters2_template.py",NULL,"team page"
"86862",NULL,"49","10060","14299","862","java","1775955805.194300000","1",NULL,NULL,"86862","laser",NULL,"team page"
"86863",NULL,"49","9355","12248","865","py3","1775955805.250300000","1",NULL,NULL,"86863","grid_template.py",NULL,"team page"
"86864",NULL,"49","9296","12070","877","cpp","1775955810.099700000","1",NULL,NULL,"86864",NULL,NULL,"team page"
"86865",NULL,"49","9882","13825","862","cpp","1775955810.334900000","1",NULL,NULL,"86865",NULL,NULL,"team page"
"86866",NULL,"49","9886","13837","862","java","1775955810.693100000","1",NULL,NULL,"86866","problem4",NULL,"team page"
"86867",NULL,"49","9726","13360","866","py3","1775955811.269600000","1",NULL,NULL,"86867","shadows.py",NULL,"team page"
"86868",NULL,"49","9633","13080","870","cpp","1775955813.329600000","1",NULL,NULL,"86868",NULL,NULL,"team page"
"86869",NULL,"49","9716","13329","864","py3","1775955814.547000000","1",NULL,NULL,"86869","grid_template.py",NULL,"team page"
"86870",NULL,"49","9722","13348","863","py3","1775955815.279200000","1",NULL,NULL,"86870","clc4.py",NULL,"team page"
"86871",NULL,"49","9858","13755","869","py3","1775955815.657500000","1",NULL,NULL,"86871","81.py",NULL,"team page"
"86872",NULL,"49","9485","12636","868","cpp","1775955815.831300000","1",NULL,NULL,"86872",NULL,NULL,"team page"
"86873",NULL,"49","9793","13559","873","cpp","1775955817.977700000","1",NULL,NULL,"86873",NULL,NULL,"team page"
"86874",NULL,"49","9624","13053","861","pypy3","1775955818.719800000","1",NULL,NULL,"86874","task3.py",NULL,"team page"
"86875",NULL,"49","9868","13783","860","py3","1775955819.793100000","1",NULL,NULL,"86875","nah.py",NULL,"team page"
"86876",NULL,"49","10015","14175","872","py3","1775955820.134000000","1",NULL,NULL,"86876","Calico_9.py",NULL,"team page"
"86877",NULL,"49","9816","13627","865","py3","1775955820.345400000","1",NULL,NULL,"86877","prob3.py",NULL,"team page"
"86878",NULL,"49","10034","14221","864","py3","1775955826.600600000","1",NULL,NULL,"86878","grid.py",NULL,"team page"
"86879",NULL,"49","9525","12756","863","py3","1775955830.036700000","1",NULL,NULL,"86879","4.py",NULL,"team page"
"86880",NULL,"49","9525","12756","863","py3","1775955830.283500000","1",NULL,NULL,"86880","4.py",NULL,"team page"
"86881",NULL,"49","9671","13195","867","pypy3","1775955833.018800000","1",NULL,NULL,"86881","cross_template.py",NULL,"team page"
"86882",NULL,"49","9331","12174","867","cpp","1775955833.338600000","1",NULL,NULL,"86882",NULL,NULL,"team page"
"86883",NULL,"49","10015","14174","864","py3","1775955835.902200000","1",NULL,NULL,"86883","main.py",NULL,"team page"
"86884",NULL,"49","10016","14178","868","py3","1775955838.593300000","1",NULL,NULL,"86884","mycelium.py",NULL,"team page"
"86885",NULL,"49","9574","12903","869","py3","1775955840.514400000","1",NULL,NULL,"86885","lastshot.py",NULL,"team page"
"86886",NULL,"49","9279","12018","863","cpp","1775955843.636800000","1",NULL,NULL,"86886",NULL,NULL,"team page"
"86887",NULL,"49","9716","13329","864","py3","1775955846.718300000","1",NULL,NULL,"86887","grid_template.py",NULL,"team page"
"86888",NULL,"49","9631","13074","860","cpp","1775955847.396800000","1",NULL,NULL,"86888",NULL,NULL,"team page"
"86889",NULL,"49","9232","11878","866","java","1775955848.041300000","1",NULL,NULL,"86889","SolutionProblem6",NULL,"team page"
"86890",NULL,"49","9421","12446","865","cpp","1775955850.290100000","1",NULL,NULL,"86890",NULL,NULL,"team page"
"86891",NULL,"49","9566","12881","872","cpp","1775955851.409600000","1",NULL,NULL,"86891",NULL,NULL,"team page"
"86892",NULL,"49","9614","13023","869","pypy3","1775955853.635500000","1",NULL,NULL,"86892","main.py",NULL,"team page"
"86893",NULL,"49","9270","11991","872","cpp","1775955854.733500000","1",NULL,NULL,"86893",NULL,NULL,"team page"
"86894",NULL,"49","9523","12750","866","py3","1775955854.882800000","1",NULL,NULL,"86894","shadows.py",NULL,"team page"
"86895",NULL,"49","9373","12301","864","cpp","1775955857.220700000","1",NULL,NULL,"86895",NULL,NULL,"team page"
"86896",NULL,"49","9632","13077","867","cpp","1775955860.599400000","1",NULL,NULL,"86896",NULL,NULL,"team page"
"86897",NULL,"49","9988","14093","864","cpp","1775955864.273100000","1",NULL,NULL,"86897",NULL,NULL,"team page"
"86898",NULL,"49","9366","12279","868","pypy3","1775955866.408600000","1",NULL,NULL,"86898","p8.py",NULL,"team page"
"86899",NULL,"49","9886","13838","872","cpp","1775955872.020400000","1",NULL,NULL,"86899",NULL,NULL,"team page"
"86900",NULL,"49","10060","14299","862","java","1775955872.599100000","1",NULL,NULL,"86900","laser",NULL,"team page"
"86901",NULL,"49","9485","12636","869","cpp","1775955875.846200000","1",NULL,NULL,"86901",NULL,NULL,"team page"
"86902",NULL,"49","9856","13747","872","py3","1775955876.519000000","1",NULL,NULL,"86902","splitters_template.py",NULL,"team page"
"86903",NULL,"49","9373","12301","865","cpp","1775955876.542200000","1",NULL,NULL,"86903",NULL,NULL,"team page"
"86904",NULL,"49","9480","12621","860","py3","1775955878.680200000","1",NULL,NULL,"86904","nah_template.py",NULL,"team page"
"86905",NULL,"49","9816","13628","866","pypy3","1775955878.869800000","1",NULL,NULL,"86905","shadows_template.py",NULL,"team page"
"86906",NULL,"49","9405","12396","860","py3","1775955880.808300000","1",NULL,NULL,"86906","nah_template.py",NULL,"team page"
"86907",NULL,"49","9824","13652","860","py3","1775955881.942900000","1",NULL,NULL,"86907","nah_template.py",NULL,"team page"
"86908",NULL,"49","9722","13347","866","py3","1775955882.339000000","1",NULL,NULL,"86908","cave.py",NULL,"team page"
"86909",NULL,"49","9564","12873","865","cpp","1775955883.108700000","1",NULL,NULL,"86909",NULL,NULL,"team page"
"86910",NULL,"49","9917","13909","868","py3","1775955883.293100000","1",NULL,NULL,"86910","8.py",NULL,"team page"
"86911",NULL,"49","9600","12981","881","cpp","1775955883.550400000","1",NULL,NULL,"86911",NULL,NULL,"team page"
"86912",NULL,"49","9240","11901","869","cpp","1775955884.883300000","1",NULL,NULL,"86912",NULL,NULL,"team page"
"86913",NULL,"49","9699","13278","865","cpp","1775955885.671400000","1",NULL,NULL,"86913",NULL,NULL,"team page"
"86914",NULL,"49","9658","13157","877","cpp","1775955885.904900000","1",NULL,NULL,"86914",NULL,NULL,"team page"
"86915",NULL,"49","9899","13878","864","java","1775955888.890700000","1",NULL,NULL,"86915","JoshContext041207",NULL,"team page"
"86916",NULL,"49","9296","12070","877","cpp","1775955891.171500000","1",NULL,NULL,"86916",NULL,NULL,"team page"
"86917",NULL,"49","9270","11991","872","cpp","1775955891.544400000","1",NULL,NULL,"86917",NULL,NULL,"team page"
"86918",NULL,"49","9791","13552","864","py3","1775955892.464200000","1",NULL,NULL,"86918","calicoproblem5.py",NULL,"team page"
"86919",NULL,"49","9339","12198","864","py3","1775955897.627500000","1",NULL,NULL,"86919","prob5.py",NULL,"team page"
"86920",NULL,"49","9718","13336","860","py3","1775955899.086700000","1",NULL,NULL,"86920","4.py",NULL,"team page"
"86921",NULL,"49","9892","13857","867","pypy3","1775955905.068700000","1",NULL,NULL,"86921","cross_template.py",NULL,"team page"
"86922",NULL,"49","9900","13879","860","cpp","1775955906.175600000","1",NULL,NULL,"86922",NULL,NULL,"team page"
"86923",NULL,"49","9570","12891","859","py3","1775955908.570000000","1",NULL,NULL,"86923","piezoelectric_template.py",NULL,"team page"
"86924",NULL,"49","9996","14118","866","py3","1775955909.165800000","1",NULL,NULL,"86924","answer6.py",NULL,"team page"
"86925",NULL,"49","10062","14305","861","py3","1775955909.974200000","1",NULL,NULL,"86925","files.py",NULL,"team page"
"86926",NULL,"49","10084","14353","859","py3","1775955911.972900000","1",NULL,NULL,"86926","ProgramOne.py",NULL,"team page"
"86927",NULL,"49","9389","12348","865","py3","1775955916.979700000","1",NULL,NULL,"86927","solution.py",NULL,"team page"
"86928",NULL,"49","9933","13957","865","cpp","1775955924.076700000","1",NULL,NULL,"86928",NULL,NULL,"team page"
"86929",NULL,"49","9857","13750","866","pypy3","1775955924.364800000","1",NULL,NULL,"86929","6.py",NULL,"team page"
"86930",NULL,"49","9803","13590","863","py3","1775955926.054300000","1",NULL,NULL,"86930","problem4b1.py",NULL,"team page"
"86931",NULL,"49","9736","13391","862","py3","1775955926.251100000","1",NULL,NULL,"86931","4.py",NULL,"team page"
"86932",NULL,"49","9582","12929","861","py3","1775955927.224200000","1",NULL,NULL,"86932","files.py",NULL,"team page"
"86933",NULL,"49","9737","13393","860","pypy3","1775955927.309400000","1",NULL,NULL,"86933","question_2.py",NULL,"team page"
"86934",NULL,"49","9718","13337","866","py3","1775955928.756700000","1",NULL,NULL,"86934","p6.py",NULL,"team page"
"86935",NULL,"49","9331","12174","867","cpp","1775955931.514200000","1",NULL,NULL,"86935",NULL,NULL,"team page"
"86936",NULL,"49","9502","12687","877","java","1775955932.394600000","1",NULL,NULL,"86936","q11",NULL,"team page"
"86937",NULL,"49","9313","12120","867","py3","1775955932.438700000","1",NULL,NULL,"86937","drfvfefefefer.py",NULL,"team page"
"86938",NULL,"49","9258","11956","870","cpp","1775955934.170400000","1",NULL,NULL,"86938",NULL,NULL,"team page"
"86939",NULL,"49","10095","14388","866","py3","1775955935.400000000","1",NULL,NULL,"86939","shadows_template.py",NULL,"team page"
"86940",NULL,"49","10034","14221","861","py3","1775955938.601200000","1",NULL,NULL,"86940","files.py",NULL,"team page"
"86941",NULL,"49","9673","13200","861","java","1775955940.298500000","1",NULL,NULL,"86941",NULL,NULL,"team page"
"86942",NULL,"49","10015","14175","872","py3","1775955941.764400000","1",NULL,NULL,"86942","Calico_9.py",NULL,"team page"
"86943",NULL,"49","9628","13067","860","py3","1775955942.276800000","1",NULL,NULL,"86943","nah_template.py",NULL,"team page"
"86944",NULL,"49","10016","14177","872","cpp","1775955943.480400000","1",NULL,NULL,"86944",NULL,NULL,"team page"
"86945",NULL,"49","9830","13670","868","pypy3","1775955944.063200000","1",NULL,NULL,"86945","g.grass.py",NULL,"team page"
"86946",NULL,"49","9376","12310","872","cpp","1775955945.430900000","1",NULL,NULL,"86946",NULL,NULL,"team page"
"86947",NULL,"49","9408","12406","866","cpp","1775955945.709800000","1",NULL,NULL,"86947",NULL,NULL,"team page"
"86948",NULL,"49","9516","12730","864","py3","1775955946.672900000","1",NULL,NULL,"86948","veryredacted.py",NULL,"team page"
"86949",NULL,"49","9502","12688","871","java","1775955961.311600000","1",NULL,NULL,"86949","UCB",NULL,"team page"
"86950",NULL,"49","9632","13078","862","cpp","1775955962.868800000","1",NULL,NULL,"86950",NULL,NULL,"team page"
"86951",NULL,"49","9882","13825","862","cpp","1775955966.848600000","1",NULL,NULL,"86951",NULL,NULL,"team page"
"86952",NULL,"49","9786","13539","868","py3","1775955968.043600000","1",NULL,NULL,"86952","mycelium_mine.py",NULL,"team page"
"86953",NULL,"49","9302","12088","869","py3","1775955968.726400000","1",NULL,NULL,"86953","mycelium_template.py",NULL,"team page"
"86954",NULL,"49","9201","11784","879","py3","1775955973.071800000","1",NULL,NULL,"86954","problem_12t.py",NULL,"team page"
"86955",NULL,"49","10051","14273","869","py3","1775955973.578600000","1",NULL,NULL,"86955","ucb.py",NULL,"team page"
"86956",NULL,"49","9328","12166","862","cpp","1775955975.292300000","1",NULL,NULL,"86956",NULL,NULL,"team page"
"86957",NULL,"49","9391","12356","867","py3","1775955977.820700000","1",NULL,NULL,"86957","cross_template.py",NULL,"team page"
"86958",NULL,"49","10006","14148","864","java","1775955978.926200000","1",NULL,NULL,"86958","UKCC.Main",NULL,"team page"
"86959",NULL,"49","9722","13348","863","py3","1775955980.425600000","1",NULL,NULL,"86959","clc4.py",NULL,"team page"
"86960",NULL,"49","9587","12943","872","cpp","1775955982.529600000","1",NULL,NULL,"86960",NULL,NULL,"team page"
"86961",NULL,"49","9830","13670","868","pypy3","1775955983.349600000","1",NULL,NULL,"86961","g.grass.py",NULL,"team page"
"86962",NULL,"49","9298","12077","862","cpp","1775955983.403700000","1",NULL,NULL,"86962",NULL,NULL,"team page"
"86963",NULL,"49","9710","13311","872","cpp","1775955985.550400000","1",NULL,NULL,"86963",NULL,NULL,"team page"
"86964",NULL,"49","9936","13965","866","cpp","1775955990.188000000","1",NULL,NULL,"86964",NULL,NULL,"team page"
"86965",NULL,"49","9786","13540","863","py3","1775955992.166400000","1",NULL,NULL,"86965","laser_bonus.py",NULL,"team page"
"86966",NULL,"49","9282","12027","865","cpp","1775955995.180900000","1",NULL,NULL,"86966",NULL,NULL,"team page"
"86967",NULL,"49","9762","13467","861","py3","1775955997.248900000","1",NULL,NULL,"86967","files_template.py",NULL,"team page"
"86968",NULL,"49","9734","13385","872","py3","1775955997.943600000","1",NULL,NULL,"86968","9.py",NULL,"team page"
"86969",NULL,"49","9646","13120","859","cpp","1775955997.957700000","1",NULL,NULL,"86969",NULL,NULL,"team page"
"86970",NULL,"49","9717","13332","873","cpp","1775955999.048100000","1",NULL,NULL,"86970",NULL,NULL,"team page"
"86971",NULL,"49","9891","13853","866","cpp","1775955999.079000000","1",NULL,NULL,"86971",NULL,NULL,"team page"
"86972",NULL,"49","9333","12181","869","cpp","1775956000.197800000","1",NULL,NULL,"86972",NULL,NULL,"team page"
"86973",NULL,"49","9431","12474","867","py3","1775956000.221600000","1",NULL,NULL,"86973","calico.py",NULL,"team page"
"86974",NULL,"49","9779","13518","868","cpp","1775956000.917900000","1",NULL,NULL,"86974",NULL,NULL,"team page"
"86975",NULL,"49","9566","12881","872","cpp","1775956002.203100000","1",NULL,NULL,"86975",NULL,NULL,"team page"
"86976",NULL,"49","9818","13635","877","cpp","1775956004.648000000","1",NULL,NULL,"86976",NULL,NULL,"team page"
"86977",NULL,"49","9257","11953","860","py3","1775956006.205700000","1",NULL,NULL,"86977","nah_template.py",NULL,"team page"
"86978",NULL,"49","9392","12357","867","cpp","1775956006.685100000","1",NULL,NULL,"86978",NULL,NULL,"team page"
"86979",NULL,"49","9716","13329","864","py3","1775956007.572400000","1",NULL,NULL,"86979","grid_template.py",NULL,"team page"
"86980",NULL,"49","9658","13157","880","cpp","1775956007.683900000","1",NULL,NULL,"86980",NULL,NULL,"team page"
"86981",NULL,"49","9850","13729","867","py3","1775956008.713300000","1",NULL,NULL,"86981","cross_template.py",NULL,"team page"
"86982",NULL,"49","9816","13628","869","pypy3","1775956009.009800000","1",NULL,NULL,"86982","shadows_template.py",NULL,"team page"
"86983",NULL,"49","9418","12435","859","pypy3","1775956011.277600000","1",NULL,NULL,"86983","piezoelectric_template.py",NULL,"team page"
"86984",NULL,"49","9726","13360","866","py3","1775956012.452700000","1",NULL,NULL,"86984","shadows.py",NULL,"team page"
"86985",NULL,"49","9615","13026","873","py3","1775956013.048200000","1",NULL,NULL,"86985","q3.py",NULL,"team page"
"86986",NULL,"49","9905","13895","866","py3","1775956015.176900000","1",NULL,NULL,"86986","shadows.py",NULL,"team page"
"86987",NULL,"49","9465","12576","866","cpp","1775956015.837500000","1",NULL,NULL,"86987",NULL,NULL,"team page"
"86988",NULL,"49","9508","12705","862","cpp","1775956015.895400000","1",NULL,NULL,"86988",NULL,NULL,"team page"
"86989",NULL,"49","9744","13415","862","cpp","1775956017.773900000","1",NULL,NULL,"86989",NULL,NULL,"team page"
"86990",NULL,"49","10035","14225","877","py3","1775956018.189000000","1",NULL,NULL,"86990","lectures-3.py",NULL,"team page"
"86991",NULL,"49","9261","11964","862","py3","1775956018.254100000","1",NULL,NULL,"86991","laser_template.py",NULL,"team page"
"86992",NULL,"49","9339","12198","865","py3","1775956020.192800000","1",NULL,NULL,"86992","prob5.py",NULL,"team page"
"86993",NULL,"49","9350","12231","877","py3","1775956021.925000000","1",NULL,NULL,"86993","Problem11.py",NULL,"team page"
"86994",NULL,"49","9313","12120","867","pypy3","1775956023.408600000","1",NULL,NULL,"86994","fvdkmfkmnfdckncfdjkcdskjcjkds.py",NULL,"team page"
"86995",NULL,"49","10068","14323","864","py3","1775956025.900000000","1",NULL,NULL,"86995","grid.py",NULL,"team page"
"86996",NULL,"49","9777","13513","872","cpp","1775956026.234700000","1",NULL,NULL,"86996",NULL,NULL,"team page"
"86997",NULL,"49","9423","12452","864","cpp","1775956028.823500000","1",NULL,NULL,"86997",NULL,NULL,"team page"
"86998",NULL,"49","9551","12836","868","cpp","1775956030.859100000","1",NULL,NULL,"86998",NULL,NULL,"team page"
"86999",NULL,"49","9658","13157","881","cpp","1775956031.606900000","1",NULL,NULL,"86999",NULL,NULL,"team page"
"87000",NULL,"49","9638","13096","867","cpp","1775956033.137700000","1",NULL,NULL,"87000",NULL,NULL,"team page"
"87001",NULL,"49","9873","13800","863","py3","1775956034.090800000","1",NULL,NULL,"87001","laser_template.py",NULL,"team page"
"87002",NULL,"49","9417","12432","864","cpp","1775956036.210300000","1",NULL,NULL,"87002",NULL,NULL,"team page"
"87003",NULL,"49","10012","14165","867","pypy3","1775956038.753000000","1",NULL,NULL,"87003","cross_template.py",NULL,"team page"
"87004",NULL,"49","9633","13080","870","cpp","1775956039.757300000","1",NULL,NULL,"87004",NULL,NULL,"team page"
"87005",NULL,"49","9818","13635","877","cpp","1775956041.455500000","1",NULL,NULL,"87005",NULL,NULL,"team page"
"87006",NULL,"49","9610","13011","861","pypy3","1775956041.949600000","1",NULL,NULL,"87006","files_problem.py",NULL,"team page"
"87007",NULL,"49","9928","13943","879","cpp","1775956042.539700000","1",NULL,NULL,"87007",NULL,NULL,"team page"
"87008",NULL,"49","9639","13099","870","cpp","1775956044.487000000","1",NULL,NULL,"87008",NULL,NULL,"team page"
"87009",NULL,"49","10054","14281","860","py3","1775956046.663900000","1",NULL,NULL,"87009","p2new_.py",NULL,"team page"
"87010",NULL,"49","9786","13539","869","py3","1775956050.464600000","1",NULL,NULL,"87010","mycelium_mine.py",NULL,"team page"
"87011",NULL,"49","9296","12070","877","cpp","1775956053.126000000","1",NULL,NULL,"87011",NULL,NULL,"team page"
"87012",NULL,"49","9582","12928","866","py3","1775956056.928600000","1",NULL,NULL,"87012","shadows_template.py",NULL,"team page"
"87013",NULL,"49","9806","13599","868","cpp","1775956058.851600000","1",NULL,NULL,"87013",NULL,NULL,"team page"
"87014",NULL,"49","9892","13856","867","cpp","1775956060.496200000","1",NULL,NULL,"87014",NULL,NULL,"team page"
"87015",NULL,"49","9417","12432","865","cpp","1775956066.847900000","1",NULL,NULL,"87015",NULL,NULL,"team page"
"87016",NULL,"49","9490","12653","861","cpp","1775956068.223600000","1",NULL,NULL,"87016",NULL,NULL,"team page"
"87017",NULL,"49","9818","13635","878","cpp","1775956069.174100000","1",NULL,NULL,"87017",NULL,NULL,"team page"
"87018",NULL,"49","9673","13202","861","java","1775956071.441000000","1",NULL,NULL,"87018","Solution",NULL,"team page"
"87019",NULL,"49","9586","12939","862","py3","1775956072.213200000","1",NULL,NULL,"87019","laser_template.py",NULL,"team page"
"87020",NULL,"49","9626","13060","864","cpp","1775956072.850700000","1",NULL,NULL,"87020",NULL,NULL,"team page"
"87021",NULL,"49","9928","13942","877","cpp","1775956072.896400000","1",NULL,NULL,"87021",NULL,NULL,"team page"
"87022",NULL,"49","9658","13157","863","cpp","1775956073.168500000","1",NULL,NULL,"87022",NULL,NULL,"team page"
"87023",NULL,"49","9736","13391","861","py3","1775956078.744500000","1",NULL,NULL,"87023","3.py",NULL,"team page"
"87024",NULL,"49","9282","12028","862","py3","1775956087.531400000","1",NULL,NULL,"87024","4.py",NULL,"team page"
"87025",NULL,"49","9503","12691","867","cpp","1775956088.445100000","1",NULL,NULL,"87025",NULL,NULL,"team page"
"87026",NULL,"49","9559","12859","866","py3","1775956090.504900000","1",NULL,NULL,"87026","P6.py",NULL,"team page"
"87027",NULL,"49","10012","14165","867","pypy3","1775956092.563500000","1",NULL,NULL,"87027","cross_template.py",NULL,"team page"
"87028",NULL,"49","10012","14165","867","pypy3","1775956092.741700000","1",NULL,NULL,"87028","cross_template.py",NULL,"team page"
"87029",NULL,"49","10012","14165","867","pypy3","1775956092.929200000","1",NULL,NULL,"87029","cross_template.py",NULL,"team page"
"87030",NULL,"49","9516","12729","864","cpp","1775956093.791000000","1",NULL,NULL,"87030",NULL,NULL,"team page"
"87031",NULL,"49","9876","13807","869","py3","1775956100.779800000","1",NULL,NULL,"87031","grass_1.py",NULL,"team page"
"87032",NULL,"49","9232","11877","864","pypy3","1775956101.343400000","1",NULL,NULL,"87032","prob-grid_main_template.py",NULL,"team page"
"87033",NULL,"49","9707","13303","862","py3","1775956105.507800000","1",NULL,NULL,"87033","laser_template.py",NULL,"team page"
"87034",NULL,"49","9635","13086","866","cpp","1775956107.521700000","1",NULL,NULL,"87034",NULL,NULL,"team page"
"87035",NULL,"49","9389","12348","878","cpp","1775956107.819900000","1",NULL,NULL,"87035",NULL,NULL,"team page"
"87036",NULL,"49","9680","13223","869","cpp","1775956108.279900000","1",NULL,NULL,"87036",NULL,NULL,"team page"
"87037",NULL,"49","9708","13305","872","py3","1775956108.619700000","1",NULL,NULL,"87037","problem9.py",NULL,"team page"
"87038",NULL,"49","9599","12978","863","py3","1775956111.309900000","1",NULL,NULL,"87038","solve.py",NULL,"team page"
"87039",NULL,"49","9343","12212","863","java","1775956111.611500000","1",NULL,NULL,"87039","Laser",NULL,"team page"
"87040",NULL,"49","9806","13599","868","cpp","1775956112.290500000","1",NULL,NULL,"87040",NULL,NULL,"team page"
"87041",NULL,"49","9854","13742","862","py3","1775956112.291000000","1",NULL,NULL,"87041","3.py",NULL,"team page"
"87042",NULL,"49","10057","14290","868","pypy3","1775956112.974900000","1",NULL,NULL,"87042","eight.py",NULL,"team page"
"87043",NULL,"49","9272","11997","860","py3","1775956113.072600000","1",NULL,NULL,"87043","PLEASEEE.py",NULL,"team page"
"87044",NULL,"49","9816","13628","869","pypy3","1775956114.225600000","1",NULL,NULL,"87044","shadows_template.py",NULL,"team page"
"87045",NULL,"49","9465","12577","868","cpp","1775956115.935300000","1",NULL,NULL,"87045",NULL,NULL,"team page"
"87046",NULL,"49","9619","13038","868","cpp","1775956116.413000000","1",NULL,NULL,"87046",NULL,NULL,"team page"
"87047",NULL,"49","9886","13837","862","java","1775956116.996000000","1",NULL,NULL,"87047",NULL,NULL,"team page"
"87048",NULL,"49","9361","12264","873","py3","1775956117.147500000","1",NULL,NULL,"87048","splitters2_template.py",NULL,"team page"
"87049",NULL,"49","9312","12118","872","cpp","1775956117.774500000","1",NULL,NULL,"87049",NULL,NULL,"team page"
"87050",NULL,"49","9949","14005","862","py3","1775956118.976800000","1",NULL,NULL,"87050","CalicoSetlaser.py",NULL,"team page"
"87051",NULL,"49","9486","12639","872","cpp","1775956119.911800000","1",NULL,NULL,"87051",NULL,NULL,"team page"
"87052",NULL,"49","9712","13318","863","cpp","1775956120.009000000","1",NULL,NULL,"87052",NULL,NULL,"team page"
"87053",NULL,"49","9688","13246","862","py3","1775956121.404200000","1",NULL,NULL,"87053","4.py",NULL,"team page"
"87054",NULL,"49","9551","12836","868","cpp","1775956124.532500000","1",NULL,NULL,"87054",NULL,NULL,"team page"
"87055",NULL,"49","9938","13971","869","cpp","1775956125.839000000","1",NULL,NULL,"87055",NULL,NULL,"team page"
"87056",NULL,"49","9700","13282","872","cpp","1775956127.849700000","1",NULL,NULL,"87056",NULL,NULL,"team page"
"87057",NULL,"49","9993","14110","862","cpp","1775956128.187900000","1",NULL,NULL,"87057",NULL,NULL,"team page"
"87058",NULL,"49","9988","14093","864","cpp","1775956130.058000000","1",NULL,NULL,"87058",NULL,NULL,"team page"
"87059",NULL,"49","9720","13342","864","py3","1775956130.078000000","1",NULL,NULL,"87059","mycode.py",NULL,"team page"
"87060",NULL,"49","9600","12981","870","cpp","1775956130.834300000","1",NULL,NULL,"87060",NULL,NULL,"team page"
"87061",NULL,"49","10050","14269","862","pypy3","1775956131.757000000","1",NULL,NULL,"87061","laser_main1.py",NULL,"team page"
"87062",NULL,"49","9666","13179","865","cpp","1775956132.766700000","1",NULL,NULL,"87062",NULL,NULL,"team page"
"87063",NULL,"49","9726","13360","865","py3","1775956136.404900000","1",NULL,NULL,"87063","gridbonus.py",NULL,"team page"
"87064",NULL,"49","10015","14175","872","py3","1775956136.422600000","1",NULL,NULL,"87064","Calico_9.py",NULL,"team page"
"87065",NULL,"49","9749","13429","864","cpp","1775956136.887500000","1",NULL,NULL,"87065",NULL,NULL,"team page"
"87066",NULL,"49","9516","12729","865","cpp","1775956138.938700000","1",NULL,NULL,"87066",NULL,NULL,"team page"
"87067",NULL,"49","10015","14175","872","py3","1775956139.531000000","1",NULL,NULL,"87067","Calico_9.py",NULL,"team page"
"87068",NULL,"49","9465","12577","869","cpp","1775956140.314700000","1",NULL,NULL,"87068",NULL,NULL,"team page"
"87069",NULL,"49","9638","13095","873","cpp","1775956141.053800000","1",NULL,NULL,"87069",NULL,NULL,"team page"
"87070",NULL,"49","10015","14175","872","py3","1775956142.378200000","1",NULL,NULL,"87070","Calico_9.py",NULL,"team page"
"87071",NULL,"49","10015","14175","872","py3","1775956142.630400000","1",NULL,NULL,"87071","Calico_9.py",NULL,"team page"
"87072",NULL,"49","9343","12212","862","java","1775956144.358600000","1",NULL,NULL,"87072","Laser",NULL,"team page"
"87073",NULL,"49","9393","12361","863","pypy3","1775956146.695100000","1",NULL,NULL,"87073","laser_template.py",NULL,"team page"
"87074",NULL,"49","9636","13091","867","cpp","1775956147.840700000","1",NULL,NULL,"87074",NULL,NULL,"team page"
"87075",NULL,"49","10068","14323","879","py3","1775956147.998600000","1",NULL,NULL,"87075","easy_main.py",NULL,"team page"
"87076",NULL,"49","9717","13334","879","cpp","1775956151.570200000","1",NULL,NULL,"87076",NULL,NULL,"team page"
"87077",NULL,"49","9993","14108","861","cpp","1775956151.868900000","1",NULL,NULL,"87077",NULL,NULL,"team page"
"87078",NULL,"49","9319","12138","867","py3","1775956153.682400000","1",NULL,NULL,"87078","cross_template.py",NULL,"team page"
"87079",NULL,"49","9667","13182","866","py3","1775956154.036700000","1",NULL,NULL,"87079","shadows_template.py",NULL,"team page"
"87080",NULL,"49","9663","13171","861","pypy3","1775956156.346000000","1",NULL,NULL,"87080","calico_prob_no_3.py",NULL,"team page"
"87081",NULL,"49","9631","13074","861","cpp","1775956157.059600000","1",NULL,NULL,"87081",NULL,NULL,"team page"
"87082",NULL,"49","10039","14236","859","pypy3","1775956159.182700000","1",NULL,NULL,"87082","0001.py",NULL,"team page"
"87083",NULL,"49","10016","14178","868","py3","1775956159.263700000","1",NULL,NULL,"87083","mycelium.py",NULL,"team page"
"87084",NULL,"49","9716","13329","864","py3","1775956159.857400000","1",NULL,NULL,"87084","grid_template.py",NULL,"team page"
"87085",NULL,"49","9313","12121","865","cpp","1775956160.028500000","1",NULL,NULL,"87085",NULL,NULL,"team page"
"87086",NULL,"49","9975","14054","860","java","1775956161.055300000","1",NULL,NULL,"87086","Main",NULL,"team page"
"87087",NULL,"49","9366","12279","868","pypy3","1775956162.710300000","1",NULL,NULL,"87087","p8.py",NULL,"team page"
"87088",NULL,"49","9393","12360","865","pypy3","1775956163.733400000","1",NULL,NULL,"87088","p5.py",NULL,"team page"
"87089",NULL,"49","10015","14174","865","py3","1775956165.881100000","1",NULL,NULL,"87089","main.py",NULL,"team page"
"87090",NULL,"49","9436","12489","864","java","1775956166.306500000","1",NULL,NULL,"87090","Q5",NULL,"team page"
"87091",NULL,"49","9503","12690","866","cpp","1775956167.001400000","1",NULL,NULL,"87091",NULL,NULL,"team page"
"87092",NULL,"49","10035","14224","864","cpp","1775956170.737600000","1",NULL,NULL,"87092",NULL,NULL,"team page"
"87093",NULL,"49","9302","12089","868","py3","1775956171.734700000","1",NULL,NULL,"87093","mycelium_template.py",NULL,"team page"
"87094",NULL,"49","9680","13223","869","cpp","1775956173.364500000","1",NULL,NULL,"87094",NULL,NULL,"team page"
"87095",NULL,"49","9465","12577","870","cpp","1775956176.838100000","1",NULL,NULL,"87095",NULL,NULL,"team page"
"87096",NULL,"49","9807","13600","864","py3","1775956182.233600000","1",NULL,NULL,"87096","problem5.py",NULL,"team page"
"87097",NULL,"49","9891","13853","866","cpp","1775956187.077600000","1",NULL,NULL,"87097",NULL,NULL,"team page"
"87098",NULL,"49","9982","14076","872","cpp","1775956189.458000000","1",NULL,NULL,"87098",NULL,NULL,"team page"
"87099",NULL,"49","9806","13599","869","cpp","1775956190.957100000","1",NULL,NULL,"87099",NULL,NULL,"team page"
"87100",NULL,"49","10097","14394","872","py3","1775956191.237600000","1",NULL,NULL,"87100","main.py",NULL,"team page"
"87101",NULL,"49","9253","11940","873","cpp","1775956195.532100000","1",NULL,NULL,"87101",NULL,NULL,"team page"
"87102",NULL,"49","9928","13943","879","cpp","1775956196.850100000","1",NULL,NULL,"87102",NULL,NULL,"team page"
"87103",NULL,"49","9435","12486","865","pypy3","1775956197.061000000","1",NULL,NULL,"87103","5_grid_bonus.py",NULL,"team page"
"87104",NULL,"49","9868","13783","860","py3","1775956200.192300000","1",NULL,NULL,"87104","nah.py",NULL,"team page"
"87105",NULL,"49","9336","12190","865","py3","1775956202.617300000","1",NULL,NULL,"87105","calcio5.py",NULL,"team page"
"87106",NULL,"49","10016","14178","868","py3","1775956204.783700000","1",NULL,NULL,"87106","mycelium.py",NULL,"team page"
"87107",NULL,"49","9835","13684","859","py3","1775956206.866900000","1",NULL,NULL,"87107","piezoelectric_template.py",NULL,"team page"
"87108",NULL,"49","10010","14159","860","py3","1775956214.910500000","1",NULL,NULL,"87108","nah_template.py",NULL,"team page"
"87109",NULL,"49","9499","12678","872","cpp","1775956214.999700000","1",NULL,NULL,"87109",NULL,NULL,"team page"
"87110",NULL,"49","9857","13750","866","pypy3","1775956218.248300000","1",NULL,NULL,"87110","6.py",NULL,"team page"
"87111",NULL,"49","9421","12444","863","cpp","1775956220.519600000","1",NULL,NULL,"87111",NULL,NULL,"team page"
"87112",NULL,"49","9997","14120","860","py3","1775956222.274500000","1",NULL,NULL,"87112","prob2.py",NULL,"team page"
"87113",NULL,"49","9619","13038","869","cpp","1775956223.777600000","1",NULL,NULL,"87113",NULL,NULL,"team page"
"87114",NULL,"49","9949","14005","862","py3","1775956224.846800000","1",NULL,NULL,"87114","CalicoSetlaser.py",NULL,"team page"
"87115",NULL,"49","10021","14192","864","py3","1775956227.483500000","1",NULL,NULL,"87115","calico5.py",NULL,"team page"
"87116",NULL,"49","9206","11800","877","cpp","1775956231.501400000","1",NULL,NULL,"87116",NULL,NULL,"team page"
"87117",NULL,"49","9886","13837","862","java","1775956231.671200000","1",NULL,NULL,"87117","problem4",NULL,"team page"
"87118",NULL,"49","9368","12287","868","cpp","1775956232.123400000","1",NULL,NULL,"87118",NULL,NULL,"team page"
"87119",NULL,"49","9298","12075","865","cpp","1775956235.977300000","1",NULL,NULL,"87119",NULL,NULL,"team page"
"87120",NULL,"49","9256","11949","867","py3","1775956236.444200000","1",NULL,NULL,"87120","problem7.py",NULL,"team page"
"87121",NULL,"49","10095","14387","867","py3","1775956237.012900000","1",NULL,NULL,"87121","cross_template.py",NULL,"team page"
"87122",NULL,"49","9314","12125","872","cpp","1775956237.301100000","1",NULL,NULL,"87122",NULL,NULL,"team page"
"87123",NULL,"49","10068","14323","865","py3","1775956237.882100000","1",NULL,NULL,"87123","grid_bonus.py",NULL,"team page"
"87124",NULL,"49","9937","13968","868","cpp","1775956242.435300000","1",NULL,NULL,"87124",NULL,NULL,"team page"
"87125",NULL,"49","10012","14165","864","pypy3","1775956242.685400000","1",NULL,NULL,"87125","grid_template.py",NULL,"team page"
"87126",NULL,"49","9737","13394","867","pypy3","1775956247.863100000","1",NULL,NULL,"87126","cross_main.py",NULL,"team page"
"87127",NULL,"49","9516","12731","872","cpp","1775956248.328200000","1",NULL,NULL,"87127",NULL,NULL,"team page"
"87128",NULL,"49","9368","12287","869","cpp","1775956253.400800000","1",NULL,NULL,"87128",NULL,NULL,"team page"
"87129",NULL,"49","9688","13246","863","py3","1775956255.563500000","1",NULL,NULL,"87129","4.py",NULL,"team page"
"87130",NULL,"49","9368","12285","872","cpp","1775956255.607200000","1",NULL,NULL,"87130",NULL,NULL,"team page"
"87131",NULL,"49","9279","12018","863","cpp","1775956256.321300000","1",NULL,NULL,"87131",NULL,NULL,"team page"
"87132",NULL,"49","9261","11965","861","pypy3","1775956257.262400000","1",NULL,NULL,"87132","calico3rd.py",NULL,"team page"
"87133",NULL,"49","9203","11792","863","cpp","1775956258.629200000","1",NULL,NULL,"87133",NULL,NULL,"team page"
"87134",NULL,"49","10034","14221","872","py3","1775956259.424800000","1",NULL,NULL,"87134","towng.py",NULL,"team page"
"87135",NULL,"49","10012","14165","879","pypy3","1775956260.882100000","1",NULL,NULL,"87135","multiplication_easy_template.py",NULL,"team page"
"87136",NULL,"49","9917","13910","862","py3","1775956261.824100000","1",NULL,NULL,"87136","main.py",NULL,"team page"
"87137",NULL,"49","9937","13968","869","cpp","1775956262.493300000","1",NULL,NULL,"87137",NULL,NULL,"team page"
"87138",NULL,"49","9603","12990","862","py3","1775956263.705700000","1",NULL,NULL,"87138","4main.py",NULL,"team page"
"87139",NULL,"49","9564","12875","863","cpp","1775956264.127500000","1",NULL,NULL,"87139",NULL,NULL,"team page"
"87140",NULL,"49","9598","12975","866","py3","1775956264.437600000","1",NULL,NULL,"87140","shadows_template.py",NULL,"team page"
"87141",NULL,"49","9322","12147","872","cpp","1775956264.535800000","1",NULL,NULL,"87141",NULL,NULL,"team page"
"87142",NULL,"49","9778","13515","862","py3","1775956268.029000000","1",NULL,NULL,"87142","laser_template.py",NULL,"team page"
"87143",NULL,"49","9796","13567","860","py3","1775956270.807200000","1",NULL,NULL,"87143","main.py",NULL,"team page"
"87144",NULL,"49","9711","13314","868","java","1775956271.424700000","1",NULL,NULL,"87144","Main",NULL,"team page"
"87145",NULL,"49","9712","13318","863","cpp","1775956271.806400000","1",NULL,NULL,"87145",NULL,NULL,"team page"
"87146",NULL,"49","10070","14329","872","cpp","1775956272.310300000","1",NULL,NULL,"87146",NULL,NULL,"team page"
"87147",NULL,"49","9676","13209","867","cpp","1775956272.915700000","1",NULL,NULL,"87147",NULL,NULL,"team page"
"87148",NULL,"49","9491","12655","873","cpp","1775956274.052800000","1",NULL,NULL,"87148",NULL,NULL,"team page"
"87149",NULL,"49","9516","12731","878","cpp","1775956275.158700000","1",NULL,NULL,"87149",NULL,NULL,"team page"
"87150",NULL,"49","9918","13911","864","rs","1775956277.822800000","1",NULL,NULL,"87150",NULL,NULL,"team page"
"87151",NULL,"49","9997","14120","863","py3","1775956278.292000000","1",NULL,NULL,"87151","prob4.py",NULL,"team page"
"87152",NULL,"49","9997","14120","863","py3","1775956279.299900000","1",NULL,NULL,"87152","prob4.py",NULL,"team page"
"87153",NULL,"49","9619","13039","866","cpp","1775956280.632100000","1",NULL,NULL,"87153",NULL,NULL,"team page"
"87154",NULL,"49","10086","14359","861","cpp","1775956281.994100000","1",NULL,NULL,"87154",NULL,NULL,"team page"
"87155",NULL,"49","9807","13600","865","py3","1775956282.996900000","1",NULL,NULL,"87155","problem5.py",NULL,"team page"
"87156",NULL,"49","9509","12709","859","py3","1775956283.167500000","1",NULL,NULL,"87156","problem1.py",NULL,"team page"
"87157",NULL,"49","10051","14273","869","py3","1775956284.458700000","1",NULL,NULL,"87157","ucb.py",NULL,"team page"
"87158",NULL,"49","9432","12477","872","cpp","1775956285.759900000","1",NULL,NULL,"87158",NULL,NULL,"team page"
"87159",NULL,"49","9582","12929","861","py3","1775956287.570500000","1",NULL,NULL,"87159","files.py",NULL,"team page"
"87160",NULL,"49","9994","14112","863","java","1775956290.513600000","1",NULL,NULL,"87160","Main",NULL,"team page"
"87161",NULL,"49","9328","12166","862","cpp","1775956290.879500000","1",NULL,NULL,"87161",NULL,NULL,"team page"
"87162",NULL,"49","9538","12795","859","py3","1775956292.879800000","1",NULL,NULL,"87162","piezoelectric_template.py",NULL,"team page"
"87163",NULL,"49","9658","13157","879","cpp","1775956293.837200000","1",NULL,NULL,"87163",NULL,NULL,"team page"
"87164",NULL,"49","9600","12981","868","cpp","1775956294.621200000","1",NULL,NULL,"87164",NULL,NULL,"team page"
"87165",NULL,"49","9889","13848","864","cpp","1775956294.706200000","1",NULL,NULL,"87165",NULL,NULL,"team page"
"87166",NULL,"49","10021","14192","864","py3","1775956295.463400000","1",NULL,NULL,"87166","calico5.py",NULL,"team page"
"87167",NULL,"49","9339","12198","865","py3","1775956297.517600000","1",NULL,NULL,"87167","prob5.py",NULL,"team page"
"87168",NULL,"49","9918","13911","865","rs","1775956298.975700000","1",NULL,NULL,"87168",NULL,NULL,"team page"
"87169",NULL,"49","9296","12070","877","cpp","1775956299.471800000","1",NULL,NULL,"87169",NULL,NULL,"team page"
"87170",NULL,"49","9548","12825","867","cpp","1775956299.620600000","1",NULL,NULL,"87170",NULL,NULL,"team page"
"87171",NULL,"49","9201","11784","879","py3","1775956299.872300000","1",NULL,NULL,"87171","problem_12t.py",NULL,"team page"
"87172",NULL,"49","10042","14247","865","cpp","1775956301.462300000","1",NULL,NULL,"87172",NULL,NULL,"team page"
"87173",NULL,"49","9936","13965","860","py3","1775956302.953200000","1",NULL,NULL,"87173","we.py",NULL,"team page"
"87174",NULL,"49","10015","14174","873","cpp","1775956302.966100000","1",NULL,NULL,"87174",NULL,NULL,"team page"
"87175",NULL,"49","9378","12317","872","py3","1775956304.840000000","1",NULL,NULL,"87175","splitters_template.py",NULL,"team page"
"87176",NULL,"49","9619","13038","869","cpp","1775956306.101800000","1",NULL,NULL,"87176",NULL,NULL,"team page"
"87177",NULL,"49","9576","12911","862","cpp","1775956306.334400000","1",NULL,NULL,"87177",NULL,NULL,"team page"
"87178",NULL,"49","9870","13791","860","pypy3","1775956309.170500000","1",NULL,NULL,"87178","solution.py",NULL,"team page"
"87179",NULL,"49","9779","13519","862","cpp","1775956309.737700000","1",NULL,NULL,"87179",NULL,NULL,"team page"
"87180",NULL,"49","9551","12836","868","cpp","1775956312.264700000","1",NULL,NULL,"87180",NULL,NULL,"team page"
"87181",NULL,"49","9309","12108","862","cpp","1775956318.753400000","1",NULL,NULL,"87181",NULL,NULL,"team page"
"87182",NULL,"49","9526","12759","877","cpp","1775956320.421600000","1",NULL,NULL,"87182",NULL,NULL,"team page"
"87183",NULL,"49","9526","12759","877","cpp","1775956321.489200000","1",NULL,NULL,"87183",NULL,NULL,"team page"
"87184",NULL,"49","9835","13684","859","py3","1775956322.880300000","1",NULL,NULL,"87184","piezoelectric_template.py",NULL,"team page"
"87185",NULL,"49","10016","14178","868","py3","1775956324.602800000","1",NULL,NULL,"87185","mycelium.py",NULL,"team page"
"87186",NULL,"49","9937","13968","869","cpp","1775956324.607900000","1",NULL,NULL,"87186",NULL,NULL,"team page"
"87187",NULL,"49","9816","13628","869","pypy3","1775956329.570200000","1",NULL,NULL,"87187","mycelium_template.py",NULL,"team page"
"87188",NULL,"49","9816","13628","869","pypy3","1775956330.349000000","1",NULL,NULL,"87188","mycelium_template.py",NULL,"team page"
"87189",NULL,"49","9257","11953","860","py3","1775956331.038300000","1",NULL,NULL,"87189","nah_template.py",NULL,"team page"
"87190",NULL,"49","9389","12348","873","c","1775956332.048900000","1",NULL,NULL,"87190",NULL,NULL,"team page"
"87191",NULL,"49","10007","14151","867","py3","1775956332.076800000","1",NULL,NULL,"87191","q6.py",NULL,"team page"
"87192",NULL,"49","9600","12981","869","cpp","1775956332.650000000","1",NULL,NULL,"87192",NULL,NULL,"team page"
"87193",NULL,"49","9717","13332","873","cpp","1775956336.321700000","1",NULL,NULL,"87193",NULL,NULL,"team page"
"87194",NULL,"49","9646","13120","860","cpp","1775956336.420700000","1",NULL,NULL,"87194",NULL,NULL,"team page"
"87195",NULL,"49","9625","13056","868","cpp","1775956336.765600000","1",NULL,NULL,"87195",NULL,NULL,"team page"
"87196",NULL,"49","9466","12579","868","cpp","1775956340.441600000","1",NULL,NULL,"87196",NULL,NULL,"team page"
"87197",NULL,"49","10055","14285","880","cpp","1775956346.245800000","1",NULL,NULL,"87197",NULL,NULL,"team page"
"87198",NULL,"49","9711","13314","869","java","1775956347.769500000","1",NULL,NULL,"87198","Main",NULL,"team page"
"87199",NULL,"49","9518","12735","859","py3","1775956348.498900000","1",NULL,NULL,"87199","C1.py",NULL,"team page"
"87200",NULL,"49","9455","12547","859","py3","1775956352.576000000","1",NULL,NULL,"87200","piezoelectric_template.py",NULL,"team page"
"87201",NULL,"49","9917","13908","872","cpp","1775956355.724800000","1",NULL,NULL,"87201",NULL,NULL,"team page"
"87202",NULL,"49","9850","13729","861","py3","1775956355.992800000","1",NULL,NULL,"87202","files_template.py",NULL,"team page"
"87203",NULL,"49","9574","12903","864","py3","1775956357.666600000","1",NULL,NULL,"87203","grid.py",NULL,"team page"
"87204",NULL,"49","9746","13419","879","cpp","1775956358.171600000","1",NULL,NULL,"87204",NULL,NULL,"team page"
"87205",NULL,"49","9917","13910","863","py3","1775956360.245800000","1",NULL,NULL,"87205","main.py",NULL,"team page"
"87206",NULL,"49","10008","14153","872","py3","1775956361.513000000","1",NULL,NULL,"87206","splitters_template.py",NULL,"team page"
"87207",NULL,"49","9292","12057","861","py3","1775956362.669300000","1",NULL,NULL,"87207","prob3.py",NULL,"team page"
"87208",NULL,"49","9988","14093","864","cpp","1775956366.268100000","1",NULL,NULL,"87208",NULL,NULL,"team page"
"87209",NULL,"49","10016","14179","865","pypy3","1775956367.076100000","1",NULL,NULL,"87209","Q5.py",NULL,"team page"
"87210",NULL,"49","9644","13114","868","cpp","1775956370.892300000","1",NULL,NULL,"87210",NULL,NULL,"team page"
"87211",NULL,"49","9516","12731","877","cpp","1775956371.517300000","1",NULL,NULL,"87211",NULL,NULL,"team page"
"87212",NULL,"49","9361","12264","877","py3","1775956371.624200000","1",NULL,NULL,"87212","lecture_template.py",NULL,"team page"
"87213",NULL,"49","9927","13939","862","java","1775956372.896300000","1",NULL,NULL,"87213",NULL,NULL,"team page"
"87214",NULL,"49","9625","13056","869","cpp","1775956377.761100000","1",NULL,NULL,"87214",NULL,NULL,"team page"
"87215",NULL,"49","10021","14192","864","py3","1775956378.440000000","1",NULL,NULL,"87215","calico5.py",NULL,"team page"
"87216",NULL,"49","9574","12903","865","py3","1775956378.771100000","1",NULL,NULL,"87216","grid.py",NULL,"team page"
"87217",NULL,"49","9877","13812","872","cpp","1775956378.937500000","1",NULL,NULL,"87217",NULL,NULL,"team page"
"87218",NULL,"49","9350","12231","877","py3","1775956381.298400000","1",NULL,NULL,"87218","Problem11.py",NULL,"team page"
"87219",NULL,"49","9746","13419","880","cpp","1775956381.692200000","1",NULL,NULL,"87219",NULL,NULL,"team page"
"87220",NULL,"49","9600","12981","870","cpp","1775956382.668900000","1",NULL,NULL,"87220",NULL,NULL,"team page"
"87221",NULL,"49","9525","12756","864","py3","1775956383.398800000","1",NULL,NULL,"87221","5.py",NULL,"team page"
"87222",NULL,"49","9639","13099","866","cpp","1775956385.588800000","1",NULL,NULL,"87222",NULL,NULL,"team page"
"87223",NULL,"49","9282","12028","862","py3","1775956387.568800000","1",NULL,NULL,"87223","4.py",NULL,"team page"
"87224",NULL,"49","9947","13998","872","cpp","1775956387.552400000","1",NULL,NULL,"87224",NULL,NULL,"team page"
"87225",NULL,"49","9756","13449","879","pypy3","1775956388.912500000","1",NULL,NULL,"87225","prob-multiplication_easy_main.py",NULL,"team page"
"87226",NULL,"49","9253","11940","873","cpp","1775956388.940100000","1",NULL,NULL,"87226",NULL,NULL,"team page"
"87227",NULL,"49","9988","14093","865","cpp","1775956389.403600000","1",NULL,NULL,"87227",NULL,NULL,"team page"
"87228",NULL,"49","10012","14165","879","pypy3","1775956391.175000000","1",NULL,NULL,"87228","multiplication_easy_template.py",NULL,"team page"
"87229",NULL,"49","9435","12487","863","cpp","1775956391.301800000","1",NULL,NULL,"87229",NULL,NULL,"team page"
"87230",NULL,"49","9803","13589","866","pypy3","1775956392.985100000","1",NULL,NULL,"87230","q6.py",NULL,"team page"
"87231",NULL,"49","9717","13332","873","cpp","1775956393.052000000","1",NULL,NULL,"87231",NULL,NULL,"team page"
"87232",NULL,"49","9937","13968","869","cpp","1775956394.849800000","1",NULL,NULL,"87232",NULL,NULL,"team page"
"87233",NULL,"49","9339","12198","865","py3","1775956395.168300000","1",NULL,NULL,"87233","prob5.py",NULL,"team page"
"87234",NULL,"49","9898","13874","860","py3","1775956396.314700000","1",NULL,NULL,"87234","CALICOCodeQ2.py",NULL,"team page"
"87235",NULL,"49","9308","12105","872","pypy3","1775956399.493000000","1",NULL,NULL,"87235","main.py",NULL,"team page"
"87236",NULL,"49","10068","14323","865","py3","1775956401.042200000","1",NULL,NULL,"87236","grid_bonus.py",NULL,"team page"
"87237",NULL,"49","9347","12222","859","py3","1775956401.801000000","1",NULL,NULL,"87237","piezoelectric_template.py",NULL,"team page"
"87238",NULL,"49","9678","13215","867","py3","1775956402.231400000","1",NULL,NULL,"87238","prob7.py",NULL,"team page"
"87239",NULL,"49","9368","12287","870","cpp","1775956406.116900000","1",NULL,NULL,"87239",NULL,NULL,"team page"
"87240",NULL,"49","9917","13909","868","pypy3","1775956407.672200000","1",NULL,NULL,"87240","8.py",NULL,"team page"
"87241",NULL,"49","9746","13420","869","py3","1775956409.789800000","1",NULL,NULL,"87241","8123.py",NULL,"team page"
"87242",NULL,"49","9567","12882","880","cpp","1775956410.756600000","1",NULL,NULL,"87242",NULL,NULL,"team page"
"87243",NULL,"49","10050","14269","866","pypy3","1775956411.248700000","1",NULL,NULL,"87243","shadows_main.py",NULL,"team page"
"87244",NULL,"49","9725","13356","859","py3","1775956413.759400000","1",NULL,NULL,"87244","Q1.py",NULL,"team page"
"87245",NULL,"49","9696","13269","865","cpp","1775956413.956800000","1",NULL,NULL,"87245",NULL,NULL,"team page"
"87246",NULL,"49","9551","12835","867","java","1775956414.805400000","1",NULL,NULL,"87246","cross.templates.Solution",NULL,"team page"
"87247",NULL,"49","9619","13038","869","cpp","1775956414.853300000","1",NULL,NULL,"87247",NULL,NULL,"team page"
"87248",NULL,"49","10012","14165","868","pypy3","1775956415.422800000","1",NULL,NULL,"87248","mycelium_template.py",NULL,"team page"
"87249",NULL,"49","9432","12477","872","cpp","1775956416.095700000","1",NULL,NULL,"87249",NULL,NULL,"team page"
"87250",NULL,"49","9856","13747","868","py3","1775956420.980500000","1",NULL,NULL,"87250","mycelium_template.py",NULL,"team page"
"87251",NULL,"49","9503","12690","866","cpp","1775956423.131300000","1",NULL,NULL,"87251",NULL,NULL,"team page"
"87252",NULL,"49","10058","14293","864","py3","1775956424.497700000","1",NULL,NULL,"87252","grid.py",NULL,"team page"
"87253",NULL,"49","9579","12918","862","py3","1775956425.654600000","1",NULL,NULL,"87253","laser.py",NULL,"team page"
"87254",NULL,"49","9667","13182","867","py3","1775956427.215700000","1",NULL,NULL,"87254","cross_template.py",NULL,"team page"
"87255",NULL,"49","9818","13635","877","cpp","1775956428.523000000","1",NULL,NULL,"87255",NULL,NULL,"team page"
"87256",NULL,"49","9918","13911","865","rs","1775956428.869700000","1",NULL,NULL,"87256",NULL,NULL,"team page"
"87257",NULL,"49","9408","12406","864","cpp","1775956434.507700000","1",NULL,NULL,"87257",NULL,NULL,"team page"
"87258",NULL,"49","9257","11953","860","py3","1775956435.277100000","1",NULL,NULL,"87258","nah_template.py",NULL,"team page"
"87259",NULL,"49","10061","14302","860","py3","1775956435.696700000","1",NULL,NULL,"87259","nah_template.py",NULL,"team page"
"87260",NULL,"49","9672","13197","873","py3","1775956436.078500000","1",NULL,NULL,"87260","twongtwongtwong.py",NULL,"team page"
"87261",NULL,"49","9569","12890","872","cpp","1775956437.237200000","1",NULL,NULL,"87261",NULL,NULL,"team page"
"87262",NULL,"49","9729","13368","871","pypy3","1775956440.295700000","1",NULL,NULL,"87262","newfile1.py",NULL,"team page"
"87263",NULL,"49","9682","13227","867","cpp","1775956441.177200000","1",NULL,NULL,"87263",NULL,NULL,"team page"
"87264",NULL,"49","10012","14165","877","pypy3","1775956445.084800000","1",NULL,NULL,"87264","lecture_template.py",NULL,"team page"
"87265",NULL,"49","9898","13874","860","py3","1775956445.555100000","1",NULL,NULL,"87265","CALICOCodeQ2.py",NULL,"team page"
"87266",NULL,"49","9748","13427","865","py3","1775956446.070800000","1",NULL,NULL,"87266","P5a3.py",NULL,"team page"
"87267",NULL,"49","10066","14317","861","pypy3","1775956446.951600000","1",NULL,NULL,"87267","files_main.py",NULL,"team page"
"87268",NULL,"49","9853","13738","862","py3","1775956448.639000000","1",NULL,NULL,"87268","laser_main.py",NULL,"team page"
"87269",NULL,"49","9857","13751","860","pypy3","1775956448.730300000","1",NULL,NULL,"87269","gojo.py",NULL,"team page"
"87270",NULL,"49","10035","14225","879","py3","1775956453.280000000","1",NULL,NULL,"87270","multiplication.py",NULL,"team page"
"87271",NULL,"49","9902","13885","866","py3","1775956453.561700000","1",NULL,NULL,"87271","6.py",NULL,"team page"
"87272",NULL,"49","9696","13269","865","cpp","1775956455.059700000","1",NULL,NULL,"87272",NULL,NULL,"team page"
"87273",NULL,"49","9669","13189","864","py3","1775956456.869500000","1",NULL,NULL,"87273","grid_template.py",NULL,"team page"
"87274",NULL,"49","9948","14001","868","cpp","1775956461.117400000","1",NULL,NULL,"87274",NULL,NULL,"team page"
"87275",NULL,"49","9870","13791","860","pypy3","1775956461.412500000","1",NULL,NULL,"87275","solution.py",NULL,"team page"
"87276",NULL,"49","9359","12259","859","py3","1775956464.111000000","1",NULL,NULL,"87276","Solution1.py",NULL,"team page"
"87277",NULL,"49","9258","11956","870","cpp","1775956464.217500000","1",NULL,NULL,"87277",NULL,NULL,"team page"
"87278",NULL,"49","10007","14151","867","py3","1775956465.376600000","1",NULL,NULL,"87278","q6.py",NULL,"team page"
"87279",NULL,"49","9201","11784","862","py3","1775956465.952100000","1",NULL,NULL,"87279","pronlem_4.py",NULL,"team page"
"87280",NULL,"49","9677","13214","859","pypy3","1775956466.205900000","1",NULL,NULL,"87280","piezoelectric_template.py",NULL,"team page"
"87281",NULL,"49","9746","13420","870","py3","1775956466.895900000","1",NULL,NULL,"87281","8123.py",NULL,"team page"
"87282",NULL,"49","9937","13969","873","cpp","1775956469.186000000","1",NULL,NULL,"87282",NULL,NULL,"team page"
"87283",NULL,"49","10016","14179","865","pypy3","1775956469.884200000","1",NULL,NULL,"87283","Q5.py",NULL,"team page"
"87284",NULL,"49","9666","13181","866","cpp","1775956469.956400000","1",NULL,NULL,"87284",NULL,NULL,"team page"
"87285",NULL,"49","9899","13878","873","java","1775956471.509400000","1",NULL,NULL,"87285","JoshContext041208",NULL,"team page"
"87286",NULL,"49","10035","14224","865","cpp","1775956476.176800000","1",NULL,NULL,"87286",NULL,NULL,"team page"
"87287",NULL,"49","9734","13385","873","py3","1775956476.198400000","1",NULL,NULL,"87287","10.py",NULL,"team page"
"87288",NULL,"49","9619","13038","869","cpp","1775956477.681300000","1",NULL,NULL,"87288",NULL,NULL,"team page"
"87289",NULL,"49","9253","11940","873","cpp","1775956478.817200000","1",NULL,NULL,"87289",NULL,NULL,"team page"
"87290",NULL,"49","9315","12126","863","java","1775956479.658300000","1",NULL,NULL,"87290","DBonus",NULL,"team page"
"87291",NULL,"49","9378","12317","872","py3","1775956479.860800000","1",NULL,NULL,"87291","splitters_template.py",NULL,"team page"
"87292",NULL,"49","9856","13747","869","py3","1775956481.790400000","1",NULL,NULL,"87292","mycelium_template.py",NULL,"team page"
"87293",NULL,"49","10016","14178","868","py3","1775956481.961100000","1",NULL,NULL,"87293","mycelium.py",NULL,"team page"
"87294",NULL,"49","10096","14390","865","py3","1775956487.574700000","1",NULL,NULL,"87294","grid_template.py",NULL,"team page"
"87295",NULL,"49","9716","13329","864","py3","1775956487.734500000","1",NULL,NULL,"87295","grid_template.py",NULL,"team page"
"87296",NULL,"49","9726","13360","867","py3","1775956489.081500000","1",NULL,NULL,"87296","cross.py",NULL,"team page"
"87297",NULL,"49","9737","13394","867","py3","1775956492.074000000","1",NULL,NULL,"87297","cross_main.py",NULL,"team page"
"87298",NULL,"49","9253","11941","872","cpp","1775956492.316400000","1",NULL,NULL,"87298",NULL,NULL,"team page"
"87299",NULL,"49","10006","14148","862","java","1775956493.175200000","1",NULL,NULL,"87299","UKCC.Main",NULL,"team page"
"87300",NULL,"49","10007","14151","867","py3","1775956493.480900000","1",NULL,NULL,"87300","q6.py",NULL,"team page"
"87301",NULL,"49","10058","14293","865","py3","1775956495.255500000","1",NULL,NULL,"87301","grid.py",NULL,"team page"
"87302",NULL,"49","9465","12576","866","cpp","1775956496.042500000","1",NULL,NULL,"87302",NULL,NULL,"team page"
"87303",NULL,"49","10055","14285","880","cpp","1775956496.889000000","1",NULL,NULL,"87303",NULL,NULL,"team page"
"87304",NULL,"49","9203","11792","863","cpp","1775956498.902200000","1",NULL,NULL,"87304",NULL,NULL,"team page"
"87305",NULL,"49","9995","14114","860","cpp","1775956502.249800000","1",NULL,NULL,"87305",NULL,NULL,"team page"
"87306",NULL,"49","9716","13329","864","py3","1775956505.329300000","1",NULL,NULL,"87306","grid_template.py",NULL,"team page"
"87307",NULL,"49","9329","12168","862","py3","1775956505.401000000","1",NULL,NULL,"87307","laser_template.py",NULL,"team page"
"87308",NULL,"49","9600","12981","868","cpp","1775956505.509600000","1",NULL,NULL,"87308",NULL,NULL,"team page"
"87309",NULL,"49","9615","13026","861","py3","1775956506.371300000","1",NULL,NULL,"87309","q4.py",NULL,"team page"
"87310",NULL,"49","9756","13449","862","pypy3","1775956508.503500000","1",NULL,NULL,"87310","prob_laser_main.py",NULL,"team page"
"87311",NULL,"49","9569","12889","865","cpp","1775956511.075900000","1",NULL,NULL,"87311",NULL,NULL,"team page"
"87312",NULL,"49","9370","12291","873","cpp","1775956512.087900000","1",NULL,NULL,"87312",NULL,NULL,"team page"
"87313",NULL,"49","9918","13912","868","cpp","1775956512.099400000","1",NULL,NULL,"87313",NULL,NULL,"team page"
"87314",NULL,"49","9717","13334","879","cpp","1775956512.922100000","1",NULL,NULL,"87314",NULL,NULL,"team page"
"87315",NULL,"49","9937","13968","870","cpp","1775956516.226500000","1",NULL,NULL,"87315",NULL,NULL,"team page"
"87316",NULL,"49","9641","13106","867","java","1775956518.158800000","1",NULL,NULL,"87316","Solution",NULL,"team page"
"87317",NULL,"49","9708","13305","868","py3","1775956519.842500000","1",NULL,NULL,"87317","problem8.py",NULL,"team page"
"87318",NULL,"49","9858","13755","869","py3","1775956520.239400000","1",NULL,NULL,"87318","81.py",NULL,"team page"
"87319",NULL,"49","9611","13014","862","py3","1775956522.387500000","1",NULL,NULL,"87319","laser_template.py",NULL,"team page"
"87320",NULL,"49","9569","12890","872","cpp","1775956525.174300000","1",NULL,NULL,"87320",NULL,NULL,"team page"
"87321",NULL,"49","9720","13342","864","py3","1775956527.661600000","1",NULL,NULL,"87321","mycode.py",NULL,"team page"
"87322",NULL,"49","9644","13114","869","cpp","1775956528.574700000","1",NULL,NULL,"87322",NULL,NULL,"team page"
"87323",NULL,"49","9918","13912","869","cpp","1775956529.204700000","1",NULL,NULL,"87323",NULL,NULL,"team page"
"87324",NULL,"49","9544","12814","872","cpp","1775956532.657500000","1",NULL,NULL,"87324",NULL,NULL,"team page"
"87325",NULL,"49","9336","12190","865","py3","1775956533.980400000","1",NULL,NULL,"87325","calcio5.py",NULL,"team page"
"87326",NULL,"49","9355","12246","861","py3","1775956538.819800000","1",NULL,NULL,"87326","files.py",NULL,"team page"
"87327",NULL,"49","9877","13810","873","cpp","1775956540.562500000","1",NULL,NULL,"87327",NULL,NULL,"team page"
"87328",NULL,"49","9991","14102","873","py3","1775956543.200100000","1",NULL,NULL,"87328","prob10.py",NULL,"team page"
"87329",NULL,"49","9296","12070","877","cpp","1775956543.919700000","1",NULL,NULL,"87329",NULL,NULL,"team page"
"87330",NULL,"49","9568","12885","860","py3","1775956544.811500000","1",NULL,NULL,"87330","nah_template.py",NULL,"team page"
"87331",NULL,"49","9509","12709","859","py3","1775956545.607000000","1",NULL,NULL,"87331","problem1.py",NULL,"team page"
"87332",NULL,"49","9699","13278","872","cpp","1775956548.658600000","1",NULL,NULL,"87332",NULL,NULL,"team page"
"87333",NULL,"49","9491","12655","873","cpp","1775956549.601000000","1",NULL,NULL,"87333",NULL,NULL,"team page"
"87334",NULL,"49","10016","14178","868","py3","1775956552.886700000","1",NULL,NULL,"87334","mycelium.py",NULL,"team page"
"87335",NULL,"49","9886","13837","865","java","1775956554.291000000","1",NULL,NULL,"87335",NULL,NULL,"team page"
"87336",NULL,"49","9938","13971","869","cpp","1775956555.168600000","1",NULL,NULL,"87336",NULL,NULL,"team page"
"87337",NULL,"49","9619","13038","869","cpp","1775956555.193500000","1",NULL,NULL,"87337",NULL,NULL,"team page"
"87338",NULL,"49","9688","13246","866","py3","1775956556.727900000","1",NULL,NULL,"87338","volum.py",NULL,"team page"
"87339",NULL,"49","9895","13864","863","cpp","1775956559.018700000","1",NULL,NULL,"87339",NULL,NULL,"team page"
"87340",NULL,"49","9998","14123","863","py3","1775956559.526200000","1",NULL,NULL,"87340","exam4b.1.py",NULL,"team page"
"87341",NULL,"49","9329","12168","860","py3","1775956559.610700000","1",NULL,NULL,"87341","nah_template.py",NULL,"team page"
"87342",NULL,"49","10068","14323","872","py3","1775956560.761400000","1",NULL,NULL,"87342","splitters.py",NULL,"team page"
"87343",NULL,"49","9601","12985","862","cpp","1775956560.798600000","1",NULL,NULL,"87343",NULL,NULL,"team page"
"87344",NULL,"49","9707","13303","863","py3","1775956561.407600000","1",NULL,NULL,"87344","laser_template.py",NULL,"team page"
"87345",NULL,"49","9608","13006","862","cpp","1775956563.057100000","1",NULL,NULL,"87345",NULL,NULL,"team page"
"87346",NULL,"49","9609","13008","859","cpp","1775956563.408900000","1",NULL,NULL,"87346",NULL,NULL,"team page"
"87347",NULL,"49","10016","14177","872","cpp","1775956563.559500000","1",NULL,NULL,"87347",NULL,NULL,"team page"
"87348",NULL,"49","9375","12307","868","pypy3","1775956563.993600000","1",NULL,NULL,"87348","8.py",NULL,"team page"
"87349",NULL,"49","9918","13911","865","rs","1775956565.182300000","1",NULL,NULL,"87349",NULL,NULL,"team page"
"87350",NULL,"49","9436","12489","865","java","1775956565.719900000","1",NULL,NULL,"87350","Q5",NULL,"team page"
"87351",NULL,"49","9385","12338","860","py3","1775956569.652100000","1",NULL,NULL,"87351","nah_template.py",NULL,"team page"
"87352",NULL,"49","10067","14321","872","py3","1775956570.813700000","1",NULL,NULL,"87352","splitters_template.py",NULL,"team page"
"87353",NULL,"49","10016","14179","865","pypy3","1775956571.820900000","1",NULL,NULL,"87353","Q5.py",NULL,"team page"
"87354",NULL,"49","9582","12928","867","py3","1775956573.596300000","1",NULL,NULL,"87354","cross_template.py",NULL,"team page"
"87355",NULL,"49","9717","13334","879","cpp","1775956574.625700000","1",NULL,NULL,"87355",NULL,NULL,"team page"
"87356",NULL,"49","9601","12985","863","cpp","1775956576.525900000","1",NULL,NULL,"87356",NULL,NULL,"team page"
"87357",NULL,"49","9355","12246","861","py3","1775956577.592700000","1",NULL,NULL,"87357","files.py",NULL,"team page"
"87358",NULL,"49","9362","12267","865","cpp","1775956579.834300000","1",NULL,NULL,"87358",NULL,NULL,"team page"
"87359",NULL,"49","9378","12317","872","py3","1775956585.120000000","1",NULL,NULL,"87359","splitters_template.py",NULL,"team page"
"87360",NULL,"49","9928","13943","879","cpp","1775956585.487100000","1",NULL,NULL,"87360",NULL,NULL,"team page"
"87361",NULL,"49","10090","14372","863","cpp","1775956586.193900000","1",NULL,NULL,"87361",NULL,NULL,"team page"
"87362",NULL,"49","9796","13567","861","py3","1775956586.626500000","1",NULL,NULL,"87362","main.py",NULL,"team page"
"87363",NULL,"49","9837","13691","861","py3","1775956586.695300000","1",NULL,NULL,"87363","files_template.py",NULL,"team page"
"87364",NULL,"49","9669","13189","864","pypy3","1775956587.519800000","1",NULL,NULL,"87364","grid_template.py",NULL,"team page"
"87365",NULL,"49","9582","12929","861","py3","1775956588.368300000","1",NULL,NULL,"87365","files.py",NULL,"team page"
"87366",NULL,"49","9736","13389","863","py3","1775956588.844500000","1",NULL,NULL,"87366","laser_template.py",NULL,"team page"
"87367",NULL,"49","9718","13337","867","py3","1775956589.290500000","1",NULL,NULL,"87367","problem7.py",NULL,"team page"
"87368",NULL,"49","9736","13389","863","py3","1775956590.133200000","1",NULL,NULL,"87368","laser_template.py",NULL,"team page"
"87369",NULL,"49","9937","13968","870","cpp","1775956590.326200000","1",NULL,NULL,"87369",NULL,NULL,"team page"
"87370",NULL,"49","9736","13389","863","py3","1775956591.246800000","1",NULL,NULL,"87370","laser_template.py",NULL,"team page"
"87371",NULL,"49","9259","11958","862","pypy3","1775956591.691900000","1",NULL,NULL,"87371","laser_template.py",NULL,"team page"
"87372",NULL,"49","9615","13026","860","py3","1775956591.830500000","1",NULL,NULL,"87372","q2.py",NULL,"team page"
"87373",NULL,"49","9430","12473","865","py3","1775956592.638700000","1",NULL,NULL,"87373","grid_template.py",NULL,"team page"
"87374",NULL,"49","9258","11956","870","cpp","1775956592.696900000","1",NULL,NULL,"87374",NULL,NULL,"team page"
"87375",NULL,"49","9282","12029","862","py3","1775956594.988800000","1",NULL,NULL,"87375","mypy.py",NULL,"team page"
"87376",NULL,"49","9806","13597","877","cpp","1775956596.631400000","1",NULL,NULL,"87376",NULL,NULL,"team page"
"87377",NULL,"49","9661","13164","859","py3","1775956597.370800000","1",NULL,NULL,"87377","piezoelectric_template.py",NULL,"team page"
"87378",NULL,"49","9401","12384","862","py3","1775956597.769100000","1",NULL,NULL,"87378","laser.py",NULL,"team page"
"87379",NULL,"49","9949","14005","862","py3","1775956598.445400000","1",NULL,NULL,"87379","CalicoSetlaser.py",NULL,"team page"
"87380",NULL,"49","9242","11908","864","py3","1775956598.609200000","1",NULL,NULL,"87380","p5.py",NULL,"team page"
"87381",NULL,"49","9466","12579","868","cpp","1775956598.903800000","1",NULL,NULL,"87381",NULL,NULL,"team page"
"87382",NULL,"49","9245","11917","865","cpp","1775956599.153000000","1",NULL,NULL,"87382",NULL,NULL,"team page"
"87383",NULL,"49","9882","13825","862","cpp","1775956600.701800000","1",NULL,NULL,"87383",NULL,NULL,"team page"
"87384",NULL,"49","9749","13428","859","cpp","1775956601.784300000","1",NULL,NULL,"87384",NULL,NULL,"team page"
"87385",NULL,"49","9725","13356","860","py3","1775956601.806900000","1",NULL,NULL,"87385","Q2.py",NULL,"team page"
"87386",NULL,"49","9391","12354","872","py3","1775956602.516600000","1",NULL,NULL,"87386","splitters_template.py",NULL,"team page"
"87387",NULL,"49","9531","12776","861","java","1775956603.909600000","1",NULL,NULL,"87387","Tester",NULL,"team page"
"87388",NULL,"49","10066","14317","862","pypy3","1775956605.079200000","1",NULL,NULL,"87388","laser_main.py",NULL,"team page"
"87389",NULL,"49","9339","12198","865","py3","1775956606.861300000","1",NULL,NULL,"87389","prob5.py",NULL,"team page"
"87390",NULL,"49","9993","14110","862","cpp","1775956610.706100000","1",NULL,NULL,"87390",NULL,NULL,"team page"
"87391",NULL,"49","9711","13314","868","java","1775956613.673700000","1",NULL,NULL,"87391","Main",NULL,"team page"
"87392",NULL,"49","9444","12513","862","cpp","1775956613.791800000","1",NULL,NULL,"87392",NULL,NULL,"team page"
"87393",NULL,"49","9917","13910","863","py3","1775956614.616100000","1",NULL,NULL,"87393","main.py",NULL,"team page"
"87394",NULL,"49","9717","13334","879","cpp","1775956614.807100000","1",NULL,NULL,"87394",NULL,NULL,"team page"
"87395",NULL,"49","9717","13332","873","cpp","1775956617.571100000","1",NULL,NULL,"87395",NULL,NULL,"team page"
"87396",NULL,"49","9393","12361","863","py3","1775956621.230700000","1",NULL,NULL,"87396","laser_template.py",NULL,"team page"
"87397",NULL,"49","9523","12750","867","py3","1775956621.236800000","1",NULL,NULL,"87397","cross.py",NULL,"team page"
"87398",NULL,"49","10021","14192","864","py3","1775956623.150400000","1",NULL,NULL,"87398","calico5.py",NULL,"team page"
"87399",NULL,"49","9518","12735","860","py3","1775956624.626800000","1",NULL,NULL,"87399","C2.py",NULL,"team page"
"87400",NULL,"49","9708","13305","869","py3","1775956627.074100000","1",NULL,NULL,"87400","problem8.py",NULL,"team page"
"87401",NULL,"49","9736","13390","861","py3","1775956631.631900000","1",NULL,NULL,"87401","files_template.py",NULL,"team page"
"87402",NULL,"49","9711","13314","869","java","1775956632.235700000","1",NULL,NULL,"87402","Main",NULL,"team page"
"87403",NULL,"49","9889","13846","861","cpp","1775956633.666500000","1",NULL,NULL,"87403",NULL,NULL,"team page"
"87404",NULL,"49","9378","12317","872","py3","1775956634.066800000","1",NULL,NULL,"87404","splitters_template.py",NULL,"team page"
"87405",NULL,"49","9806","13597","878","cpp","1775956635.949400000","1",NULL,NULL,"87405",NULL,NULL,"team page"
"87406",NULL,"49","10096","14389","872","py3","1775956637.377400000","1",NULL,NULL,"87406","p9.py",NULL,"team page"
"87407",NULL,"49","9748","13426","868","py3","1775956640.528600000","1",NULL,NULL,"87407","P5.py",NULL,"team page"
"87408",NULL,"49","9354","12243","862","java","1775956640.561000000","1",NULL,NULL,"87408","Solution",NULL,"team page"
"87409",NULL,"49","10061","14302","860","py3","1775956641.587500000","1",NULL,NULL,"87409","nah_template.py",NULL,"team page"
"87410",NULL,"49","9576","12911","862","cpp","1775956642.798300000","1",NULL,NULL,"87410",NULL,NULL,"team page"
"87411",NULL,"49","9242","11908","864","py3","1775956644.023100000","1",NULL,NULL,"87411","p5.py",NULL,"team page"
"87412",NULL,"49","10015","14174","873","cpp","1775956645.499100000","1",NULL,NULL,"87412",NULL,NULL,"team page"
"87413",NULL,"49","9600","12981","868","cpp","1775956645.804100000","1",NULL,NULL,"87413",NULL,NULL,"team page"
"87414",NULL,"49","9729","13369","862","py3","1775956645.885100000","1",NULL,NULL,"87414","main.py",NULL,"team page"
"87415",NULL,"49","9258","11956","870","cpp","1775956646.542800000","1",NULL,NULL,"87415",NULL,NULL,"team page"
"87416",NULL,"49","9869","13787","862","py3","1775956648.756700000","1",NULL,NULL,"87416","laser_template.py",NULL,"team page"
"87417",NULL,"49","9282","12028","862","py3","1775956649.894700000","1",NULL,NULL,"87417","4.py",NULL,"team page"
"87418",NULL,"49","9992","14105","862","cpp","1775956650.096700000","1",NULL,NULL,"87418",NULL,NULL,"team page"
"87419",NULL,"49","9620","13041","868","cpp","1775956651.671400000","1",NULL,NULL,"87419",NULL,NULL,"team page"
"87420",NULL,"49","9624","13053","861","pypy3","1775956652.779600000","1",NULL,NULL,"87420","task3.py",NULL,"team page"
"87421",NULL,"49","9393","12360","865","pypy3","1775956655.475500000","1",NULL,NULL,"87421","p5.py",NULL,"team page"
"87422",NULL,"49","9857","13751","860","pypy3","1775956655.860700000","1",NULL,NULL,"87422","gojo.py",NULL,"team page"
"87423",NULL,"49","9877","13811","865","py3","1775956656.970500000","1",NULL,NULL,"87423","gridd_fill.py",NULL,"team page"
"87424",NULL,"49","9362","12267","865","cpp","1775956659.522300000","1",NULL,NULL,"87424",NULL,NULL,"team page"
"87425",NULL,"49","10059","14296","873","cpp","1775956659.739500000","1",NULL,NULL,"87425",NULL,NULL,"team page"
"87426",NULL,"49","9886","13837","865","java","1775956664.572800000","1",NULL,NULL,"87426",NULL,NULL,"team page"
"87427",NULL,"49","9729","13368","869","py3","1775956666.143400000","1",NULL,NULL,"87427","newfile2.py",NULL,"team page"
"87428",NULL,"49","9857","13750","873","pypy3","1775956668.351300000","1",NULL,NULL,"87428","10.py",NULL,"team page"
"87429",NULL,"49","9818","13635","877","cpp","1775956673.537400000","1",NULL,NULL,"87429",NULL,NULL,"team page"
"87430",NULL,"49","9948","14001","872","cpp","1775956678.806200000","1",NULL,NULL,"87430",NULL,NULL,"team page"
"87431",NULL,"49","10057","14290","868","pypy3","1775956680.943200000","1",NULL,NULL,"87431","eight.py",NULL,"team page"
"87432",NULL,"49","10051","14273","869","pypy3","1775956685.954000000","1",NULL,NULL,"87432","ucb.py",NULL,"team page"
"87433",NULL,"49","9355","12246","861","py3","1775956689.305000000","1",NULL,NULL,"87433","files.py",NULL,"team page"
"87434",NULL,"49","9816","13627","872","py3","1775956689.797700000","1",NULL,NULL,"87434","prob4.py",NULL,"team page"
"87435",NULL,"49","10059","14296","860","cpp","1775956693.281200000","1",NULL,NULL,"87435",NULL,NULL,"team page"
"87436",NULL,"49","9536","12791","868","cpp","1775956693.774300000","1",NULL,NULL,"87436",NULL,NULL,"team page"
"87437",NULL,"49","9282","12028","862","py3","1775956694.451100000","1",NULL,NULL,"87437","4.py",NULL,"team page"
"87438",NULL,"49","9696","13269","867","cpp","1775956694.742000000","1",NULL,NULL,"87438",NULL,NULL,"team page"
"87439",NULL,"49","9474","12604","862","cpp","1775956696.691800000","1",NULL,NULL,"87439",NULL,NULL,"team page"
"87440",NULL,"49","9958","14032","866","cpp","1775956697.297800000","1",NULL,NULL,"87440",NULL,NULL,"team page"
"87441",NULL,"49","9887","13841","864","py3","1775956699.926300000","1",NULL,NULL,"87441","gta6.py",NULL,"team page"
"87442",NULL,"49","9892","13855","867","pypy3","1775956700.417000000","1",NULL,NULL,"87442","cross_template.py",NULL,"team page"
"87443",NULL,"49","10015","14174","865","py3","1775956700.613200000","1",NULL,NULL,"87443","main.py",NULL,"team page"
"87444",NULL,"49","9296","12070","877","cpp","1775956700.863700000","1",NULL,NULL,"87444",NULL,NULL,"team page"
"87445",NULL,"49","9937","13969","873","cpp","1775956701.671500000","1",NULL,NULL,"87445",NULL,NULL,"team page"
"87446",NULL,"49","9786","13539","869","py3","1775956701.788100000","1",NULL,NULL,"87446","mycelium_mine.py",NULL,"team page"
"87447",NULL,"49","9491","12655","873","cpp","1775956702.478900000","1",NULL,NULL,"87447",NULL,NULL,"team page"
"87448",NULL,"49","10096","14390","865","py3","1775956702.519100000","1",NULL,NULL,"87448","grid_template.py",NULL,"team page"
"87449",NULL,"49","9782","13527","872","py3","1775956704.556300000","1",NULL,NULL,"87449","splitters_main.py",NULL,"team page"
"87450",NULL,"49","10007","14151","867","py3","1775956704.577400000","1",NULL,NULL,"87450","q6.py",NULL,"team page"
"87451",NULL,"49","9988","14093","865","cpp","1775956705.525800000","1",NULL,NULL,"87451",NULL,NULL,"team page"
"87452",NULL,"49","9734","13385","873","py3","1775956705.742000000","1",NULL,NULL,"87452","10.py",NULL,"team page"
"87453",NULL,"49","9525","12756","866","py3","1775956707.617600000","1",NULL,NULL,"87453","6.py",NULL,"team page"
"87454",NULL,"49","9393","12361","863","py3","1775956708.998500000","1",NULL,NULL,"87454","laser_template.py",NULL,"team page"
"87455",NULL,"49","9850","13729","862","py3","1775956710.790700000","1",NULL,NULL,"87455","laser_template.py",NULL,"team page"
"87456",NULL,"49","9918","13912","868","cpp","1775956711.369900000","1",NULL,NULL,"87456",NULL,NULL,"team page"
"87457",NULL,"49","9657","13152","872","cpp","1775956712.223100000","1",NULL,NULL,"87457",NULL,NULL,"team page"
"87458",NULL,"49","9631","13074","862","cpp","1775956716.634200000","1",NULL,NULL,"87458",NULL,NULL,"team page"
"87459",NULL,"49","9379","12319","868","cpp","1775956719.219900000","1",NULL,NULL,"87459",NULL,NULL,"team page"
"87460",NULL,"49","9282","12028","862","py3","1775956720.839900000","1",NULL,NULL,"87460","4.py",NULL,"team page"
"87461",NULL,"49","9502","12687","867","java","1775956721.141400000","1",NULL,NULL,"87461","q7",NULL,"team page"
"87462",NULL,"49","9543","12812","865","cpp","1775956725.197300000","1",NULL,NULL,"87462",NULL,NULL,"team page"
"87463",NULL,"49","9351","12234","877","cpp","1775956726.177200000","1",NULL,NULL,"87463",NULL,NULL,"team page"
"87464",NULL,"49","9369","12288","872","cpp","1775956728.921300000","1",NULL,NULL,"87464",NULL,NULL,"team page"
"87465",NULL,"49","9646","13120","873","cpp","1775956733.504800000","1",NULL,NULL,"87465",NULL,NULL,"team page"
"87466",NULL,"49","9231","11874","879","py3","1775956734.409800000","1",NULL,NULL,"87466","problem_12.py",NULL,"team page"
"87467",NULL,"49","9351","12235","872","cpp","1775956736.635900000","1",NULL,NULL,"87467",NULL,NULL,"team page"
"87468",NULL,"49","9647","13124","868","cpp","1775956738.976200000","1",NULL,NULL,"87468",NULL,NULL,"team page"
"87469",NULL,"49","9282","12028","862","py3","1775956739.993900000","1",NULL,NULL,"87469","4.py",NULL,"team page"
"87471",NULL,"49","9554","12845","867","py3","1775956741.401400000","1",NULL,NULL,"87471","Quilt.py",NULL,"team page"
"87472",NULL,"49","9518","12735","860","py3","1775956741.620800000","1",NULL,NULL,"87472","C2.py",NULL,"team page"
"87473",NULL,"49","9423","12450","864","cpp","1775956742.411000000","1",NULL,NULL,"87473",NULL,NULL,"team page"
"87474",NULL,"49","9918","13912","869","cpp","1775956742.922200000","1",NULL,NULL,"87474",NULL,NULL,"team page"
"87475",NULL,"49","9712","13318","863","cpp","1775956743.927100000","1",NULL,NULL,"87475",NULL,NULL,"team page"
"87476",NULL,"49","9725","13356","861","py3","1775956744.945900000","1",NULL,NULL,"87476","Q3.py",NULL,"team page"
"87477",NULL,"49","9419","12438","866","cpp","1775956745.752100000","1",NULL,NULL,"87477",NULL,NULL,"team page"
"87478",NULL,"49","9873","13800","866","py3","1775956746.369900000","1",NULL,NULL,"87478","shadows_template.py",NULL,"team page"
"87479",NULL,"49","9503","12690","860","cpp","1775956747.593300000","1",NULL,NULL,"87479",NULL,NULL,"team page"
"87480",NULL,"49","9503","12691","860","cpp","1775956750.561200000","1",NULL,NULL,"87480",NULL,NULL,"team page"
"87481",NULL,"49","9258","11956","870","cpp","1775956753.899500000","1",NULL,NULL,"87481",NULL,NULL,"team page"
"87482",NULL,"49","9588","12945","862","java","1775956754.364300000","1",NULL,NULL,"87482","Solution",NULL,"team page"
"87483",NULL,"49","10016","14178","868","py3","1775956754.457800000","1",NULL,NULL,"87483","mycelium.py",NULL,"team page"
"87484",NULL,"49","9537","12792","872","cpp","1775956756.272400000","1",NULL,NULL,"87484",NULL,NULL,"team page"
"87485",NULL,"49","9201","11784","879","py3","1775956759.241300000","1",NULL,NULL,"87485","problem_12t.py",NULL,"team page"
"87486",NULL,"49","9917","13908","873","cpp","1775956761.438100000","1",NULL,NULL,"87486",NULL,NULL,"team page"
"87487",NULL,"49","9343","12211","879","cpp","1775956762.239900000","1",NULL,NULL,"87487",NULL,NULL,"team page"
"87488",NULL,"49","9728","13365","860","py3","1775956762.434200000","1",NULL,NULL,"87488","main2.py",NULL,"team page"
"87489",NULL,"49","9654","13143","872","cpp","1775956763.245300000","1",NULL,NULL,"87489",NULL,NULL,"team page"
"87490",NULL,"49","9282","12028","862","py3","1775956763.646100000","1",NULL,NULL,"87490","4.py",NULL,"team page"
"87491",NULL,"49","9508","12705","873","cpp","1775956764.153200000","1",NULL,NULL,"87491",NULL,NULL,"team page"
"87492",NULL,"49","9385","12338","864","py3","1775956768.785400000","1",NULL,NULL,"87492","grid_template.py",NULL,"team page"
"87493",NULL,"49","9999","14126","872","cpp","1775956769.705100000","1",NULL,NULL,"87493",NULL,NULL,"team page"
"87494",NULL,"49","9486","12639","868","cpp","1775956771.781600000","1",NULL,NULL,"87494",NULL,NULL,"team page"
"87495",NULL,"49","9748","13427","865","py3","1775956772.530000000","1",NULL,NULL,"87495","P5a4.py",NULL,"team page"
"87496",NULL,"49","9857","13750","873","py3","1775956774.166100000","1",NULL,NULL,"87496","10.py",NULL,"team page"
"87497",NULL,"49","9917","13909","868","pypy3","1775956774.943100000","1",NULL,NULL,"87497","8.py",NULL,"team page"
"87498",NULL,"49","9582","12928","867","py3","1775956775.884000000","1",NULL,NULL,"87498","cross_template.py",NULL,"team page"
"87499",NULL,"49","10050","14269","864","pypy3","1775956779.582800000","1",NULL,NULL,"87499","grid_main.py",NULL,"team page"
"87500",NULL,"49","9853","13740","864","py3","1775956780.559200000","1",NULL,NULL,"87500","grid_template.py",NULL,"team page"
"87501",NULL,"49","9886","13837","865","java","1775956781.662100000","1",NULL,NULL,"87501","problem5",NULL,"team page"
"87502",NULL,"49","9296","12069","873","cpp","1775956785.014200000","1",NULL,NULL,"87502",NULL,NULL,"team page"
"87503",NULL,"49","9589","12948","868","cpp","1775956787.454600000","1",NULL,NULL,"87503",NULL,NULL,"team page"
"87504",NULL,"49","9854","13742","862","py3","1775956790.160900000","1",NULL,NULL,"87504","2.py",NULL,"team page"
"87505",NULL,"49","9658","13156","865","cpp","1775956790.684700000","1",NULL,NULL,"87505",NULL,NULL,"team page"
"87506",NULL,"49","10029","14206","873","py3","1775956790.918100000","1",NULL,NULL,"87506","splitterssol1.py",NULL,"team page"
"87507",NULL,"49","9653","13140","867","cpp","1775956794.856100000","1",NULL,NULL,"87507",NULL,NULL,"team page"
"87508",NULL,"49","10051","14272","878","py3","1775956794.929700000","1",NULL,NULL,"87508","lecture_templatecopy.py",NULL,"team page"
"87509",NULL,"49","9366","12279","865","pypy3","1775956796.220400000","1",NULL,NULL,"87509","p5b1.py",NULL,"team page"
"87510",NULL,"49","9877","13810","873","cpp","1775956803.031900000","1",NULL,NULL,"87510",NULL,NULL,"team page"
"87511",NULL,"49","10016","14177","872","cpp","1775956803.272700000","1",NULL,NULL,"87511",NULL,NULL,"team page"
"87512",NULL,"49","9282","12029","862","py3","1775956803.362300000","1",NULL,NULL,"87512","mypy.py",NULL,"team page"
"87513",NULL,"49","9858","13755","865","py3","1775956803.387700000","1",NULL,NULL,"87513","51.py",NULL,"team page"
"87514",NULL,"49","9421","12444","863","cpp","1775956803.590900000","1",NULL,NULL,"87514",NULL,NULL,"team page"
"87515",NULL,"49","9362","12268","868","cpp","1775956803.770700000","1",NULL,NULL,"87515",NULL,NULL,"team page"
"87516",NULL,"49","9850","13729","872","py3","1775956804.739700000","1",NULL,NULL,"87516","splitters_template.py",NULL,"team page"
"87517",NULL,"49","9835","13684","859","cpp","1775956805.558100000","1",NULL,NULL,"87517",NULL,NULL,"team page"
"87518",NULL,"49","9927","13938","862","java","1775956807.763000000","1",NULL,NULL,"87518","Main",NULL,"team page"
"87519",NULL,"49","9508","12706","864","py3","1775956808.075600000","1",NULL,NULL,"87519","grid_fill.py",NULL,"team page"
"87520",NULL,"49","9378","12317","872","py3","1775956814.933800000","1",NULL,NULL,"87520","splitters_template.py",NULL,"team page"
"87521",NULL,"49","9258","11956","870","cpp","1775956815.642300000","1",NULL,NULL,"87521",NULL,NULL,"team page"
"87522",NULL,"49","9948","14001","868","cpp","1775956815.908300000","1",NULL,NULL,"87522",NULL,NULL,"team page"
"87523",NULL,"49","10057","14290","868","pypy3","1775956815.930100000","1",NULL,NULL,"87523","eight.py",NULL,"team page"
"87524",NULL,"49","9589","12948","868","cpp","1775956818.778300000","1",NULL,NULL,"87524",NULL,NULL,"team page"
"87525",NULL,"49","9793","13559","863","cpp","1775956819.472500000","1",NULL,NULL,"87525",NULL,NULL,"team page"
"87526",NULL,"49","10006","14148","866","java","1775956826.112100000","1",NULL,NULL,"87526","UKCC.Main",NULL,"team page"
"87527",NULL,"49","9250","11933","859","py3","1775956826.336900000","1",NULL,NULL,"87527","main.py",NULL,"team page"
"87528",NULL,"49","9748","13425","866","py3","1775956828.389900000","1",NULL,NULL,"87528","6.py",NULL,"team page"
"87529",NULL,"49","10017","14182","860","cpp","1775956828.564400000","1",NULL,NULL,"87529",NULL,NULL,"team page"
"87530",NULL,"49","9806","13599","868","cpp","1775956828.714800000","1",NULL,NULL,"87530",NULL,NULL,"team page"
"87531",NULL,"49","9918","13912","869","cpp","1775956828.826400000","1",NULL,NULL,"87531",NULL,NULL,"team page"
"87532",NULL,"49","10095","14387","868","py3","1775956829.129800000","1",NULL,NULL,"87532","mycelium_template.py",NULL,"team page"
"87533",NULL,"49","9435","12487","863","cpp","1775956838.280100000","1",NULL,NULL,"87533",NULL,NULL,"team page"
"87534",NULL,"49","9806","13597","878","cpp","1775956844.823400000","1",NULL,NULL,"87534",NULL,NULL,"team page"
"87535",NULL,"49","9257","11953","859","py3","1775956845.416200000","1",NULL,NULL,"87535","piezoelectric_template.py",NULL,"team page"
"87536",NULL,"49","9279","12018","863","cpp","1775956845.425900000","1",NULL,NULL,"87536",NULL,NULL,"team page"
"87537",NULL,"49","9258","11956","868","cpp","1775956845.612000000","1",NULL,NULL,"87537",NULL,NULL,"team page"
"87538",NULL,"49","10058","14293","866","py3","1775956845.734600000","1",NULL,NULL,"87538","shadows.py",NULL,"team page"
"87539",NULL,"49","9589","12948","868","cpp","1775956846.154700000","1",NULL,NULL,"87539",NULL,NULL,"team page"
"87540",NULL,"49","9478","12615","868","py3","1775956846.936400000","1",NULL,NULL,"87540","mycelium.py",NULL,"team page"
"87541",NULL,"49","9350","12231","877","py3","1775956848.446700000","1",NULL,NULL,"87541","Problem11.py",NULL,"team page"
"87542",NULL,"49","10020","14191","867","cpp","1775956848.672600000","1",NULL,NULL,"87542",NULL,NULL,"team page"
"87543",NULL,"49","9806","13599","869","cpp","1775956850.402100000","1",NULL,NULL,"87543",NULL,NULL,"team page"
"87544",NULL,"49","10083","14350","867","py3","1775956856.097100000","1",NULL,NULL,"87544","problem-07.py",NULL,"team page"
"87545",NULL,"49","9716","13329","864","py3","1775956856.782000000","1",NULL,NULL,"87545","grid_template.py",NULL,"team page"
"87546",NULL,"49","9258","11956","870","cpp","1775956858.024400000","1",NULL,NULL,"87546",NULL,NULL,"team page"
"87547",NULL,"49","9345","12217","872","py3","1775956860.326300000","1",NULL,NULL,"87547","splitters_template.py",NULL,"team page"
"87548",NULL,"49","9201","11784","862","py3","1775956864.658600000","1",NULL,NULL,"87548","pronlem_4.py",NULL,"team page"
"87549",NULL,"49","9502","12689","865","java","1775956865.282800000","1",NULL,NULL,"87549","grid",NULL,"team page"
"87550",NULL,"49","9525","12756","866","py3","1775956866.892000000","1",NULL,NULL,"87550","6.py",NULL,"team page"
"87551",NULL,"49","9558","12855","877","cpp","1775956867.994000000","1",NULL,NULL,"87551",NULL,NULL,"team page"
"87552",NULL,"49","9663","13171","862","pypy3","1775956870.243400000","1",NULL,NULL,"87552","calico_prob_no_4.py",NULL,"team page"
"87553",NULL,"49","9561","12864","859","pypy3","1775956873.596800000","1",NULL,NULL,"87553","piezoelectric.py",NULL,"team page"
"87554",NULL,"49","9978","14063","860","cpp","1775956876.948100000","1",NULL,NULL,"87554",NULL,NULL,"team page"
"87555",NULL,"49","9718","13335","867","pypy3","1775956878.158600000","1",NULL,NULL,"87555","problem7.py",NULL,"team page"
"87556",NULL,"49","9486","12639","869","cpp","1775956878.245800000","1",NULL,NULL,"87556",NULL,NULL,"team page"
"87557",NULL,"49","9219","11839","868","cpp","1775956881.545100000","1",NULL,NULL,"87557",NULL,NULL,"team page"
"87558",NULL,"49","9282","12027","865","cpp","1775956881.746400000","1",NULL,NULL,"87558",NULL,NULL,"team page"
"87559",NULL,"49","9797","13570","861","pypy3","1775956883.153900000","1",NULL,NULL,"87559","files_template.py",NULL,"team page"
"87560",NULL,"49","9598","12975","868","py3","1775956884.240700000","1",NULL,NULL,"87560","mycelium_template.py",NULL,"team page"
"87561",NULL,"49","10015","14174","865","py3","1775956886.341400000","1",NULL,NULL,"87561","main.py",NULL,"team page"
"87562",NULL,"49","10035","14225","877","py3","1775956887.698700000","1",NULL,NULL,"87562","lecture-4.py",NULL,"team page"
"87563",NULL,"49","9734","13385","877","py3","1775956889.743200000","1",NULL,NULL,"87563","11.py",NULL,"team page"
"87564",NULL,"49","9792","13555","866","cpp","1775956891.683700000","1",NULL,NULL,"87564",NULL,NULL,"team page"
"87565",NULL,"49","9899","13878","877","java","1775956894.709800000","1",NULL,NULL,"87565","JoshContext041209",NULL,"team page"
"87566",NULL,"49","9280","12022","867","cpp","1775956895.602900000","1",NULL,NULL,"87566",NULL,NULL,"team page"
"87567",NULL,"49","9788","13545","859","py3","1775956897.261300000","1",NULL,NULL,"87567","piezoelectric_template.py",NULL,"team page"
"87568",NULL,"49","9203","11792","863","cpp","1775956897.713000000","1",NULL,NULL,"87568",NULL,NULL,"team page"
"87569",NULL,"49","9357","12254","872","py3","1775956898.800700000","1",NULL,NULL,"87569","problem9.py",NULL,"team page"
"87570",NULL,"49","9606","13001","859","pypy3","1775956901.230400000","1",NULL,NULL,"87570","piezoelectric_template.py",NULL,"team page"
"87571",NULL,"49","9432","12477","872","cpp","1775956902.687400000","1",NULL,NULL,"87571",NULL,NULL,"team page"
"87572",NULL,"49","9258","11956","870","cpp","1775956905.844400000","1",NULL,NULL,"87572",NULL,NULL,"team page"
"87573",NULL,"49","9859","13756","862","cpp","1775956907.459500000","1",NULL,NULL,"87573",NULL,NULL,"team page"
"87574",NULL,"49","9525","12756","865","py3","1775956907.538800000","1",NULL,NULL,"87574","5b1.py",NULL,"team page"
"87575",NULL,"49","9589","12950","865","cpp","1775956908.216200000","1",NULL,NULL,"87575",NULL,NULL,"team page"
"87577",NULL,"49","9641","13106","866","java","1775956908.232800000","1",NULL,NULL,"87577","Solution",NULL,"team page"
"87578",NULL,"49","10006","14148","863","java","1775956909.027200000","1",NULL,NULL,"87578","UKCC.Main",NULL,"team page"
"87579",NULL,"49","9620","13041","868","cpp","1775956915.927900000","1",NULL,NULL,"87579",NULL,NULL,"team page"
"87580",NULL,"49","9217","11832","860","py3","1775956918.325500000","1",NULL,NULL,"87580","2.py",NULL,"team page"
"87581",NULL,"49","9927","13938","863","java","1775956919.081000000","1",NULL,NULL,"87581","Main",NULL,"team page"
"87582",NULL,"49","9991","14102","864","py3","1775956921.700500000","1",NULL,NULL,"87582","problem5.py",NULL,"team page"
"87583",NULL,"49","10008","14153","873","py3","1775956926.115400000","1",NULL,NULL,"87583","splitters2_template.py",NULL,"team page"
"87584",NULL,"49","9418","12435","879","pypy3","1775956926.585200000","1",NULL,NULL,"87584","multiplication_easy_template.py",NULL,"team page"
"87585",NULL,"49","9697","13272","873","pypy3","1775956930.588800000","1",NULL,NULL,"87585","problem2.py",NULL,"team page"
"87586",NULL,"49","9258","11956","870","cpp","1775956933.422700000","1",NULL,NULL,"87586",NULL,NULL,"team page"
"87587",NULL,"49","9756","13449","879","pypy3","1775956936.797500000","1",NULL,NULL,"87587","prob-multiplication_easy_main.py",NULL,"team page"
"87588",NULL,"49","9676","13209","863","cpp","1775956938.582100000","1",NULL,NULL,"87588",NULL,NULL,"team page"
"87589",NULL,"49","10084","14355","859","py3","1775956940.495000000","1",NULL,NULL,"87589","ProgramOne.py",NULL,"team page"
"87590",NULL,"49","9367","12283","872","cpp","1775956941.033900000","1",NULL,NULL,"87590",NULL,NULL,"team page"
"87591",NULL,"49","9603","12992","865","java","1775956941.469600000","1",NULL,NULL,"87591","Solution",NULL,"team page"
"87592",NULL,"49","9250","11931","868","py3","1775956942.728300000","1",NULL,NULL,"87592","v.py",NULL,"team page"
"87593",NULL,"49","9925","13932","868","cpp","1775956943.420000000","1",NULL,NULL,"87593",NULL,NULL,"team page"
"87594",NULL,"49","9282","12028","862","py3","1775956943.604500000","1",NULL,NULL,"87594","4.py",NULL,"team page"
"87595",NULL,"49","10055","14285","864","cpp","1775956945.347700000","1",NULL,NULL,"87595",NULL,NULL,"team page"
"87596",NULL,"49","9992","14105","862","cpp","1775956949.296400000","1",NULL,NULL,"87596",NULL,NULL,"team page"
"87597",NULL,"49","9435","12486","864","pypy3","1775956949.545400000","1",NULL,NULL,"87597","5_grid_sol1.py",NULL,"team page"
"87598",NULL,"49","9615","13026","862","py3","1775956950.610900000","1",NULL,NULL,"87598","q4.py",NULL,"team page"
"87599",NULL,"49","9219","11839","869","cpp","1775956954.933500000","1",NULL,NULL,"87599",NULL,NULL,"team page"
"87600",NULL,"49","9868","13783","861","py3","1775956955.116800000","1",NULL,NULL,"87600","files.py",NULL,"team page"
"87601",NULL,"49","9401","12384","862","py3","1775956955.797800000","1",NULL,NULL,"87601","laser.py",NULL,"team page"
"87602",NULL,"49","9351","12234","877","cpp","1775956957.643300000","1",NULL,NULL,"87602",NULL,NULL,"team page"
"87603",NULL,"49","9746","13421","866","py3","1775956958.570200000","1",NULL,NULL,"87603","notebooks_Intro.py",NULL,"team page"
"87604",NULL,"49","9877","13812","867","cpp","1775956960.344500000","1",NULL,NULL,"87604",NULL,NULL,"team page"
"87605",NULL,"49","9816","13628","870","py3","1775956960.404400000","1",NULL,NULL,"87605","mycelium_template.py",NULL,"team page"
"87606",NULL,"49","9700","13282","872","cpp","1775956960.655400000","1",NULL,NULL,"87606",NULL,NULL,"team page"
"87607",NULL,"49","9282","12029","862","py3","1775956962.127400000","1",NULL,NULL,"87607","laser_template.py",NULL,"team page"
"87608",NULL,"49","9639","13099","867","cpp","1775956963.589000000","1",NULL,NULL,"87608",NULL,NULL,"team page"
"87609",NULL,"49","9836","13687","872","py3","1775956964.849400000","1",NULL,NULL,"87609","splitters_template.py",NULL,"team page"
"87610",NULL,"49","9447","12522","865","cpp","1775956965.590700000","1",NULL,NULL,"87610",NULL,NULL,"team page"
"87611",NULL,"49","9850","13729","863","py3","1775956966.039800000","1",NULL,NULL,"87611","laser_template.py",NULL,"team page"
"87613",NULL,"49","9983","14078","864","cpp","1775956967.464900000","1",NULL,NULL,"87613",NULL,NULL,"team page"
"87614",NULL,"49","9693","13260","877","cpp","1775956968.443800000","1",NULL,NULL,"87614",NULL,NULL,"team page"
"87615",NULL,"49","9858","13755","864","py3","1775956969.853900000","1",NULL,NULL,"87615","5.py",NULL,"team page"
"87616",NULL,"49","10048","14263","865","java","1775956970.370500000","1",NULL,NULL,"87616","D",NULL,"team page"
"87617",NULL,"49","9465","12576","866","cpp","1775956971.243600000","1",NULL,NULL,"87617",NULL,NULL,"team page"
"87618",NULL,"49","9949","14006","860","py3","1775956971.349500000","1",NULL,NULL,"87618","nah_template.py",NULL,"team page"
"87619",NULL,"49","9584","12933","861","py3","1775956973.315100000","1",NULL,NULL,"87619","problem3.py",NULL,"team page"
"87620",NULL,"49","10050","14269","864","pypy3","1775956973.358500000","1",NULL,NULL,"87620","grid_main.py",NULL,"team page"
"87621",NULL,"49","9343","12211","879","cpp","1775956975.654400000","1",NULL,NULL,"87621",NULL,NULL,"team page"
"87622",NULL,"49","9803","13589","867","pypy3","1775956978.629500000","1",NULL,NULL,"87622","q7.py",NULL,"team page"
"87623",NULL,"49","9611","13014","863","py3","1775956978.696900000","1",NULL,NULL,"87623","laser_template.py",NULL,"team page"
"87624",NULL,"49","9784","13533","864","cpp","1775956980.901800000","1",NULL,NULL,"87624",NULL,NULL,"team page"
"87625",NULL,"49","9923","13928","868","py3","1775956982.216000000","1",NULL,NULL,"87625","p8.py",NULL,"team page"
"87626",NULL,"49","9559","12859","864","py3","1775956983.379200000","1",NULL,NULL,"87626","P5.py",NULL,"team page"
"87627",NULL,"49","10069","14327","862","pypy3","1775956985.855900000","1",NULL,NULL,"87627","4.py",NULL,"team page"
"87628",NULL,"49","10063","14308","863","pypy3","1775956986.732900000","1",NULL,NULL,"87628","solution.py",NULL,"team page"
"87629",NULL,"49","9996","14117","868","java","1775956987.400400000","1",NULL,NULL,"87629","mycelium_template",NULL,"team page"
"87630",NULL,"49","9892","13857","868","pypy3","1775956988.878400000","1",NULL,NULL,"87630","mycelium_template.py",NULL,"team page"
"87631",NULL,"49","9930","13947","864","cpp","1775956989.029400000","1",NULL,NULL,"87631",NULL,NULL,"team page"
"87632",NULL,"49","9988","14095","869","pypy3","1775956991.107800000","1",NULL,NULL,"87632","mycelium_template.py",NULL,"team page"
"87633",NULL,"49","9925","13932","869","cpp","1775956992.146200000","1",NULL,NULL,"87633",NULL,NULL,"team page"
"87634",NULL,"49","9729","13368","868","pypy3","1775956994.789900000","1",NULL,NULL,"87634","2.py",NULL,"team page"
"87635",NULL,"49","9535","12786","868","cpp","1775956995.124400000","1",NULL,NULL,"87635",NULL,NULL,"team page"
"87636",NULL,"49","9819","13636","859","pypy3","1775956996.236000000","1",NULL,NULL,"87636","piezoelectric_template.py",NULL,"team page"
"87637",NULL,"49","9646","13120","861","cpp","1775956998.314400000","1",NULL,NULL,"87637",NULL,NULL,"team page"
"87638",NULL,"49","9489","12648","862","py3","1775957002.195900000","1",NULL,NULL,"87638","laser_template.py",NULL,"team page"
"87639",NULL,"49","9930","13947","865","cpp","1775957004.186300000","1",NULL,NULL,"87639",NULL,NULL,"team page"
"87640",NULL,"49","9718","13335","867","pypy3","1775957005.142700000","1",NULL,NULL,"87640","problem7.py",NULL,"team page"
"87641",NULL,"49","9478","12615","869","py3","1775957006.531100000","1",NULL,NULL,"87641","mycelium.py",NULL,"team page"
"87642",NULL,"49","9925","13932","870","cpp","1775957007.253100000","1",NULL,NULL,"87642",NULL,NULL,"team page"
"87643",NULL,"49","9693","13261","873","cpp","1775957007.315700000","1",NULL,NULL,"87643",NULL,NULL,"team page"
"87644",NULL,"49","9444","12513","860","cpp","1775957007.398400000","1",NULL,NULL,"87644",NULL,NULL,"team page"
"87645",NULL,"49","9562","12869","872","cpp","1775957007.908000000","1",NULL,NULL,"87645",NULL,NULL,"team page"
"87646",NULL,"49","10055","14285","865","cpp","1775957009.581200000","1",NULL,NULL,"87646",NULL,NULL,"team page"
"87647",NULL,"49","9282","12029","863","py3","1775957012.599700000","1",NULL,NULL,"87647","laser_template.py",NULL,"team page"
"87648",NULL,"49","9206","11799","869","cpp","1775957012.835100000","1",NULL,NULL,"87648",NULL,NULL,"team page"
"87649",NULL,"49","9408","12406","865","cpp","1775957013.101800000","1",NULL,NULL,"87649",NULL,NULL,"team page"
"87650",NULL,"49","10009","14156","864","cpp","1775957013.941400000","1",NULL,NULL,"87650",NULL,NULL,"team page"
"87651",NULL,"49","9508","12706","861","py3","1775957014.407000000","1",NULL,NULL,"87651","files.py",NULL,"team page"
"87652",NULL,"49","10006","14148","865","java","1775957015.036900000","1",NULL,NULL,"87652","UKCC.Main",NULL,"team page"
"87653",NULL,"49","9479","12618","860","pypy3","1775957015.083600000","1",NULL,NULL,"87653","p2.py",NULL,"team page"
"87654",NULL,"49","9219","11839","869","cpp","1775957016.178800000","1",NULL,NULL,"87654",NULL,NULL,"team page"
"87655",NULL,"49","9886","13837","865","java","1775957017.430400000","1",NULL,NULL,"87655","problem5",NULL,"team page"
"87656",NULL,"49","10029","14206","873","py3","1775957017.721700000","1",NULL,NULL,"87656","splitterssol2.py",NULL,"team page"
"87657",NULL,"49","9339","12198","865","py3","1775957020.118400000","1",NULL,NULL,"87657","prob5.py",NULL,"team page"
"87658",NULL,"49","10096","14389","879","cpp","1775957023.885600000","1",NULL,NULL,"87658",NULL,NULL,"team page"
"87659",NULL,"49","9282","12028","863","py3","1775957024.058400000","1",NULL,NULL,"87659","4.py",NULL,"team page"
"87660",NULL,"49","9925","13932","871","cpp","1775957028.665400000","1",NULL,NULL,"87660",NULL,NULL,"team page"
"87661",NULL,"49","9559","12859","865","py3","1775957030.740600000","1",NULL,NULL,"87661","P5.py",NULL,"team page"
"87662",NULL,"49","9688","13246","864","py3","1775957031.105900000","1",NULL,NULL,"87662","5.py",NULL,"team page"
"87663",NULL,"49","9899","13878","877","java","1775957031.240400000","1",NULL,NULL,"87663","JoshContext041209",NULL,"team page"
"87664",NULL,"49","9818","13635","877","cpp","1775957031.751800000","1",NULL,NULL,"87664",NULL,NULL,"team page"
"87665",NULL,"49","9858","13755","871","py3","1775957031.906700000","1",NULL,NULL,"87665","83.py",NULL,"team page"
"87666",NULL,"49","9549","12828","862","py3","1775957031.945300000","1",NULL,NULL,"87666","laser.py",NULL,"team page"
"87667",NULL,"49","9328","12165","872","cpp","1775957033.597700000","1",NULL,NULL,"87667",NULL,NULL,"team page"
"87668",NULL,"49","9726","13360","868","py3","1775957033.888100000","1",NULL,NULL,"87668","mycelium.py",NULL,"team page"
"87669",NULL,"49","9889","13846","879","cpp","1775957037.946200000","1",NULL,NULL,"87669",NULL,NULL,"team page"
"87670",NULL,"49","9351","12235","872","cpp","1775957039.096400000","1",NULL,NULL,"87670",NULL,NULL,"team page"
"87671",NULL,"49","9418","12435","879","pypy3","1775957039.265100000","1",NULL,NULL,"87671","multiplication_easy_template.py",NULL,"team page"
"87672",NULL,"49","9729","13368","869","py3","1775957041.096600000","1",NULL,NULL,"87672","2.py",NULL,"team page"
"87673",NULL,"49","9438","12495","862","pypy3","1775957042.121200000","1",NULL,NULL,"87673","laser_template.py",NULL,"team page"
"87674",NULL,"49","10061","14302","860","py3","1775957043.234100000","1",NULL,NULL,"87674","nah_template.py",NULL,"team page"
"87675",NULL,"49","9518","12735","861","py3","1775957043.448000000","1",NULL,NULL,"87675","C3.py",NULL,"team page"
"87676",NULL,"49","9803","13588","864","py3","1775957044.727800000","1",NULL,NULL,"87676","grid_template.py",NULL,"team page"
"87677",NULL,"49","9778","13515","862","py3","1775957048.992200000","1",NULL,NULL,"87677","laser_template.py",NULL,"team page"
"87678",NULL,"49","9528","12766","861","java","1775957049.480900000","1",NULL,NULL,"87678","calico.replacement",NULL,"team page"
"87679",NULL,"49","9725","13356","862","py3","1775957054.375000000","1",NULL,NULL,"87679","Q4.py",NULL,"team page"
"87680",NULL,"49","9616","13029","860","cpp","1775957055.326700000","1",NULL,NULL,"87680",NULL,NULL,"team page"
"87681",NULL,"49","9917","13909","868","pypy3","1775957058.354700000","1",NULL,NULL,"87681","8.py",NULL,"team page"
"87682",NULL,"49","9718","13335","867","py3","1775957059.013600000","1",NULL,NULL,"87682","problem7.py",NULL,"team page"
"87683",NULL,"49","9693","13260","877","cpp","1775957059.836800000","1",NULL,NULL,"87683",NULL,NULL,"team page"
"87684",NULL,"49","9973","14048","864","cpp","1775957063.172500000","1",NULL,NULL,"87684",NULL,NULL,"team page"
"87685",NULL,"49","9217","11832","866","cpp","1775957070.898400000","1",NULL,NULL,"87685",NULL,NULL,"team page"
"87686",NULL,"49","9975","14055","880","py3","1775957071.918500000","1",NULL,NULL,"87686","plication.py",NULL,"team page"
"87687",NULL,"49","9956","14025","861","py3","1775957072.095100000","1",NULL,NULL,"87687","files_main.py",NULL,"team page"
"87688",NULL,"49","9537","12792","873","cpp","1775957073.919600000","1",NULL,NULL,"87688",NULL,NULL,"team page"
"87689",NULL,"49","9282","12028","863","py3","1775957075.416800000","1",NULL,NULL,"87689","4.py",NULL,"team page"
"87690",NULL,"49","9941","13981","862","py3","1775957082.650100000","1",NULL,NULL,"87690","laser_template.py",NULL,"team page"
"87691",NULL,"49","10050","14269","864","pypy3","1775957083.145000000","1",NULL,NULL,"87691","grid_main.py",NULL,"team page"
"87692",NULL,"49","9796","13567","862","py3","1775957083.494000000","1",NULL,NULL,"87692","main.py",NULL,"team page"
"87693",NULL,"49","10016","14178","868","py3","1775957085.198600000","1",NULL,NULL,"87693","mycelium.py",NULL,"team page"
"87694",NULL,"49","9748","13426","868","pypy3","1775957086.289800000","1",NULL,NULL,"87694","P5.py",NULL,"team page"
"87695",NULL,"49","9408","12407","867","cpp","1775957087.182800000","1",NULL,NULL,"87695",NULL,NULL,"team page"
"87696",NULL,"49","9435","12486","865","pypy3","1775957087.555300000","1",NULL,NULL,"87696","5_grid_sol1.py",NULL,"team page"
"87697",NULL,"49","9627","13064","866","cpp","1775957089.620800000","1",NULL,NULL,"87697",NULL,NULL,"team page"
"87698",NULL,"49","9890","13850","861","java","1775957090.722500000","1",NULL,NULL,"87698","Main",NULL,"team page"
"87699",NULL,"49","9658","13156","865","cpp","1775957090.939900000","1",NULL,NULL,"87699",NULL,NULL,"team page"
"87700",NULL,"49","10004","14141","863","pypy3","1775957093.484700000","1",NULL,NULL,"87700","t412a.py",NULL,"team page"
"87701",NULL,"49","9375","12307","868","pypy3","1775957095.535800000","1",NULL,NULL,"87701","8.py",NULL,"team page"
"87702",NULL,"49","9750","13432","861","cpp","1775957098.515900000","1",NULL,NULL,"87702",NULL,NULL,"team page"
"87703",NULL,"49","10062","14305","862","py3","1775957099.256700000","1",NULL,NULL,"87703","laser.py",NULL,"team page"
"87704",NULL,"49","9712","13317","872","cpp","1775957103.363200000","1",NULL,NULL,"87704",NULL,NULL,"team page"
"87705",NULL,"49","9994","14112","866","java","1775957105.256100000","1",NULL,NULL,"87705","Main",NULL,"team page"
"87706",NULL,"49","9308","12106","863","cpp","1775957107.364700000","1",NULL,NULL,"87706",NULL,NULL,"team page"
"87707",NULL,"49","9525","12756","867","py3","1775957108.588200000","1",NULL,NULL,"87707","7.py",NULL,"team page"
"87708",NULL,"49","10016","14178","868","py3","1775957109.950500000","1",NULL,NULL,"87708","mycelium.py",NULL,"team page"
"87709",NULL,"49","9206","11799","869","cpp","1775957111.119700000","1",NULL,NULL,"87709",NULL,NULL,"team page"
"87710",NULL,"49","9850","13729","863","py3","1775957113.201700000","1",NULL,NULL,"87710","laser_template.py",NULL,"team page"
"87711",NULL,"49","9816","13628","869","pypy3","1775957114.344600000","1",NULL,NULL,"87711","mycelium_template.py",NULL,"team page"
"87712",NULL,"49","9526","12759","863","cpp","1775957114.495400000","1",NULL,NULL,"87712",NULL,NULL,"team page"
"87713",NULL,"49","9795","13565","879","cpp","1775957114.844800000","1",NULL,NULL,"87713",NULL,NULL,"team page"
"87714",NULL,"49","10068","14323","877","py3","1775957115.489900000","1",NULL,NULL,"87714","problemmain.py",NULL,"team page"
"87715",NULL,"49","9784","13533","864","cpp","1775957117.597800000","1",NULL,NULL,"87715",NULL,NULL,"team page"
"87716",NULL,"49","10063","14308","863","pypy3","1775957119.218300000","1",NULL,NULL,"87716","solution.py",NULL,"team page"
"87717",NULL,"49","9870","13791","860","pypy3","1775957120.561800000","1",NULL,NULL,"87717","solution.py",NULL,"team page"
"87718",NULL,"49","10057","14290","868","pypy3","1775957121.243400000","1",NULL,NULL,"87718","eight.py",NULL,"team page"
"87719",NULL,"49","9778","13515","863","py3","1775957121.996400000","1",NULL,NULL,"87719","laser_template.py",NULL,"team page"
"87720",NULL,"49","9261","11965","862","pypy3","1775957124.530500000","1",NULL,NULL,"87720","calico4th.py",NULL,"team page"
"87721",NULL,"49","9232","11879","862","java","1775957129.826000000","1",NULL,NULL,"87721","prob4",NULL,"team page"
"87722",NULL,"49","9375","12307","869","pypy3","1775957130.674900000","1",NULL,NULL,"87722","8.py",NULL,"team page"
"87723",NULL,"49","9718","13335","867","py3","1775957131.910300000","1",NULL,NULL,"87723","problem7.py",NULL,"team page"
"87724",NULL,"49","9392","12358","868","cpp","1775957133.729600000","1",NULL,NULL,"87724",NULL,NULL,"team page"
"87725",NULL,"49","9894","13862","862","cpp","1775957136.507400000","1",NULL,NULL,"87725",NULL,NULL,"team page"
"87726",NULL,"49","9378","12317","872","py3","1775957139.324200000","1",NULL,NULL,"87726","splitters_template.py",NULL,"team page"
"87727",NULL,"49","9301","12084","872","cpp","1775957139.716100000","1",NULL,NULL,"87727",NULL,NULL,"team page"
"87728",NULL,"49","9525","12756","866","py3","1775957141.171300000","1",NULL,NULL,"87728","6.py",NULL,"team page"
"87729",NULL,"49","9353","12240","879","cpp","1775957144.175300000","1",NULL,NULL,"87729",NULL,NULL,"team page"
"87730",NULL,"49","9803","13590","872","pypy3","1775957144.644200000","1",NULL,NULL,"87730","problem9.py",NULL,"team page"
"87731",NULL,"49","9923","13928","869","py3","1775957145.536600000","1",NULL,NULL,"87731","p8.py",NULL,"team page"
"87732",NULL,"49","9543","12810","868","cpp","1775957146.660900000","1",NULL,NULL,"87732",NULL,NULL,"team page"
"87733",NULL,"49","10051","14273","879","py3","1775957147.169900000","1",NULL,NULL,"87733","bruh_geiniguiyige.py",NULL,"team page"
"87734",NULL,"49","9693","13260","877","cpp","1775957147.326500000","1",NULL,NULL,"87734",NULL,NULL,"team page"
"87735",NULL,"49","9508","12706","865","py3","1775957150.523200000","1",NULL,NULL,"87735","grid_fill.py",NULL,"team page"
"87736",NULL,"49","10061","14302","860","py3","1775957151.892400000","1",NULL,NULL,"87736","nah_template.py",NULL,"team page"
"87737",NULL,"49","10063","14308","863","py3","1775957153.248300000","1",NULL,NULL,"87737","solution.py",NULL,"team page"
"87738",NULL,"49","9918","13912","870","cpp","1775957153.788600000","1",NULL,NULL,"87738",NULL,NULL,"team page"
"87739",NULL,"49","9978","14063","860","cpp","1775957157.775900000","1",NULL,NULL,"87739",NULL,NULL,"team page"
"87740",NULL,"49","9350","12231","878","py3","1775957158.335500000","1",NULL,NULL,"87740","Problem11B1.py",NULL,"team page"
"87741",NULL,"49","9693","13260","877","cpp","1775957158.497200000","1",NULL,NULL,"87741",NULL,NULL,"team page"
"87742",NULL,"49","9917","13910","863","py3","1775957160.721400000","1",NULL,NULL,"87742","main.py",NULL,"team page"
"87743",NULL,"49","9436","12489","866","java","1775957163.953400000","1",NULL,NULL,"87743","Q6",NULL,"team page"
"87744",NULL,"49","9647","13124","869","cpp","1775957165.801100000","1",NULL,NULL,"87744",NULL,NULL,"team page"
"87745",NULL,"49","9681","13224","865","py3","1775957168.482500000","1",NULL,NULL,"87745","smelly-sky-692.py",NULL,"team page"
"87746",NULL,"49","9610","13011","862","pypy3","1775957168.560900000","1",NULL,NULL,"87746","laser_problem.py",NULL,"team page"
"87747",NULL,"49","9649","13128","872","cpp","1775957168.719200000","1",NULL,NULL,"87747",NULL,NULL,"team page"
"87748",NULL,"49","9693","13260","877","cpp","1775957171.505900000","1",NULL,NULL,"87748",NULL,NULL,"team page"
"87749",NULL,"49","10009","14156","861","cpp","1775957171.571700000","1",NULL,NULL,"87749",NULL,NULL,"team page"
"87750",NULL,"49","10068","14323","869","py3","1775957174.189600000","1",NULL,NULL,"87750","mycelium_bonus1.py",NULL,"team page"
"87751",NULL,"49","10015","14174","865","py3","1775957175.047600000","1",NULL,NULL,"87751","main.py",NULL,"team page"
"87752",NULL,"49","10082","14349","862","py3","1775957175.432800000","1",NULL,NULL,"87752","discretelaser.py",NULL,"team page"
"87753",NULL,"49","10008","14154","861","java","1775957181.300600000","1",NULL,NULL,"87753","theBigBenFiles.TheBigBenFiles",NULL,"team page"
"87754",NULL,"49","9615","13026","862","py3","1775957182.659200000","1",NULL,NULL,"87754","q4.py",NULL,"team page"
"87755",NULL,"49","10035","14225","877","cpp","1775957187.963100000","1",NULL,NULL,"87755",NULL,NULL,"team page"
"87756",NULL,"49","9418","12435","860","pypy3","1775957188.547400000","1",NULL,NULL,"87756","nah_template.py",NULL,"team page"
"87757",NULL,"49","9748","13425","866","py3","1775957188.967400000","1",NULL,NULL,"87757","6.py",NULL,"team page"
"87758",NULL,"49","9657","13152","872","cpp","1775957189.051600000","1",NULL,NULL,"87758",NULL,NULL,"team page"
"87759",NULL,"49","9994","14112","866","java","1775957191.540200000","1",NULL,NULL,"87759","Main",NULL,"team page"
"87760",NULL,"49","9779","13519","862","cpp","1775957200.414900000","1",NULL,NULL,"87760",NULL,NULL,"team page"
"87761",NULL,"49","10084","14353","861","py3","1775957201.187400000","1",NULL,NULL,"87761","Program3.py",NULL,"team page"
"87762",NULL,"49","9668","13187","869","cpp","1775957201.656000000","1",NULL,NULL,"87762",NULL,NULL,"team page"
"87763",NULL,"49","10070","14329","872","cpp","1775957205.786300000","1",NULL,NULL,"87763",NULL,NULL,"team page"
"87764",NULL,"49","9354","12245","861","cpp","1775957206.827900000","1",NULL,NULL,"87764",NULL,NULL,"team page"
"87765",NULL,"49","9431","12475","864","py3","1775957207.238700000","1",NULL,NULL,"87765","grid-fill.py",NULL,"team page"
"87766",NULL,"49","10069","14327","863","pypy3","1775957207.996000000","1",NULL,NULL,"87766","4p.py",NULL,"team page"
"87767",NULL,"49","9737","13394","863","py3","1775957208.284100000","1",NULL,NULL,"87767","laser_main.py",NULL,"team page"
"87768",NULL,"49","9753","13440","867","cpp","1775957208.992700000","1",NULL,NULL,"87768",NULL,NULL,"team page"
"87769",NULL,"49","9631","13074","863","cpp","1775957210.885000000","1",NULL,NULL,"87769",NULL,NULL,"team page"
"87770",NULL,"49","9642","13108","862","java","1775957211.261500000","1",NULL,NULL,"87770","calico_2",NULL,"team page"
"87771",NULL,"49","9902","13885","877","py3","1775957212.993100000","1",NULL,NULL,"87771","11.py",NULL,"team page"
"87772",NULL,"49","9886","13837","865","java","1775957213.978700000","1",NULL,NULL,"87772","problem5",NULL,"team page"
"87773",NULL,"49","9776","13511","859","py3","1775957215.505400000","1",NULL,NULL,"87773","piezoelectric_template.py",NULL,"team page"
"87774",NULL,"49","9850","13729","872","py3","1775957216.372500000","1",NULL,NULL,"87774","splitters_template.py",NULL,"team page"
"87775",NULL,"49","9261","11965","862","py3","1775957218.425800000","1",NULL,NULL,"87775","calico4th.py",NULL,"team page"
"87776",NULL,"49","9734","13385","879","py3","1775957218.456200000","1",NULL,NULL,"87776","12.py",NULL,"team page"
"87777",NULL,"49","9873","13800","867","cpp","1775957220.897800000","1",NULL,NULL,"87777",NULL,NULL,"team page"
"87778",NULL,"49","9859","13756","862","cpp","1775957224.640600000","1",NULL,NULL,"87778",NULL,NULL,"team page"
"87779",NULL,"49","10005","14144","864","cpp","1775957225.879900000","1",NULL,NULL,"87779",NULL,NULL,"team page"
"87780",NULL,"49","9499","12678","872","cpp","1775957227.787800000","1",NULL,NULL,"87780",NULL,NULL,"team page"
"87781",NULL,"49","9301","12084","872","cpp","1775957227.858300000","1",NULL,NULL,"87781",NULL,NULL,"team page"
"87782",NULL,"49","9219","11839","869","cpp","1775957229.794300000","1",NULL,NULL,"87782",NULL,NULL,"team page"
"87783",NULL,"49","9608","13007","862","cpp","1775957231.266800000","1",NULL,NULL,"87783",NULL,NULL,"team page"
"87784",NULL,"49","9373","12302","872","cpp","1775957231.365200000","1",NULL,NULL,"87784",NULL,NULL,"team page"
"87785",NULL,"49","9936","13965","861","cpp","1775957233.629300000","1",NULL,NULL,"87785",NULL,NULL,"team page"
"87786",NULL,"49","10084","14353","861","py3","1775957234.301100000","1",NULL,NULL,"87786","Program3.py",NULL,"team page"
"87787",NULL,"49","9803","13590","863","pypy3","1775957238.259500000","1",NULL,NULL,"87787","problem4b1.py",NULL,"team page"
"87788",NULL,"49","9370","12291","873","cpp","1775957238.738200000","1",NULL,NULL,"87788",NULL,NULL,"team page"
"87789",NULL,"49","9258","11956","870","cpp","1775957240.804600000","1",NULL,NULL,"87789",NULL,NULL,"team page"
"87790",NULL,"49","9837","13690","861","py3","1775957242.365000000","1",NULL,NULL,"87790","files_template.py",NULL,"team page"
"87791",NULL,"49","9548","12825","867","cpp","1775957242.741800000","1",NULL,NULL,"87791",NULL,NULL,"team page"
"87792",NULL,"49","9362","12268","868","cpp","1775957244.000900000","1",NULL,NULL,"87792",NULL,NULL,"team page"
"87793",NULL,"49","9816","13628","869","pypy3","1775957244.651600000","1",NULL,NULL,"87793","mycelium_template.py",NULL,"team page"
"87794",NULL,"49","9279","12018","863","cpp","1775957245.070800000","1",NULL,NULL,"87794",NULL,NULL,"team page"
"87795",NULL,"49","9818","13635","877","cpp","1775957255.776600000","1",NULL,NULL,"87795",NULL,NULL,"team page"
"87796",NULL,"49","9512","12717","868","cpp","1775957257.046900000","1",NULL,NULL,"87796",NULL,NULL,"team page"
"87797",NULL,"49","9392","12358","868","cpp","1775957259.332600000","1",NULL,NULL,"87797",NULL,NULL,"team page"
"87798",NULL,"49","10068","14323","880","py3","1775957260.577100000","1",NULL,NULL,"87798","12.py",NULL,"team page"
"87799",NULL,"49","9367","12283","872","cpp","1775957261.393500000","1",NULL,NULL,"87799",NULL,NULL,"team page"
"87800",NULL,"49","9250","11933","860","py3","1775957261.628000000","1",NULL,NULL,"87800","main.py",NULL,"team page"
"87801",NULL,"49","9786","13539","879","py3","1775957261.863800000","1",NULL,NULL,"87801","shittyai.py",NULL,"team page"
"87802",NULL,"49","9756","13449","864","pypy3","1775957263.268600000","1",NULL,NULL,"87802","prob_grid_main.py",NULL,"team page"
"87803",NULL,"49","9328","12167","863","cpp","1775957265.344400000","1",NULL,NULL,"87803",NULL,NULL,"team page"
"87804",NULL,"49","9245","11918","865","cpp","1775957267.330800000","1",NULL,NULL,"87804",NULL,NULL,"team page"
"87805",NULL,"49","9245","11918","865","cpp","1775957267.676200000","1",NULL,NULL,"87805",NULL,NULL,"team page"
"87806",NULL,"49","9259","11960","861","cpp","1775957269.682400000","1",NULL,NULL,"87806",NULL,NULL,"team page"
"87807",NULL,"49","9779","13519","862","cpp","1775957272.049900000","1",NULL,NULL,"87807",NULL,NULL,"team page"
"87808",NULL,"49","9355","12246","861","py3","1775957274.109800000","1",NULL,NULL,"87808","files.py",NULL,"team page"
"87809",NULL,"49","10029","14206","873","py3","1775957276.360100000","1",NULL,NULL,"87809","splitterssol3.py",NULL,"team page"
"87810",NULL,"49","9973","14048","864","cpp","1775957276.920800000","1",NULL,NULL,"87810",NULL,NULL,"team page"
"87811",NULL,"49","9392","12358","869","cpp","1775957278.281000000","1",NULL,NULL,"87811",NULL,NULL,"team page"
"87812",NULL,"49","9857","13750","873","pypy3","1775957282.450300000","1",NULL,NULL,"87812","10.py",NULL,"team page"
"87813",NULL,"49","9772","13497","861","py3","1775957283.670800000","1",NULL,NULL,"87813","program3.py",NULL,"team page"
"87814",NULL,"49","9746","13419","870","cpp","1775957285.974900000","1",NULL,NULL,"87814",NULL,NULL,"team page"
"87815",NULL,"49","9431","12474","867","py3","1775957287.491800000","1",NULL,NULL,"87815","calico.py",NULL,"team page"
"87816",NULL,"49","9392","12358","870","cpp","1775957291.937400000","1",NULL,NULL,"87816",NULL,NULL,"team page"
"87817",NULL,"49","9646","13120","877","cpp","1775957292.063200000","1",NULL,NULL,"87817",NULL,NULL,"team page"
"87818",NULL,"49","9403","12392","872","pypy3","1775957292.186600000","1",NULL,NULL,"87818","question_9.py",NULL,"team page"
"87819",NULL,"49","9231","11874","862","py3","1775957292.277400000","1",NULL,NULL,"87819","problem_4.py",NULL,"team page"
"87820",NULL,"49","10057","14290","868","pypy3","1775957292.410800000","1",NULL,NULL,"87820","eight.py",NULL,"team page"
"87821",NULL,"49","9892","13857","868","pypy3","1775957293.474700000","1",NULL,NULL,"87821","mycelium_template.py",NULL,"team page"
"87822",NULL,"49","9638","13095","873","cpp","1775957294.373700000","1",NULL,NULL,"87822",NULL,NULL,"team page"
"87823",NULL,"49","9618","13035","867","java","1775957294.974400000","1",NULL,NULL,"87823","crisscross",NULL,"team page"
"87824",NULL,"49","10098","14395","870","cpp","1775957297.517400000","1",NULL,NULL,"87824",NULL,NULL,"team page"
"87825",NULL,"49","9588","12945","862","java","1775957298.380700000","1",NULL,NULL,"87825","Solution",NULL,"team page"
"87826",NULL,"49","9392","12358","871","cpp","1775957300.065200000","1",NULL,NULL,"87826",NULL,NULL,"team page"
"87827",NULL,"49","9729","13369","863","py3","1775957304.065900000","1",NULL,NULL,"87827","main.py",NULL,"team page"
"87828",NULL,"49","9574","12903","867","py3","1775957304.497400000","1",NULL,NULL,"87828","cross.py",NULL,"team page"
"87829",NULL,"49","9250","11933","860","py3","1775957305.555200000","1",NULL,NULL,"87829","main.py",NULL,"team page"
"87830",NULL,"49","9737","13393","861","pypy3","1775957307.909800000","1",NULL,NULL,"87830","question_3.py",NULL,"team page"
"87831",NULL,"49","9737","13394","865","py3","1775957308.028200000","1",NULL,NULL,"87831","grid_main.py",NULL,"team page"
"87832",NULL,"49","9753","13440","867","cpp","1775957312.051900000","1",NULL,NULL,"87832",NULL,NULL,"team page"
"87833",NULL,"49","9873","13800","867","cpp","1775957312.991200000","1",NULL,NULL,"87833",NULL,NULL,"team page"
"87834",NULL,"49","9925","13932","870","cpp","1775957313.867200000","1",NULL,NULL,"87834",NULL,NULL,"team page"
"87835",NULL,"49","9690","13253","864","cpp","1775957315.306100000","1",NULL,NULL,"87835",NULL,NULL,"team page"
"87836",NULL,"49","9282","12028","862","py3","1775957321.926700000","1",NULL,NULL,"87836","4.py",NULL,"team page"
"87837",NULL,"49","9947","13998","863","py3","1775957322.316600000","1",NULL,NULL,"87837","coderbunny4.py",NULL,"team page"
"87838",NULL,"49","9680","13222","873","cpp","1775957324.385600000","1",NULL,NULL,"87838",NULL,NULL,"team page"
"87839",NULL,"49","9975","14054","861","java","1775957325.674600000","1",NULL,NULL,"87839","Main",NULL,"team page"
"87840",NULL,"49","9250","11931","868","py3","1775957326.896100000","1",NULL,NULL,"87840","v.py",NULL,"team page"
"87841",NULL,"49","9787","13542","872","cpp","1775957328.426400000","1",NULL,NULL,"87841",NULL,NULL,"team page"
"87842",NULL,"49","9992","14105","862","cpp","1775957329.509700000","1",NULL,NULL,"87842",NULL,NULL,"team page"
"87843",NULL,"49","9919","13916","862","cpp","1775957331.477400000","1",NULL,NULL,"87843",NULL,NULL,"team page"
"87844",NULL,"49","9899","13878","867","java","1775957331.992800000","1",NULL,NULL,"87844","JoshContext041211",NULL,"team page"
"87845",NULL,"49","9917","13909","868","pypy3","1775957332.227200000","1",NULL,NULL,"87845","8.py",NULL,"team page"
"87846",NULL,"49","9282","12028","863","py3","1775957333.315800000","1",NULL,NULL,"87846","4.py",NULL,"team page"
"87847",NULL,"49","9369","12289","867","cpp","1775957334.212000000","1",NULL,NULL,"87847",NULL,NULL,"team page"
"87848",NULL,"49","9892","13857","869","pypy3","1775957334.562900000","1",NULL,NULL,"87848","mycelium_template.py",NULL,"team page"
"87849",NULL,"49","9859","13756","862","cpp","1775957334.800900000","1",NULL,NULL,"87849",NULL,NULL,"team page"
"87850",NULL,"49","9806","13597","877","cpp","1775957335.831200000","1",NULL,NULL,"87850",NULL,NULL,"team page"
"87851",NULL,"49","9782","13527","859","py3","1775957336.270500000","1",NULL,NULL,"87851","piezoelectric_main.py",NULL,"team page"
"87852",NULL,"49","9923","13926","863","cpp","1775957337.331900000","1",NULL,NULL,"87852",NULL,NULL,"team page"
"87853",NULL,"49","9535","12786","869","cpp","1775957338.892700000","1",NULL,NULL,"87853",NULL,NULL,"team page"
"87854",NULL,"49","9250","11931","869","py3","1775957340.494400000","1",NULL,NULL,"87854","v.py",NULL,"team page"
"87855",NULL,"49","9900","13879","867","cpp","1775957342.973000000","1",NULL,NULL,"87855",NULL,NULL,"team page"
"87856",NULL,"49","10068","14323","881","py3","1775957343.010600000","1",NULL,NULL,"87856","122.py",NULL,"team page"
"87857",NULL,"49","9296","12069","873","cpp","1775957344.013100000","1",NULL,NULL,"87857",NULL,NULL,"team page"
"87858",NULL,"49","9476","12609","864","py3","1775957345.539700000","1",NULL,NULL,"87858","grid_template.py",NULL,"team page"
"87859",NULL,"49","10016","14178","879","py3","1775957346.048200000","1",NULL,NULL,"87859","competewithAI.py",NULL,"team page"
"87860",NULL,"49","9726","13360","868","py3","1775957347.281000000","1",NULL,NULL,"87860","mycelium.py",NULL,"team page"
"87861",NULL,"49","9508","12706","864","py3","1775957351.473000000","1",NULL,NULL,"87861","grid_fill.py",NULL,"team page"
"87862",NULL,"49","9858","13755","877","py3","1775957353.374800000","1",NULL,NULL,"87862","11.py",NULL,"team page"
"87863",NULL,"49","9543","12810","869","cpp","1775957353.990100000","1",NULL,NULL,"87863",NULL,NULL,"team page"
"87864",NULL,"49","9408","12406","865","cpp","1775957353.996300000","1",NULL,NULL,"87864",NULL,NULL,"team page"
"87865",NULL,"49","10016","14179","865","pypy3","1775957356.445100000","1",NULL,NULL,"87865","Q5.py",NULL,"team page"
"87866",NULL,"49","9992","14105","862","cpp","1775957357.328600000","1",NULL,NULL,"87866",NULL,NULL,"team page"
"87867",NULL,"49","9877","13811","873","py3","1775957357.866100000","1",NULL,NULL,"87867","splitters2.py",NULL,"team page"
"87868",NULL,"49","9893","13860","860","py3","1775957359.880600000","1",NULL,NULL,"87868","files_template.py",NULL,"team page"
"87869",NULL,"49","9904","13893","862","cpp","1775957359.884800000","1",NULL,NULL,"87869",NULL,NULL,"team page"
"87870",NULL,"49","9355","12246","861","py3","1775957361.026400000","1",NULL,NULL,"87870","files.py",NULL,"team page"
"87871",NULL,"49","9201","11784","864","py3","1775957361.340900000","1",NULL,NULL,"87871","problem_5.py",NULL,"team page"
"87872",NULL,"49","9900","13880","868","py3","1775957363.970400000","1",NULL,NULL,"87872","mycelium_template.py",NULL,"team page"
"87873",NULL,"49","9378","12317","872","py3","1775957364.209100000","1",NULL,NULL,"87873","splitters_template.py",NULL,"team page"
"87874",NULL,"49","9994","14112","866","java","1775957364.957800000","1",NULL,NULL,"87874","Main",NULL,"team page"
"87875",NULL,"49","9824","13652","861","py3","1775957366.121700000","1",NULL,NULL,"87875","files_template.py",NULL,"team page"
"87876",NULL,"49","9359","12260","862","pypy3","1775957371.410900000","1",NULL,NULL,"87876","p4.py",NULL,"team page"
"87877",NULL,"49","9528","12766","861","java","1775957376.291600000","1",NULL,NULL,"87877","calico.replacement",NULL,"team page"
"87878",NULL,"49","9803","13589","868","py3","1775957376.470300000","1",NULL,NULL,"87878","q8.py",NULL,"team page"
"87879",NULL,"49","9393","12361","867","py3","1775957376.793400000","1",NULL,NULL,"87879","cross_template.py",NULL,"team page"
"87880",NULL,"49","10084","14353","861","py3","1775957377.312800000","1",NULL,NULL,"87880","Program3.py",NULL,"team page"
"87881",NULL,"49","9896","13868","864","py3","1775957381.010000000","1",NULL,NULL,"87881","5.py",NULL,"team page"
"87882",NULL,"49","9786","13540","863","py3","1775957384.425400000","1",NULL,NULL,"87882","laser_bonus.py",NULL,"team page"
"87883",NULL,"49","9518","12735","864","py3","1775957392.010800000","1",NULL,NULL,"87883","C5.py",NULL,"team page"
"87884",NULL,"49","9761","13464","873","cpp","1775957398.156400000","1",NULL,NULL,"87884",NULL,NULL,"team page"
"87885",NULL,"49","9608","13007","862","cpp","1775957398.305900000","1",NULL,NULL,"87885",NULL,NULL,"team page"
"87886",NULL,"49","9816","13628","869","pypy3","1775957399.281400000","1",NULL,NULL,"87886","mycelium_template.py",NULL,"team page"
"87887",NULL,"49","10068","14323","873","py3","1775957399.558500000","1",NULL,NULL,"87887","splitters2.py",NULL,"team page"
"87888",NULL,"49","9753","13440","867","cpp","1775957400.655300000","1",NULL,NULL,"87888",NULL,NULL,"team page"
"87889",NULL,"49","9917","13910","863","py3","1775957405.256400000","1",NULL,NULL,"87889","main.py",NULL,"team page"
"87890",NULL,"49","10003","14138","862","cpp","1775957405.338800000","1",NULL,NULL,"87890",NULL,NULL,"team page"
"87891",NULL,"49","9683","13230","861","py3","1775957406.196900000","1",NULL,NULL,"87891","gege.py",NULL,"team page"
"87892",NULL,"49","9683","13230","861","py3","1775957407.021900000","1",NULL,NULL,"87892","gege.py",NULL,"team page"
"87893",NULL,"49","9355","12246","861","py3","1775957407.029700000","1",NULL,NULL,"87893","files.py",NULL,"team page"
"87894",NULL,"49","9657","13152","872","cpp","1775957407.160600000","1",NULL,NULL,"87894",NULL,NULL,"team page"
"87895",NULL,"49","9683","13230","861","py3","1775957407.609300000","1",NULL,NULL,"87895","gege.py",NULL,"team page"
"87896",NULL,"49","9683","13230","861","py3","1775957408.360700000","1",NULL,NULL,"87896","gege.py",NULL,"team page"
"87897",NULL,"49","10095","14387","872","py3","1775957408.660300000","1",NULL,NULL,"87897","splitters_template.py",NULL,"team page"
"87898",NULL,"49","9683","13230","861","py3","1775957408.661600000","1",NULL,NULL,"87898","gege.py",NULL,"team page"
"87899",NULL,"49","9683","13230","861","py3","1775957408.921800000","1",NULL,NULL,"87899","gege.py",NULL,"team page"
"87900",NULL,"49","9683","13230","861","py3","1775957409.192000000","1",NULL,NULL,"87900","gege.py",NULL,"team page"
"87901",NULL,"49","9683","13230","861","py3","1775957409.455800000","1",NULL,NULL,"87901","gege.py",NULL,"team page"
"87902",NULL,"49","9683","13230","861","py3","1775957409.727700000","1",NULL,NULL,"87902","gege.py",NULL,"team page"
"87903",NULL,"49","9362","12268","868","cpp","1775957409.997700000","1",NULL,NULL,"87903",NULL,NULL,"team page"
"87904",NULL,"49","9777","13514","868","cpp","1775957413.640900000","1",NULL,NULL,"87904",NULL,NULL,"team page"
"87905",NULL,"49","9816","13627","872","py3","1775957415.649800000","1",NULL,NULL,"87905","prob4.py",NULL,"team page"
"87906",NULL,"49","10058","14293","867","py3","1775957419.104800000","1",NULL,NULL,"87906","cross.py",NULL,"team page"
"87907",NULL,"49","9886","13838","868","cpp","1775957419.391200000","1",NULL,NULL,"87907",NULL,NULL,"team page"
"87908",NULL,"49","10063","14308","863","py3","1775957419.451700000","1",NULL,NULL,"87908","solution.py",NULL,"team page"
"87909",NULL,"49","9466","12579","868","cpp","1775957419.863300000","1",NULL,NULL,"87909",NULL,NULL,"team page"
"87910",NULL,"49","9806","13597","877","cpp","1775957421.543100000","1",NULL,NULL,"87910",NULL,NULL,"team page"
"87911",NULL,"49","9329","12168","877","pypy3","1775957423.301000000","1",NULL,NULL,"87911","lecture_template.py",NULL,"team page"
"87912",NULL,"49","9850","13729","863","py3","1775957424.907700000","1",NULL,NULL,"87912","laser_template.py",NULL,"team page"
"87913",NULL,"49","9259","11960","861","cpp","1775957427.842400000","1",NULL,NULL,"87913",NULL,NULL,"team page"
"87914",NULL,"49","9480","12621","867","py3","1775957429.005900000","1",NULL,NULL,"87914","cross_template.py",NULL,"team page"
"87915",NULL,"49","10084","14353","861","py3","1775957429.889800000","1",NULL,NULL,"87915","Program3.py",NULL,"team page"
"87916",NULL,"49","9725","13356","864","py3","1775957433.373100000","1",NULL,NULL,"87916","Q5.py",NULL,"team page"
"87917",NULL,"49","9848","13723","862","py3","1775957435.569100000","1",NULL,NULL,"87917","problem4.py",NULL,"team page"
"87918",NULL,"49","9898","13874","860","py3","1775957436.206200000","1",NULL,NULL,"87918","CALICOCodeQ2.py",NULL,"team page"
"87919",NULL,"49","9858","13755","877","py3","1775957438.582300000","1",NULL,NULL,"87919","11.py",NULL,"team page"
"87920",NULL,"49","9509","12709","859","pypy3","1775957440.222400000","1",NULL,NULL,"87920","problem1.py",NULL,"team page"
"87921",NULL,"49","9814","13622","859","pypy3","1775957440.774800000","1",NULL,NULL,"87921","Solution1.py",NULL,"team page"
"87922",NULL,"49","9332","12179","860","py3","1775957441.997800000","1",NULL,NULL,"87922","nah_template.py",NULL,"team page"
"87923",NULL,"49","9632","13077","868","cpp","1775957442.205800000","1",NULL,NULL,"87923",NULL,NULL,"team page"
"87924",NULL,"49","9887","13841","864","py3","1775957444.433300000","1",NULL,NULL,"87924","gta6.py",NULL,"team page"
"87925",NULL,"49","9928","13943","879","cpp","1775957447.114200000","1",NULL,NULL,"87925",NULL,NULL,"team page"
"87926",NULL,"49","9996","14117","868","java","1775957448.228000000","1",NULL,NULL,"87926","mycelium_template",NULL,"team page"
"87927",NULL,"49","9282","12028","863","py3","1775957448.254500000","1",NULL,NULL,"87927","4.py",NULL,"team page"
"87928",NULL,"49","9282","12029","863","py3","1775957452.786100000","1",NULL,NULL,"87928","laser_template.py",NULL,"team page"
"87929",NULL,"49","9891","13852","864","cpp","1775957453.303600000","1",NULL,NULL,"87929",NULL,NULL,"team page"
"87930",NULL,"49","9709","13308","867","cpp","1775957453.790300000","1",NULL,NULL,"87930",NULL,NULL,"team page"
"87931",NULL,"49","9586","12939","864","py3","1775957457.067300000","1",NULL,NULL,"87931","grid_template.py",NULL,"team page"
"87932",NULL,"49","10090","14372","863","cpp","1775957458.469000000","1",NULL,NULL,"87932",NULL,NULL,"team page"
"87933",NULL,"49","10064","14311","859","py3","1775957459.541100000","1",NULL,NULL,"87933","piezoelectric_template.py",NULL,"team page"
"87934",NULL,"49","9279","12018","863","cpp","1775957462.631000000","1",NULL,NULL,"87934",NULL,NULL,"team page"
"87935",NULL,"49","9683","13230","860","py3","1775957462.810000000","1",NULL,NULL,"87935","gege.py",NULL,"team page"
"87936",NULL,"49","9818","13633","877","cpp","1775957462.995400000","1",NULL,NULL,"87936",NULL,NULL,"team page"
"87937",NULL,"49","9379","12319","877","cpp","1775957464.442800000","1",NULL,NULL,"87937",NULL,NULL,"team page"
"87938",NULL,"49","9884","13833","864","cpp","1775957465.891900000","1",NULL,NULL,"87938",NULL,NULL,"team page"
"87939",NULL,"49","10057","14290","868","pypy3","1775957466.328500000","1",NULL,NULL,"87939","eight.py",NULL,"team page"
"87940",NULL,"49","9928","13941","869","cpp","1775957466.621600000","1",NULL,NULL,"87940",NULL,NULL,"team page"
"87941",NULL,"49","9615","13026","863","py3","1775957467.147000000","1",NULL,NULL,"87941","q4b1.py",NULL,"team page"
"87942",NULL,"49","9729","13368","866","py3","1775957471.306400000","1",NULL,NULL,"87942","3.py",NULL,"team page"
"87943",NULL,"49","9666","13179","868","cpp","1775957473.390200000","1",NULL,NULL,"87943",NULL,NULL,"team page"
"87944",NULL,"49","9601","12986","867","cpp","1775957474.111200000","1",NULL,NULL,"87944",NULL,NULL,"team page"
"87945",NULL,"49","10043","14250","860","py3","1775957476.294800000","1",NULL,NULL,"87945","nah.py",NULL,"team page"
"87946",NULL,"49","9502","12689","864","java","1775957478.464000000","1",NULL,NULL,"87946","grid",NULL,"team page"
"87947",NULL,"49","9996","14117","869","java","1775957481.356100000","1",NULL,NULL,"87947","mycelium_template",NULL,"team page"
"87948",NULL,"49","10016","14178","879","py3","1775957482.467300000","1",NULL,NULL,"87948","competewithAI.py",NULL,"team page"
"87949",NULL,"49","10016","14178","879","py3","1775957482.863700000","1",NULL,NULL,"87949","competewithAI.py",NULL,"team page"
"87950",NULL,"49","9902","13885","877","py3","1775957488.797500000","1",NULL,NULL,"87950","11.py",NULL,"team page"
"87951",NULL,"49","9666","13179","869","cpp","1775957488.915100000","1",NULL,NULL,"87951",NULL,NULL,"team page"
"87952",NULL,"49","9258","11956","870","cpp","1775957488.940900000","1",NULL,NULL,"87952",NULL,NULL,"team page"
"87953",NULL,"49","9814","13622","862","pypy3","1775957489.725600000","1",NULL,NULL,"87953","p4.py",NULL,"team page"
"87954",NULL,"49","9700","13283","863","cpp","1775957494.070700000","1",NULL,NULL,"87954",NULL,NULL,"team page"
"87955",NULL,"49","9666","13179","870","cpp","1775957495.904400000","1",NULL,NULL,"87955",NULL,NULL,"team page"
"87956",NULL,"49","9933","13956","867","java","1775957496.155000000","1",NULL,NULL,"87956","Solution",NULL,"team page"
"87957",NULL,"49","9486","12639","870","cpp","1775957499.606700000","1",NULL,NULL,"87957",NULL,NULL,"team page"
"87958",NULL,"49","9355","12246","861","py3","1775957501.031300000","1",NULL,NULL,"87958","files.py",NULL,"team page"
"87959",NULL,"49","9603","12992","865","java","1775957501.070800000","1",NULL,NULL,"87959","Solution",NULL,"team page"
"87960",NULL,"49","9508","12705","881","cpp","1775957502.949900000","1",NULL,NULL,"87960",NULL,NULL,"team page"
"87961",NULL,"49","9666","13179","871","cpp","1775957503.516400000","1",NULL,NULL,"87961",NULL,NULL,"team page"
"87962",NULL,"49","9806","13597","877","cpp","1775957503.680000000","1",NULL,NULL,"87962",NULL,NULL,"team page"
"87963",NULL,"49","9389","12348","873","py3","1775957504.841700000","1",NULL,NULL,"87963","deepseek_python_20260412_1f22d9.py",NULL,"team page"
"87964",NULL,"49","10035","14226","865","cpp","1775957506.618000000","1",NULL,NULL,"87964",NULL,NULL,"team page"
"87965",NULL,"49","9667","13182","868","py3","1775957508.457700000","1",NULL,NULL,"87965","mycelium_template.py",NULL,"team page"
"87966",NULL,"49","9853","13740","864","py3","1775957510.744700000","1",NULL,NULL,"87966","grid_template.py",NULL,"team page"
"87967",NULL,"49","9206","11801","872","cpp","1775957510.866100000","1",NULL,NULL,"87967",NULL,NULL,"team page"
"87968",NULL,"49","9858","13755","871","py3","1775957514.346300000","1",NULL,NULL,"87968","83.py",NULL,"team page"
"87969",NULL,"49","9340","12201","868","cpp","1775957515.965700000","1",NULL,NULL,"87969",NULL,NULL,"team page"
"87970",NULL,"49","9242","11908","864","cpp","1775957516.030200000","1",NULL,NULL,"87970",NULL,NULL,"team page"
"87971",NULL,"49","9821","13642","859","py3","1775957518.868000000","1",NULL,NULL,"87971","p1.py",NULL,"team page"
"87972",NULL,"49","9904","13893","862","cpp","1775957520.567300000","1",NULL,NULL,"87972",NULL,NULL,"team page"
"87973",NULL,"49","9793","13558","872","cpp","1775957521.305500000","1",NULL,NULL,"87973",NULL,NULL,"team page"
"87974",NULL,"49","9905","13895","872","py3","1775957522.122200000","1",NULL,NULL,"87974","splitters.py",NULL,"team page"
"87975",NULL,"49","10082","14349","862","py3","1775957522.882700000","1",NULL,NULL,"87975","discretelaser.py",NULL,"team page"
"87976",NULL,"49","9376","12310","865","cpp","1775957523.141000000","1",NULL,NULL,"87976",NULL,NULL,"team page"
"87977",NULL,"49","9359","12259","860","py3","1775957528.039200000","1",NULL,NULL,"87977","solution2.py",NULL,"team page"
"87978",NULL,"49","9245","11918","865","cpp","1775957530.335300000","1",NULL,NULL,"87978",NULL,NULL,"team page"
"87979",NULL,"49","9778","13515","863","py3","1775957532.152000000","1",NULL,NULL,"87979","laser_template.py",NULL,"team page"
"87980",NULL,"49","9229","11868","868","cpp","1775957533.180100000","1",NULL,NULL,"87980",NULL,NULL,"team page"
"87981",NULL,"49","9748","13425","866","py3","1775957533.426600000","1",NULL,NULL,"87981","6.py",NULL,"team page"
"87982",NULL,"49","9887","13841","864","py3","1775957535.720000000","1",NULL,NULL,"87982","gta6.py",NULL,"team page"
"87983",NULL,"49","9627","13064","866","cpp","1775957536.264800000","1",NULL,NULL,"87983",NULL,NULL,"team page"
"87984",NULL,"49","9499","12678","872","cpp","1775957536.860900000","1",NULL,NULL,"87984",NULL,NULL,"team page"
"87985",NULL,"49","9369","12290","873","cpp","1775957545.294900000","1",NULL,NULL,"87985",NULL,NULL,"team page"
"87986",NULL,"49","9904","13893","872","cpp","1775957549.158300000","1",NULL,NULL,"87986",NULL,NULL,"team page"
"87987",NULL,"49","9816","13628","869","pypy3","1775957550.244300000","1",NULL,NULL,"87987","mycelium_template.py",NULL,"team page"
"87988",NULL,"49","10082","14349","862","py3","1775957551.781500000","1",NULL,NULL,"87988","discretelaser.py",NULL,"team page"
"87989",NULL,"49","9763","13470","867","py3","1775957552.007400000","1",NULL,NULL,"87989","cross_solution.py",NULL,"team page"
"87990",NULL,"49","9858","13755","872","py3","1775957553.283900000","1",NULL,NULL,"87990","9.py",NULL,"team page"
"87991",NULL,"49","9794","13561","859","pypy3","1775957559.038400000","1",NULL,NULL,"87991","first.py",NULL,"team page"
"87992",NULL,"49","9673","13202","864","java","1775957560.869400000","1",NULL,NULL,"87992","Solution",NULL,"team page"
"87993",NULL,"49","9737","13392","866","pypy3","1775957561.643400000","1",NULL,NULL,"87993","shadows_main.py",NULL,"team page"
"87994",NULL,"49","9601","12985","865","cpp","1775957562.704700000","1",NULL,NULL,"87994",NULL,NULL,"team page"
"87995",NULL,"49","9864","13773","864","py3","1775957562.773500000","1",NULL,NULL,"87995","2.py",NULL,"team page"
"87996",NULL,"49","9999","14126","868","cpp","1775957564.241800000","1",NULL,NULL,"87996",NULL,NULL,"team page"
"87997",NULL,"49","9293","12062","864","pypy3","1775957565.899800000","1",NULL,NULL,"87997","grid_template.py",NULL,"team page"
"87998",NULL,"49","9354","12245","861","cpp","1775957567.192600000","1",NULL,NULL,"87998",NULL,NULL,"team page"
"87999",NULL,"49","9994","14112","866","java","1775957568.839600000","1",NULL,NULL,"87999","Main",NULL,"team page"
"88000",NULL,"49","9919","13916","863","cpp","1775957569.614600000","1",NULL,NULL,"88000",NULL,NULL,"team page"
"88001",NULL,"49","9667","13182","869","py3","1775957570.735100000","1",NULL,NULL,"88001","mycelium_template.py",NULL,"team page"
"88002",NULL,"49","9717","13334","869","cpp","1775957572.775500000","1",NULL,NULL,"88002",NULL,NULL,"team page"
"88003",NULL,"49","9899","13876","872","java","1775957573.195900000","1",NULL,NULL,"88003",NULL,NULL,"team page"
"88004",NULL,"49","9567","12882","880","cpp","1775957573.375900000","1",NULL,NULL,"88004",NULL,NULL,"team page"
"88005",NULL,"49","9540","12801","872","cpp","1775957573.571800000","1",NULL,NULL,"88005",NULL,NULL,"team page"
"88006",NULL,"49","9897","13870","867","py3","1775957573.943900000","1",NULL,NULL,"88006","7.py",NULL,"team page"
"88007",NULL,"49","9793","13560","865","cpp","1775957574.035000000","1",NULL,NULL,"88007",NULL,NULL,"team page"
"88008",NULL,"49","9423","12452","868","cpp","1775957574.051500000","1",NULL,NULL,"88008",NULL,NULL,"team page"
"88009",NULL,"49","9438","12495","861","pypy3","1775957574.233000000","1",NULL,NULL,"88009","files_template.py",NULL,"team page"
"88010",NULL,"49","9641","13106","866","java","1775957577.996400000","1",NULL,NULL,"88010","Solution",NULL,"team page"
"88011",NULL,"49","9900","13880","862","py3","1775957578.170600000","1",NULL,NULL,"88011","laser_template.py",NULL,"team page"
"88012",NULL,"49","9669","13189","864","py3","1775957580.344100000","1",NULL,NULL,"88012","grid_template.py",NULL,"team page"
"88013",NULL,"49","9646","13120","879","cpp","1775957581.433600000","1",NULL,NULL,"88013",NULL,NULL,"team page"
"88014",NULL,"49","9900","13879","867","cpp","1775957581.731500000","1",NULL,NULL,"88014",NULL,NULL,"team page"
"88015",NULL,"49","9253","11941","879","cpp","1775957583.105600000","1",NULL,NULL,"88015",NULL,NULL,"team page"
"88016",NULL,"49","9857","13750","861","pypy3","1775957585.638600000","1",NULL,NULL,"88016","3.py",NULL,"team page"
"88017",NULL,"49","9896","13868","864","py3","1775957587.052300000","1",NULL,NULL,"88017","5.py",NULL,"team page"
"88018",NULL,"49","9930","13947","865","cpp","1775957587.683300000","1",NULL,NULL,"88018",NULL,NULL,"team page"
"88019",NULL,"49","9795","13565","879","cpp","1775957589.125900000","1",NULL,NULL,"88019",NULL,NULL,"team page"
"88020",NULL,"49","10035","14225","879","py3","1775957590.040200000","1",NULL,NULL,"88020","multiplication-2.py",NULL,"team page"
"88021",NULL,"49","9870","13791","861","pypy3","1775957590.853400000","1",NULL,NULL,"88021","solution.py",NULL,"team page"
"88022",NULL,"49","9626","13060","864","cpp","1775957593.980000000","1",NULL,NULL,"88022",NULL,NULL,"team page"
"88023",NULL,"49","9756","13449","865","pypy3","1775957599.625600000","1",NULL,NULL,"88023","prob_grid_bonus.py",NULL,"team page"
"88024",NULL,"49","10012","14165","866","py3","1775957601.985100000","1",NULL,NULL,"88024","shadows_template.py",NULL,"team page"
"88025",NULL,"49","9976","14057","862","cpp","1775957602.352400000","1",NULL,NULL,"88025",NULL,NULL,"team page"
"88026",NULL,"49","9888","13843","864","py3","1775957605.848100000","1",NULL,NULL,"88026","test.py",NULL,"team page"
"88027",NULL,"49","9803","13588","865","py3","1775957607.623100000","1",NULL,NULL,"88027","grid_template.py",NULL,"team page"
"88028",NULL,"49","9373","12302","872","cpp","1775957607.782100000","1",NULL,NULL,"88028",NULL,NULL,"team page"
"88029",NULL,"49","9905","13895","872","py3","1775957608.855100000","1",NULL,NULL,"88029","splitters.py",NULL,"team page"
"88030",NULL,"49","9293","12060","862","pypy3","1775957609.369000000","1",NULL,NULL,"88030","laser_template.py",NULL,"team page"
"88031",NULL,"49","9869","13787","862","py3","1775957611.039100000","1",NULL,NULL,"88031","laser_template.py",NULL,"team page"
"88032",NULL,"49","9725","13356","866","py3","1775957611.623700000","1",NULL,NULL,"88032","Q6.py",NULL,"team page"
"88033",NULL,"49","10051","14272","878","py3","1775957614.802500000","1",NULL,NULL,"88033","lecture_templatecopy.py",NULL,"team page"
"88034",NULL,"49","9683","13231","860","py3","1775957615.256200000","1",NULL,NULL,"88034","gege.py",NULL,"team page"
"88035",NULL,"49","9528","12765","864","cpp","1775957615.309400000","1",NULL,NULL,"88035",NULL,NULL,"team page"
"88036",NULL,"49","9763","13472","864","py3","1775957615.513000000","1",NULL,NULL,"88036","grid_template.py",NULL,"team page"
"88037",NULL,"49","9858","13755","869","py3","1775957615.791500000","1",NULL,NULL,"88037","81.py",NULL,"team page"
"88038",NULL,"49","9362","12267","868","cpp","1775957616.665800000","1",NULL,NULL,"88038",NULL,NULL,"team page"
"88039",NULL,"49","9532","12777","865","py3","1775957616.780700000","1",NULL,NULL,"88039","grid_template.py",NULL,"team page"
"88040",NULL,"49","9673","13202","865","java","1775957617.060400000","1",NULL,NULL,"88040","Solution",NULL,"team page"
"88041",NULL,"49","9877","13812","877","cpp","1775957617.815600000","1",NULL,NULL,"88041",NULL,NULL,"team page"
"88042",NULL,"49","9893","13860","861","py3","1775957620.935200000","1",NULL,NULL,"88042","files_template.py",NULL,"team page"
"88043",NULL,"49","9355","12246","861","py3","1775957621.352800000","1",NULL,NULL,"88043","files.py",NULL,"team page"
"88044",NULL,"49","9938","13971","869","cpp","1775957626.409500000","1",NULL,NULL,"88044",NULL,NULL,"team page"
"88045",NULL,"49","9538","12795","860","py3","1775957628.678600000","1",NULL,NULL,"88045","nah_template.py",NULL,"team page"
"88046",NULL,"49","9690","13253","865","cpp","1775957629.116200000","1",NULL,NULL,"88046",NULL,NULL,"team page"
"88047",NULL,"49","9976","14057","863","cpp","1775957630.792600000","1",NULL,NULL,"88047",NULL,NULL,"team page"
"88048",NULL,"49","9554","12845","867","py3","1775957632.012800000","1",NULL,NULL,"88048","Quilt.py",NULL,"team page"
"88049",NULL,"49","9502","12687","865","java","1775957635.900300000","1",NULL,NULL,"88049","q5",NULL,"team page"
"88050",NULL,"49","9599","12978","866","cpp","1775957638.054000000","1",NULL,NULL,"88050",NULL,NULL,"team page"
"88051",NULL,"49","9927","13938","860","py3","1775957641.173100000","1",NULL,NULL,"88051","CALICO_SP26.py",NULL,"team page"
"88052",NULL,"49","9717","13334","869","cpp","1775957641.466000000","1",NULL,NULL,"88052",NULL,NULL,"team page"
"88053",NULL,"49","9887","13841","865","py3","1775957645.261900000","1",NULL,NULL,"88053","gta6.py",NULL,"team page"
"88054",NULL,"49","9806","13598","879","cpp","1775957645.872900000","1",NULL,NULL,"88054",NULL,NULL,"team page"
"88055",NULL,"49","9996","14117","869","rs","1775957646.116600000","1",NULL,NULL,"88055",NULL,NULL,"team page"
"88056",NULL,"49","9521","12745","862","pypy3","1775957646.683000000","1",NULL,NULL,"88056","c.py",NULL,"team page"
"88057",NULL,"49","9268","11986","865","pypy3","1775957648.394400000","1",NULL,NULL,"88057","5c.py",NULL,"team page"
"88058",NULL,"49","10016","14177","868","cpp","1775957649.626700000","1",NULL,NULL,"88058",NULL,NULL,"team page"
"88059",NULL,"49","10016","14177","868","cpp","1775957652.077400000","1",NULL,NULL,"88059",NULL,NULL,"team page"
"88060",NULL,"49","9361","12264","879","py3","1775957652.675200000","1",NULL,NULL,"88060","multiplication_easy_template.py",NULL,"team page"
"88061",NULL,"49","10016","14177","868","cpp","1775957652.776500000","1",NULL,NULL,"88061",NULL,NULL,"team page"
"88062",NULL,"49","9408","12407","867","cpp","1775957653.101700000","1",NULL,NULL,"88062",NULL,NULL,"team page"
"88063",NULL,"49","9801","13582","860","py3","1775957656.200000000","1",NULL,NULL,"88063","nah_template.py",NULL,"team page"
"88064",NULL,"49","9608","13007","863","cpp","1775957656.635100000","1",NULL,NULL,"88064",NULL,NULL,"team page"
"88065",NULL,"49","10003","14138","863","cpp","1775957660.190000000","1",NULL,NULL,"88065",NULL,NULL,"team page"
"88066",NULL,"49","9250","11933","861","py3","1775957660.501800000","1",NULL,NULL,"88066","main.py",NULL,"team page"
"88067",NULL,"49","9250","11933","861","py3","1775957661.059500000","1",NULL,NULL,"88067","main.py",NULL,"team page"
"88068",NULL,"49","9442","12507","862","cpp","1775957662.960500000","1",NULL,NULL,"88068",NULL,NULL,"team page"
"88069",NULL,"49","9228","11865","861","java","1775957663.320200000","1",NULL,NULL,"88069","Solution2",NULL,"team page"
"88070",NULL,"49","9688","13246","867","py3","1775957664.713000000","1",NULL,NULL,"88070","7.py",NULL,"team page"
"88071",NULL,"49","9586","12939","864","py3","1775957665.127900000","1",NULL,NULL,"88071","grid_template.py",NULL,"team page"
"88072",NULL,"49","9418","12435","861","pypy3","1775957665.518000000","1",NULL,NULL,"88072","files_template.py",NULL,"team page"
"88073",NULL,"49","9232","11877","867","pypy3","1775957666.347400000","1",NULL,NULL,"88073","prob-cross_main_template.py",NULL,"team page"
"88074",NULL,"49","9994","14111","864","java","1775957667.457600000","1",NULL,NULL,"88074","Main",NULL,"team page"
"88075",NULL,"49","10069","14326","860","pypy3","1775957670.013600000","1",NULL,NULL,"88075","ejercicio2radientcodeacademy.py",NULL,"team page"
"88076",NULL,"49","9376","12310","864","cpp","1775957670.618400000","1",NULL,NULL,"88076",NULL,NULL,"team page"
"88077",NULL,"49","10055","14285","880","cpp","1775957677.458900000","1",NULL,NULL,"88077",NULL,NULL,"team page"
"88078",NULL,"49","9717","13334","869","cpp","1775957677.601900000","1",NULL,NULL,"88078",NULL,NULL,"team page"
"88079",NULL,"49","9476","12609","864","py3","1775957677.641600000","1",NULL,NULL,"88079","grid_template.py",NULL,"team page"
"88080",NULL,"49","9528","12765","864","cpp","1775957681.444300000","1",NULL,NULL,"88080",NULL,NULL,"team page"
"88081",NULL,"49","9729","13368","866","py3","1775957682.057000000","1",NULL,NULL,"88081","4.py",NULL,"team page"
"88082",NULL,"49","9574","12904","862","py3","1775957682.550700000","1",NULL,NULL,"88082","laser.py",NULL,"team page"
"88083",NULL,"49","9391","12354","872","py3","1775957683.273700000","1",NULL,NULL,"88083","splitters_template.py",NULL,"team page"
"88084",NULL,"49","9750","13432","861","cpp","1775957685.425800000","1",NULL,NULL,"88084",NULL,NULL,"team page"
"88085",NULL,"49","9217","11832","860","py3","1775957685.562300000","1",NULL,NULL,"88085","2.py",NULL,"team page"
"88086",NULL,"49","9502","12687","864","java","1775957685.764300000","1",NULL,NULL,"88086","q5",NULL,"team page"
"88087",NULL,"49","9996","14117","870","java","1775957688.212700000","1",NULL,NULL,"88087","mycelium_template",NULL,"team page"
"88088",NULL,"49","9806","13597","877","cpp","1775957689.906000000","1",NULL,NULL,"88088",NULL,NULL,"team page"
"88089",NULL,"49","9895","13865","864","cpp","1775957692.873500000","1",NULL,NULL,"88089",NULL,NULL,"team page"
"88090",NULL,"49","9778","13517","862","py3","1775957693.194700000","1",NULL,NULL,"88090","laser_template.py",NULL,"team page"
"88091",NULL,"49","9677","13214","859","pypy3","1775957693.363200000","1",NULL,NULL,"88091","piezoelectric_template.py",NULL,"team page"
"88092",NULL,"49","9201","11784","865","py3","1775957694.342600000","1",NULL,NULL,"88092","problem_5b.py",NULL,"team page"
"88093",NULL,"49","9814","13622","861","pypy3","1775957696.007800000","1",NULL,NULL,"88093","prog.py",NULL,"team page"
"88094",NULL,"49","9403","12391","867","py3","1775957696.183200000","1",NULL,NULL,"88094","prob_7.py",NULL,"team page"
"88095",NULL,"49","9996","14117","871","java","1775957702.449300000","1",NULL,NULL,"88095","mycelium_template",NULL,"team page"
"88096",NULL,"49","9827","13660","868","cpp","1775957703.982200000","1",NULL,NULL,"88096",NULL,NULL,"team page"
"88097",NULL,"49","9518","12735","862","py3","1775957704.661200000","1",NULL,NULL,"88097","C4.py",NULL,"team page"
"88098",NULL,"49","9776","13509","864","cpp","1775957704.815500000","1",NULL,NULL,"88098",NULL,NULL,"team page"
"88099",NULL,"49","9892","13857","871","pypy3","1775957708.725100000","1",NULL,NULL,"88099","mycelium_template.py",NULL,"team page"
"88100",NULL,"49","9486","12639","870","cpp","1775957712.136400000","1",NULL,NULL,"88100",NULL,NULL,"team page"
"88101",NULL,"49","9231","11874","867","py3","1775957712.207700000","1",NULL,NULL,"88101","problem_7.py",NULL,"team page"
"88102",NULL,"49","9528","12765","865","cpp","1775957713.005100000","1",NULL,NULL,"88102",NULL,NULL,"team page"
"88103",NULL,"49","9923","13926","863","cpp","1775957713.112700000","1",NULL,NULL,"88103",NULL,NULL,"team page"
"88105",NULL,"49","9873","13800","873","py3","1775957714.476000000","1",NULL,NULL,"88105","splitters_template.py",NULL,"team page"
"88106",NULL,"49","9700","13283","863","cpp","1775957714.996300000","1",NULL,NULL,"88106",NULL,NULL,"team page"
"88107",NULL,"49","9717","13334","869","cpp","1775957715.994600000","1",NULL,NULL,"88107",NULL,NULL,"team page"
"88108",NULL,"49","9543","12810","870","cpp","1775957718.782100000","1",NULL,NULL,"88108",NULL,NULL,"team page"
"88109",NULL,"49","9748","13425","866","py3","1775957719.979900000","1",NULL,NULL,"88109","6.py",NULL,"team page"
"88110",NULL,"49","9899","13878","866","java","1775957724.438300000","1",NULL,NULL,"88110","JoshContext041210",NULL,"team page"
"88111",NULL,"49","9403","12390","860","pypy3","1775957724.475600000","1",NULL,NULL,"88111","question2.py",NULL,"team page"
"88112",NULL,"49","9366","12279","872","pypy3","1775957727.353200000","1",NULL,NULL,"88112","p9.py",NULL,"team page"
"88113",NULL,"49","9848","13723","863","py3","1775957729.950000000","1",NULL,NULL,"88113","something.py",NULL,"team page"
"88114",NULL,"49","9455","12547","860","py3","1775957734.274500000","1",NULL,NULL,"88114","nah_template.py",NULL,"team page"
"88115",NULL,"49","9900","13879","867","cpp","1775957734.496800000","1",NULL,NULL,"88115",NULL,NULL,"team page"
"88116",NULL,"49","9256","11949","868","py3","1775957735.094800000","1",NULL,NULL,"88116","problem8.py",NULL,"team page"
"88117",NULL,"49","9928","13943","879","cpp","1775957735.975400000","1",NULL,NULL,"88117",NULL,NULL,"team page"
"88118",NULL,"49","9796","13567","863","py3","1775957737.532900000","1",NULL,NULL,"88118","main.py",NULL,"team page"
"88119",NULL,"49","9615","13026","863","py3","1775957738.031500000","1",NULL,NULL,"88119","q4b1.py",NULL,"team page"
"88120",NULL,"49","9859","13756","862","cpp","1775957739.255900000","1",NULL,NULL,"88120",NULL,NULL,"team page"
"88121",NULL,"49","9821","13642","860","py3","1775957741.520100000","1",NULL,NULL,"88121","p2.py",NULL,"team page"
"88122",NULL,"49","9756","13449","866","pypy3","1775957741.675700000","1",NULL,NULL,"88122","prob_shadows_main.py",NULL,"team page"
"88123",NULL,"49","9806","13597","877","cpp","1775957741.766100000","1",NULL,NULL,"88123",NULL,NULL,"team page"
"88124",NULL,"49","9876","13807","869","py3","1775957742.194100000","1",NULL,NULL,"88124","grass_1.py",NULL,"team page"
"88125",NULL,"49","9850","13729","866","py3","1775957743.056800000","1",NULL,NULL,"88125","shadows_template.py",NULL,"team page"
"88126",NULL,"49","10035","14225","879","py3","1775957745.651400000","1",NULL,NULL,"88126","multiplication-3.py",NULL,"team page"
"88127",NULL,"49","9797","13570","860","pypy3","1775957747.155400000","1",NULL,NULL,"88127","nah_template.py",NULL,"team page"
"88128",NULL,"49","9543","12811","873","cpp","1775957750.204000000","1",NULL,NULL,"88128",NULL,NULL,"team page"
"88129",NULL,"49","10063","14308","859","py3","1775957750.653000000","1",NULL,NULL,"88129","p1.py",NULL,"team page"
"88130",NULL,"49","9201","11784","865","py3","1775957750.866800000","1",NULL,NULL,"88130","problem_5b.py",NULL,"team page"
"88131",NULL,"49","9746","13420","870","py3","1775957754.994500000","1",NULL,NULL,"88131","82.py",NULL,"team page"
"88132",NULL,"49","9521","12745","862","pypy3","1775957755.378900000","1",NULL,NULL,"88132","c.py",NULL,"team page"
"88133",NULL,"49","9726","13360","872","py3","1775957757.042700000","1",NULL,NULL,"88133","splitters.py",NULL,"team page"
"88134",NULL,"49","9827","13660","869","cpp","1775957758.329000000","1",NULL,NULL,"88134",NULL,NULL,"team page"
"88135",NULL,"49","9886","13838","869","cpp","1775957760.366200000","1",NULL,NULL,"88135",NULL,NULL,"team page"
"88136",NULL,"49","9708","13305","877","py3","1775957761.886700000","1",NULL,NULL,"88136","problem11.py",NULL,"team page"
"88137",NULL,"49","10068","14323","877","py3","1775957763.326500000","1",NULL,NULL,"88137","problemmain.py",NULL,"team page"
"88138",NULL,"49","9778","13515","863","py3","1775957763.602200000","1",NULL,NULL,"88138","laser_template.py",NULL,"team page"
"88139",NULL,"49","10066","14317","864","pypy3","1775957765.223500000","1",NULL,NULL,"88139","grid_main.py",NULL,"team page"
"88140",NULL,"49","9777","13514","869","cpp","1775957765.401300000","1",NULL,NULL,"88140",NULL,NULL,"team page"
"88141",NULL,"49","9824","13651","862","pypy3","1775957770.188700000","1",NULL,NULL,"88141","fourth.py",NULL,"team page"
"88142",NULL,"49","9801","13582","860","py3","1775957773.840200000","1",NULL,NULL,"88142","nah_template.py",NULL,"team page"
"88143",NULL,"49","9995","14114","860","cpp","1775957775.887600000","1",NULL,NULL,"88143",NULL,NULL,"team page"
"88144",NULL,"49","9478","12615","872","py3","1775957777.389900000","1",NULL,NULL,"88144","splitters.py",NULL,"team page"
"88145",NULL,"49","9485","12638","867","cpp","1775957781.650000000","1",NULL,NULL,"88145",NULL,NULL,"team page"
"88146",NULL,"49","9994","14112","866","java","1775957786.558400000","1",NULL,NULL,"88146","Main",NULL,"team page"
"88147",NULL,"49","9725","13356","867","py3","1775957795.144800000","1",NULL,NULL,"88147","Q7.py",NULL,"team page"
"88148",NULL,"49","9638","13096","868","cpp","1775957796.421400000","1",NULL,NULL,"88148",NULL,NULL,"team page"
"88149",NULL,"49","9782","13527","860","py3","1775957796.912500000","1",NULL,NULL,"88149","nah_main.py",NULL,"team page"
"88150",NULL,"49","9486","12639","870","cpp","1775957797.853600000","1",NULL,NULL,"88150",NULL,NULL,"team page"
"88151",NULL,"49","9322","12147","877","cpp","1775957799.201900000","1",NULL,NULL,"88151",NULL,NULL,"team page"
"88152",NULL,"49","9941","13980","864","py3","1775957799.329200000","1",NULL,NULL,"88152","calico_p5.py",NULL,"team page"
"88153",NULL,"49","9615","13026","864","py3","1775957803.197400000","1",NULL,NULL,"88153","q5.py",NULL,"team page"
"88154",NULL,"49","9786","13539","879","py3","1775957803.815100000","1",NULL,NULL,"88154","shittyai.py",NULL,"team page"
"88155",NULL,"49","9526","12759","872","cpp","1775957806.990600000","1",NULL,NULL,"88155",NULL,NULL,"team page"
"88156",NULL,"49","9574","12904","862","py3","1775957809.726400000","1",NULL,NULL,"88156","laser.py",NULL,"team page"
"88157",NULL,"49","9646","13120","862","cpp","1775957809.915000000","1",NULL,NULL,"88157",NULL,NULL,"team page"
"88158",NULL,"49","9733","13380","859","pypy3","1775957810.613900000","1",NULL,NULL,"88158","Problem1.py",NULL,"team page"
"88159",NULL,"49","9733","13380","859","pypy3","1775957810.805300000","1",NULL,NULL,"88159","Problem1.py",NULL,"team page"
"88160",NULL,"49","10042","14245","877","cpp","1775957811.121400000","1",NULL,NULL,"88160",NULL,NULL,"team page"
"88161",NULL,"49","9508","12705","881","cpp","1775957812.834300000","1",NULL,NULL,"88161",NULL,NULL,"team page"
"88162",NULL,"49","9370","12292","877","cpp","1775957813.541700000","1",NULL,NULL,"88162",NULL,NULL,"team page"
"88163",NULL,"49","9696","13269","868","cpp","1775957813.570000000","1",NULL,NULL,"88163",NULL,NULL,"team page"
"88164",NULL,"49","9858","13755","877","py3","1775957814.389800000","1",NULL,NULL,"88164","11.py",NULL,"team page"
"88165",NULL,"49","9859","13756","862","cpp","1775957815.189300000","1",NULL,NULL,"88165",NULL,NULL,"team page"
"88166",NULL,"49","9407","12404","864","cpp","1775957815.536800000","1",NULL,NULL,"88166",NULL,NULL,"team page"
"88167",NULL,"49","9250","11933","861","py3","1775957818.779100000","1",NULL,NULL,"88167","main.py",NULL,"team page"
"88168",NULL,"49","9658","13156","873","cpp","1775957820.048300000","1",NULL,NULL,"88168",NULL,NULL,"team page"
"88169",NULL,"49","9282","12028","863","py3","1775957824.451800000","1",NULL,NULL,"88169","4.py",NULL,"team page"
"88170",NULL,"49","9816","13628","866","pypy3","1775957825.942200000","1",NULL,NULL,"88170","shadows_template.py",NULL,"team page"
"88171",NULL,"49","9408","12406","872","cpp","1775957827.618900000","1",NULL,NULL,"88171",NULL,NULL,"team page"
"88172",NULL,"49","9830","13670","866","pypy3","1775957830.534000000","1",NULL,NULL,"88172","f.shadows.py",NULL,"team page"
"88173",NULL,"49","9949","14005","862","py3","1775957833.048300000","1",NULL,NULL,"88173","CalicoSetlaser.py",NULL,"team page"
"88174",NULL,"49","9729","13368","864","py3","1775957833.323100000","1",NULL,NULL,"88174","3.py",NULL,"team page"
"88175",NULL,"49","9988","14093","867","cpp","1775957833.425900000","1",NULL,NULL,"88175",NULL,NULL,"team page"
"88176",NULL,"49","9763","13472","864","py3","1775957833.943900000","1",NULL,NULL,"88176","grid_template.py",NULL,"team page"
"88177",NULL,"49","9708","13305","878","py3","1775957835.377300000","1",NULL,NULL,"88177","problem11.py",NULL,"team page"
"88178",NULL,"49","9975","14054","872","java","1775957836.807600000","1",NULL,NULL,"88178","Main",NULL,"team page"
"88179",NULL,"49","9779","13519","862","cpp","1775957837.576200000","1",NULL,NULL,"88179",NULL,NULL,"team page"
"88180",NULL,"49","9666","13180","872","cpp","1775957837.719400000","1",NULL,NULL,"88180",NULL,NULL,"team page"
"88181",NULL,"49","9407","12404","865","cpp","1775957839.455000000","1",NULL,NULL,"88181",NULL,NULL,"team page"
"88182",NULL,"49","9646","13120","863","cpp","1775957846.456100000","1",NULL,NULL,"88182",NULL,NULL,"team page"
"88183",NULL,"49","9608","13006","862","cpp","1775957848.524200000","1",NULL,NULL,"88183",NULL,NULL,"team page"
"88184",NULL,"49","9816","13627","873","py3","1775957851.151800000","1",NULL,NULL,"88184","prob5.py",NULL,"team page"
"88185",NULL,"49","9818","13635","879","cpp","1775957856.341600000","1",NULL,NULL,"88185",NULL,NULL,"team page"
"88186",NULL,"49","9858","13755","868","py3","1775957856.521100000","1",NULL,NULL,"88186","8.py",NULL,"team page"
"88187",NULL,"49","9315","12126","864","java","1775957859.252200000","1",NULL,NULL,"88187","E",NULL,"team page"
"88188",NULL,"49","9282","12028","863","py3","1775957859.270100000","1",NULL,NULL,"88188","4.py",NULL,"team page"
"88189",NULL,"49","9830","13670","866","pypy3","1775957862.339800000","1",NULL,NULL,"88189","f.shadows.py",NULL,"team page"
"88190",NULL,"49","9887","13841","864","py3","1775957864.667100000","1",NULL,NULL,"88190","gta6.py",NULL,"team page"
"88191",NULL,"49","9873","13800","873","py3","1775957865.343100000","1",NULL,NULL,"88191","splitters2_template.py",NULL,"team page"
"88192",NULL,"49","10095","14387","872","py3","1775957868.045400000","1",NULL,NULL,"88192","splitters_template.py",NULL,"team page"
"88193",NULL,"49","9609","13008","860","cpp","1775957868.045200000","1",NULL,NULL,"88193",NULL,NULL,"team page"
"88194",NULL,"49","9729","13369","864","py3","1775957869.537100000","1",NULL,NULL,"88194","main.py",NULL,"team page"
"88195",NULL,"49","10035","14226","865","cpp","1775957874.900500000","1",NULL,NULL,"88195",NULL,NULL,"team page"
"88196",NULL,"49","9928","13941","869","cpp","1775957875.261300000","1",NULL,NULL,"88196",NULL,NULL,"team page"
"88197",NULL,"49","9821","13642","861","py3","1775957876.472700000","1",NULL,NULL,"88197","p3.py",NULL,"team page"
"88198",NULL,"49","9806","13597","877","cpp","1775957877.400800000","1",NULL,NULL,"88198",NULL,NULL,"team page"
"88199",NULL,"49","9559","12859","867","py3","1775957877.607200000","1",NULL,NULL,"88199","P7.py",NULL,"team page"
"88200",NULL,"49","9370","12291","873","cpp","1775957880.292300000","1",NULL,NULL,"88200",NULL,NULL,"team page"
"88201",NULL,"49","9523","12750","862","py3","1775957880.583600000","1",NULL,NULL,"88201","4.py",NULL,"team page"
"88202",NULL,"49","9576","12910","863","cpp","1775957882.313600000","1",NULL,NULL,"88202",NULL,NULL,"team page"
"88203",NULL,"49","9421","12446","860","cpp","1775957882.948300000","1",NULL,NULL,"88203",NULL,NULL,"team page"
"88204",NULL,"49","9526","12759","872","cpp","1775957883.459300000","1",NULL,NULL,"88204",NULL,NULL,"team page"
"88205",NULL,"49","9923","13926","863","cpp","1775957885.042100000","1",NULL,NULL,"88205",NULL,NULL,"team page"
"88206",NULL,"49","9978","14063","859","cpp","1775957889.102400000","1",NULL,NULL,"88206",NULL,NULL,"team page"
"88207",NULL,"49","9694","13265","868","cpp","1775957890.785300000","1",NULL,NULL,"88207",NULL,NULL,"team page"
"88208",NULL,"49","9486","12639","871","cpp","1775957891.684600000","1",NULL,NULL,"88208",NULL,NULL,"team page"
"88209",NULL,"49","9690","13253","865","cpp","1775957893.786000000","1",NULL,NULL,"88209",NULL,NULL,"team page"
"88210",NULL,"49","9219","11839","869","cpp","1775957893.842700000","1",NULL,NULL,"88210",NULL,NULL,"team page"
"88211",NULL,"49","9392","12357","872","cpp","1775957901.118900000","1",NULL,NULL,"88211",NULL,NULL,"team page"
"88212",NULL,"49","9786","13539","879","py3","1775957902.304100000","1",NULL,NULL,"88212","shittyai.py",NULL,"team page"
"88213",NULL,"49","9206","11801","872","cpp","1775957902.517300000","1",NULL,NULL,"88213",NULL,NULL,"team page"
"88214",NULL,"49","9389","12348","878","c","1775957903.238300000","1",NULL,NULL,"88214",NULL,NULL,"team page"
"88215",NULL,"49","9763","13472","865","py3","1775957905.233900000","1",NULL,NULL,"88215","grid_template.py",NULL,"team page"
"88216",NULL,"49","9806","13597","878","cpp","1775957908.522100000","1",NULL,NULL,"88216",NULL,NULL,"team page"
"88217",NULL,"49","9279","12018","863","cpp","1775957909.608100000","1",NULL,NULL,"88217",NULL,NULL,"team page"
"88218",NULL,"49","9206","11799","870","cpp","1775957910.490300000","1",NULL,NULL,"88218",NULL,NULL,"team page"
"88219",NULL,"49","9643","13110","868","cpp","1775957912.733000000","1",NULL,NULL,"88219",NULL,NULL,"team page"
"88220",NULL,"49","9332","12179","860","py3","1775957918.385500000","1",NULL,NULL,"88220","nah_template.py",NULL,"team page"
"88221",NULL,"49","9888","13843","866","py3","1775957918.684700000","1",NULL,NULL,"88221","test.py",NULL,"team page"
"88222",NULL,"49","10057","14290","872","pypy3","1775957919.282000000","1",NULL,NULL,"88222","nine.py",NULL,"team page"
"88223",NULL,"49","9212","11817","860","py3","1775957919.956300000","1",NULL,NULL,"88223","nah_template.py",NULL,"team page"
"88224",NULL,"49","9576","12910","863","cpp","1775957921.338800000","1",NULL,NULL,"88224",NULL,NULL,"team page"
"88225",NULL,"49","9359","12259","860","pypy3","1775957921.466100000","1",NULL,NULL,"88225","solution2.py",NULL,"team page"
"88226",NULL,"49","9756","13449","867","pypy3","1775957925.243200000","1",NULL,NULL,"88226","prob_cross_main.py",NULL,"team page"
"88227",NULL,"49","9983","14079","864","cpp","1775957925.828100000","1",NULL,NULL,"88227",NULL,NULL,"team page"
"88228",NULL,"49","9636","13089","866","java","1775957926.021900000","1",NULL,NULL,"88228","shadows_main",NULL,"team page"
"88229",NULL,"49","10067","14321","877","py3","1775957930.448300000","1",NULL,NULL,"88229","lecture_2.py",NULL,"team page"
"88230",NULL,"49","9777","13514","862","cpp","1775957930.734400000","1",NULL,NULL,"88230",NULL,NULL,"team page"
"88231",NULL,"49","10016","14177","872","cpp","1775957932.183400000","1",NULL,NULL,"88231",NULL,NULL,"team page"
"88232",NULL,"49","9803","13590","873","pypy3","1775957936.084800000","1",NULL,NULL,"88232","problem10.py",NULL,"team page"
"88233",NULL,"49","9693","13260","873","cpp","1775957936.328700000","1",NULL,NULL,"88233",NULL,NULL,"team page"
"88234",NULL,"49","9333","12181","873","cpp","1775957937.854100000","1",NULL,NULL,"88234",NULL,NULL,"team page"
"88235",NULL,"49","9259","11958","863","pypy3","1775957937.935000000","1",NULL,NULL,"88235","laser_template.py",NULL,"team page"
"88236",NULL,"49","9700","13283","863","cpp","1775957940.868500000","1",NULL,NULL,"88236",NULL,NULL,"team page"
"88237",NULL,"49","9735","13386","877","cpp","1775957945.007400000","1",NULL,NULL,"88237",NULL,NULL,"team page"
"88238",NULL,"49","9836","13687","873","py3","1775957953.978500000","1",NULL,NULL,"88238","splitters2_template.py",NULL,"team page"
"88239",NULL,"49","9859","13756","862","cpp","1775957954.093800000","1",NULL,NULL,"88239",NULL,NULL,"team page"
"88240",NULL,"49","9537","12792","873","cpp","1775957957.923500000","1",NULL,NULL,"88240",NULL,NULL,"team page"
"88241",NULL,"49","9532","12777","865","py3","1775957964.384500000","1",NULL,NULL,"88241","grid_template.py",NULL,"team page"
"88242",NULL,"49","9793","13558","869","cpp","1775957964.792300000","1",NULL,NULL,"88242",NULL,NULL,"team page"
"88243",NULL,"49","9729","13368","864","py3","1775957966.535000000","1",NULL,NULL,"88243","5sol.py",NULL,"team page"
"88244",NULL,"49","9379","12319","873","cpp","1775957967.223000000","1",NULL,NULL,"88244",NULL,NULL,"team page"
"88245",NULL,"49","9525","12756","872","py3","1775957968.008700000","1",NULL,NULL,"88245","9.py",NULL,"team page"
"88246",NULL,"49","9357","12254","864","py3","1775957968.857000000","1",NULL,NULL,"88246","problem5.py",NULL,"team page"
"88247",NULL,"49","10062","14305","863","py3","1775957978.470800000","1",NULL,NULL,"88247","4b1.py",NULL,"team page"
"88248",NULL,"49","9850","13729","864","py3","1775957979.484600000","1",NULL,NULL,"88248","grid_template.py",NULL,"team page"
"88249",NULL,"49","9816","13628","866","pypy3","1775957980.479200000","1",NULL,NULL,"88249","shadows_template.py",NULL,"team page"
"88250",NULL,"49","9997","14120","864","py3","1775957981.830300000","1",NULL,NULL,"88250","prob5.py",NULL,"team page"
"88251",NULL,"49","9538","12795","860","py3","1775957987.412100000","1",NULL,NULL,"88251","nah_template.py",NULL,"team page"
"88252",NULL,"49","9615","13026","864","py3","1775957988.213300000","1",NULL,NULL,"88252","q5.py",NULL,"team page"
"88253",NULL,"49","10007","14151","868","py3","1775957988.595800000","1",NULL,NULL,"88253","q6.py",NULL,"team page"
"88254",NULL,"49","9466","12579","861","cpp","1775957992.528000000","1",NULL,NULL,"88254",NULL,NULL,"team page"
"88255",NULL,"49","9693","13261","873","cpp","1775957993.538700000","1",NULL,NULL,"88255",NULL,NULL,"team page"
"88256",NULL,"49","9250","11932","862","cpp","1775957994.104600000","1",NULL,NULL,"88256",NULL,NULL,"team page"
"88257",NULL,"49","9257","11953","861","py3","1775957994.760700000","1",NULL,NULL,"88257","files_template.py",NULL,"team page"
"88258",NULL,"49","9889","13847","877","cpp","1775957994.934600000","1",NULL,NULL,"88258",NULL,NULL,"team page"
"88259",NULL,"49","9385","12338","861","py3","1775957995.124000000","1",NULL,NULL,"88259","files_template.py",NULL,"team page"
"88260",NULL,"49","9896","13868","864","py3","1775957995.315900000","1",NULL,NULL,"88260","5.py",NULL,"team page"
"88261",NULL,"49","9357","12254","864","py3","1775957998.137100000","1",NULL,NULL,"88261","problem5.py",NULL,"team page"
"88262",NULL,"49","9523","12750","863","py3","1775957998.490600000","1",NULL,NULL,"88262","4.py",NULL,"team page"
"88263",NULL,"49","9694","13265","868","cpp","1775957998.679600000","1",NULL,NULL,"88263",NULL,NULL,"team page"
"88264",NULL,"49","9658","13156","868","cpp","1775957999.727500000","1",NULL,NULL,"88264",NULL,NULL,"team page"
"88265",NULL,"49","9903","13889","863","py3","1775958009.394100000","1",NULL,NULL,"88265","CALICO-2026-Problem-4.py",NULL,"team page"
"88266",NULL,"49","10068","14323","869","py3","1775958011.530900000","1",NULL,NULL,"88266","mycelium_bonus1.py",NULL,"team page"
"88267",NULL,"49","9859","13756","862","cpp","1775958012.238400000","1",NULL,NULL,"88267",NULL,NULL,"team page"
"88268",NULL,"49","9859","13756","862","cpp","1775958012.750800000","1",NULL,NULL,"88268",NULL,NULL,"team page"
"88269",NULL,"49","9489","12648","862","py3","1775958015.621900000","1",NULL,NULL,"88269","laser_template.py",NULL,"team page"
"88270",NULL,"49","9666","13179","868","cpp","1775958016.560400000","1",NULL,NULL,"88270",NULL,NULL,"team page"
"88271",NULL,"49","9626","13060","864","cpp","1775958016.668200000","1",NULL,NULL,"88271",NULL,NULL,"team page"
"88272",NULL,"49","9465","12576","877","cpp","1775958017.194700000","1",NULL,NULL,"88272",NULL,NULL,"team page"
"88273",NULL,"49","9206","11801","872","cpp","1775958017.431800000","1",NULL,NULL,"88273",NULL,NULL,"team page"
"88274",NULL,"49","9806","13597","877","cpp","1775958017.717000000","1",NULL,NULL,"88274",NULL,NULL,"team page"
"88275",NULL,"49","9919","13916","862","cpp","1775958018.095500000","1",NULL,NULL,"88275",NULL,NULL,"team page"
"88276",NULL,"49","9793","13558","869","cpp","1775958018.439100000","1",NULL,NULL,"88276",NULL,NULL,"team page"
"88277",NULL,"49","9408","12406","872","cpp","1775958018.852600000","1",NULL,NULL,"88277",NULL,NULL,"team page"
"88278",NULL,"49","10006","14148","877","java","1775958019.323500000","1",NULL,NULL,"88278","UKCC.Main",NULL,"team page"
"88279",NULL,"49","9217","11832","860","py3","1775958019.839300000","1",NULL,NULL,"88279","2.py",NULL,"team page"
"88280",NULL,"49","9315","12126","864","java","1775958019.859600000","1",NULL,NULL,"88280","E",NULL,"team page"
"88281",NULL,"49","9654","13143","872","cpp","1775958020.264000000","1",NULL,NULL,"88281",NULL,NULL,"team page"
"88282",NULL,"49","9858","13755","879","py3","1775958020.572900000","1",NULL,NULL,"88282","12.py",NULL,"team page"
"88283",NULL,"49","9672","13197","873","py3","1775958021.080600000","1",NULL,NULL,"88283","twongtwongtwong.py",NULL,"team page"
"88284",NULL,"49","9322","12147","878","cpp","1775958021.612000000","1",NULL,NULL,"88284",NULL,NULL,"team page"
"88285",NULL,"49","9896","13868","865","py3","1775958029.098800000","1",NULL,NULL,"88285","5.py",NULL,"team page"
"88286",NULL,"49","9821","13642","863","py3","1775958033.203800000","1",NULL,NULL,"88286","p4B1.py",NULL,"team page"
"88287",NULL,"49","9518","12735","867","py3","1775958034.055600000","1",NULL,NULL,"88287","C7.py",NULL,"team page"
"88288",NULL,"49","9626","13061","877","py3","1775958034.457300000","1",NULL,NULL,"88288","lecture_template.py",NULL,"team page"
"88289",NULL,"49","9497","12672","861","pypy3","1775958035.673000000","1",NULL,NULL,"88289","thebigbenfiles.py",NULL,"team page"
"88290",NULL,"49","10007","14151","869","py3","1775958042.740800000","1",NULL,NULL,"88290","q6.py",NULL,"team page"
"88291",NULL,"49","9646","13120","864","cpp","1775958046.056700000","1",NULL,NULL,"88291",NULL,NULL,"team page"
"88292",NULL,"49","9669","13189","864","py3","1775958050.199800000","1",NULL,NULL,"88292","grid_template.py",NULL,"team page"
"88293",NULL,"49","9676","13210","868","cpp","1775958050.210300000","1",NULL,NULL,"88293",NULL,NULL,"team page"
"88294",NULL,"49","9393","12361","869","py3","1775958051.663600000","1",NULL,NULL,"88294","mycelium_template.py",NULL,"team page"
"88295",NULL,"49","10007","14151","870","py3","1775958051.872200000","1",NULL,NULL,"88295","q6.py",NULL,"team page"
"88296",NULL,"49","9486","12639","873","cpp","1775958052.110700000","1",NULL,NULL,"88296",NULL,NULL,"team page"
"88297",NULL,"49","9600","12981","873","cpp","1775958052.208300000","1",NULL,NULL,"88297",NULL,NULL,"team page"
"88298",NULL,"49","9315","12126","865","java","1775958052.246900000","1",NULL,NULL,"88298","E",NULL,"team page"
"88299",NULL,"49","9614","13023","864","pypy3","1775958052.523200000","1",NULL,NULL,"88299","main.py",NULL,"team page"
"88300",NULL,"49","9240","11902","873","cpp","1775958055.150200000","1",NULL,NULL,"88300",NULL,NULL,"team page"
"88301",NULL,"49","9661","13164","860","py3","1775958055.818000000","1",NULL,NULL,"88301","nah_template.py",NULL,"team page"
"88302",NULL,"49","9373","12302","872","cpp","1775958057.171100000","1",NULL,NULL,"88302",NULL,NULL,"team page"
"88303",NULL,"49","9919","13916","863","cpp","1775958059.008000000","1",NULL,NULL,"88303",NULL,NULL,"team page"
"88304",NULL,"49","9201","11784","863","py3","1775958060.786500000","1",NULL,NULL,"88304","problem4b.py",NULL,"team page"
"88305",NULL,"49","9806","13597","878","cpp","1775958062.492100000","1",NULL,NULL,"88305",NULL,NULL,"team page"
"88306",NULL,"49","9666","13179","869","cpp","1775958062.493000000","1",NULL,NULL,"88306",NULL,NULL,"team page"
"88307",NULL,"49","9768","13485","860","cpp","1775958062.876800000","1",NULL,NULL,"88307",NULL,NULL,"team page"
"88308",NULL,"49","10007","14151","871","py3","1775958066.595900000","1",NULL,NULL,"88308","q6.py",NULL,"team page"
"88309",NULL,"49","9858","13755","869","py3","1775958066.710800000","1",NULL,NULL,"88309","81.py",NULL,"team page"
"88310",NULL,"49","9608","13006","864","cpp","1775958067.986800000","1",NULL,NULL,"88310",NULL,NULL,"team page"
"88311",NULL,"49","9927","13938","860","py3","1775958069.491400000","1",NULL,NULL,"88311","CALICO_SP26.py",NULL,"team page"
"88312",NULL,"49","9702","13287","859","cpp","1775958069.889200000","1",NULL,NULL,"88312",NULL,NULL,"team page"
"88313",NULL,"49","9253","11941","879","cpp","1775958071.837100000","1",NULL,NULL,"88313",NULL,NULL,"team page"
"88314",NULL,"49","9688","13246","867","py3","1775958074.973300000","1",NULL,NULL,"88314","7.py",NULL,"team page"
"88315",NULL,"49","9282","12028","863","py3","1775958075.928300000","1",NULL,NULL,"88315","4.py",NULL,"team page"
"88316",NULL,"49","9905","13895","860","py3","1775958076.275900000","1",NULL,NULL,"88316","nah.py",NULL,"team page"
"88317",NULL,"49","9792","13555","866","cpp","1775958077.196900000","1",NULL,NULL,"88317",NULL,NULL,"team page"
"88318",NULL,"49","9357","12254","864","py3","1775958079.020900000","1",NULL,NULL,"88318","problem5.py",NULL,"team page"
"88319",NULL,"49","9369","12290","873","cpp","1775958079.399000000","1",NULL,NULL,"88319",NULL,NULL,"team page"
"88320",NULL,"49","9614","13023","865","pypy3","1775958080.918600000","1",NULL,NULL,"88320","main.py",NULL,"team page"
"88321",NULL,"49","9676","13210","868","cpp","1775958083.641900000","1",NULL,NULL,"88321",NULL,NULL,"team page"
"88322",NULL,"49","9893","13860","861","py3","1775958084.932000000","1",NULL,NULL,"88322","files_template.py",NULL,"team page"
"88323",NULL,"49","9232","11877","867","pypy3","1775958085.256700000","1",NULL,NULL,"88323","prob-cross_main_template.py",NULL,"team page"
"88324",NULL,"49","9624","13053","861","pypy3","1775958086.737600000","1",NULL,NULL,"88324","task3.py",NULL,"team page"
"88325",NULL,"49","9850","13729","864","py3","1775958086.902000000","1",NULL,NULL,"88325","grid_template.py",NULL,"team page"
"88326",NULL,"49","9391","12354","872","py3","1775958092.586800000","1",NULL,NULL,"88326","splitters_template.py",NULL,"team page"
"88327",NULL,"49","9537","12792","873","cpp","1775958093.172100000","1",NULL,NULL,"88327",NULL,NULL,"team page"
"88328",NULL,"49","10051","14272","878","py3","1775958093.813000000","1",NULL,NULL,"88328","lecture_templatecopy.py",NULL,"team page"
"88329",NULL,"49","9635","13088","863","cpp","1775958094.290600000","1",NULL,NULL,"88329",NULL,NULL,"team page"
"88330",NULL,"49","10051","14272","878","py3","1775958094.559300000","1",NULL,NULL,"88330","lecture_templatecopy.py",NULL,"team page"
"88331",NULL,"49","9948","14001","868","cpp","1775958096.825400000","1",NULL,NULL,"88331",NULL,NULL,"team page"
"88332",NULL,"49","9600","12981","873","py3","1775958100.325000000","1",NULL,NULL,"88332","1.py",NULL,"team page"
"88333",NULL,"49","9408","12405","877","cpp","1775958103.966900000","1",NULL,NULL,"88333",NULL,NULL,"team page"
"88334",NULL,"49","9528","12766","861","java","1775958104.501100000","1",NULL,NULL,"88334","replacement",NULL,"team page"
"88335",NULL,"49","9762","13467","862","py3","1775958108.609400000","1",NULL,NULL,"88335","laser_template.py",NULL,"team page"
"88336",NULL,"49","9253","11941","880","cpp","1775958109.931100000","1",NULL,NULL,"88336",NULL,NULL,"team page"
"88337",NULL,"49","9923","13926","863","cpp","1775958111.175900000","1",NULL,NULL,"88337",NULL,NULL,"team page"
"88338",NULL,"49","9877","13811","879","py3","1775958111.414600000","1",NULL,NULL,"88338","multiplication.py",NULL,"team page"
"88339",NULL,"49","9886","13837","868","java","1775958112.301100000","1",NULL,NULL,"88339","problem8",NULL,"team page"
"88340",NULL,"49","9357","12253","868","py3","1775958112.445600000","1",NULL,NULL,"88340","calico8.py",NULL,"team page"
"88341",NULL,"49","9830","13670","866","pypy3","1775958113.094200000","1",NULL,NULL,"88341","f.shadows.py",NULL,"team page"
"88342",NULL,"49","9748","13425","866","py3","1775958114.391700000","1",NULL,NULL,"88342","6.py",NULL,"team page"
"88343",NULL,"49","9357","12254","865","py3","1775958114.779700000","1",NULL,NULL,"88343","problem5.py",NULL,"team page"
"88344",NULL,"49","9753","13440","862","cpp","1775958115.329600000","1",NULL,NULL,"88344",NULL,NULL,"team page"
"88345",NULL,"49","9549","12828","862","py3","1775958115.343700000","1",NULL,NULL,"88345","laser.py",NULL,"team page"
"88346",NULL,"49","9282","12028","863","py3","1775958117.242200000","1",NULL,NULL,"88346","4.py",NULL,"team page"
"88347",NULL,"49","9389","12348","873","py3","1775958117.748900000","1",NULL,NULL,"88347","splitters2.py",NULL,"team page"
"88348",NULL,"49","9373","12302","872","cpp","1775958117.808000000","1",NULL,NULL,"88348",NULL,NULL,"team page"
"88349",NULL,"49","9690","13253","865","cpp","1775958118.009400000","1",NULL,NULL,"88349",NULL,NULL,"team page"
"88350",NULL,"49","10068","14323","869","py3","1775958118.695300000","1",NULL,NULL,"88350","mycelium_bonus1.py",NULL,"team page"
"88351",NULL,"49","9948","14001","869","cpp","1775958122.837800000","1",NULL,NULL,"88351",NULL,NULL,"team page"
"88352",NULL,"49","9201","11784","865","py3","1775958123.619700000","1",NULL,NULL,"88352","problem_5b.py",NULL,"team page"
"88353",NULL,"49","9418","12435","862","pypy3","1775958124.176900000","1",NULL,NULL,"88353","laser_template.py",NULL,"team page"
"88354",NULL,"49","9887","13840","863","py3","1775958128.458100000","1",NULL,NULL,"88354","gta6.py",NULL,"team page"
"88355",NULL,"49","10051","14273","871","cpp","1775958128.992800000","1",NULL,NULL,"88355",NULL,NULL,"team page"
"88356",NULL,"49","10051","14273","871","cpp","1775958129.202900000","1",NULL,NULL,"88356",NULL,NULL,"team page"
"88357",NULL,"49","9639","13099","872","cpp","1775958133.950000000","1",NULL,NULL,"88357",NULL,NULL,"team page"
"88358",NULL,"49","10015","14174","872","py3","1775958135.978300000","1",NULL,NULL,"88358","main2.py",NULL,"team page"
"88359",NULL,"49","9900","13880","862","py3","1775958135.986900000","1",NULL,NULL,"88359","laser_template.py",NULL,"team page"
"88360",NULL,"49","9293","12062","860","pypy3","1775958136.152000000","1",NULL,NULL,"88360","nah_template.py",NULL,"team page"
"88361",NULL,"49","9729","13369","865","py3","1775958137.869000000","1",NULL,NULL,"88361","main.py",NULL,"team page"
"88362",NULL,"49","9240","11901","879","cpp","1775958140.423500000","1",NULL,NULL,"88362",NULL,NULL,"team page"
"88363",NULL,"49","9653","13140","867","cpp","1775958141.109200000","1",NULL,NULL,"88363",NULL,NULL,"team page"
"88364",NULL,"49","9250","11932","862","cpp","1775958142.545200000","1",NULL,NULL,"88364",NULL,NULL,"team page"
"88365",NULL,"49","9677","13214","860","pypy3","1775958145.645200000","1",NULL,NULL,"88365","nah_template.py",NULL,"team page"
"88366",NULL,"49","10064","14311","859","py3","1775958151.176300000","1",NULL,NULL,"88366","piezoelectric_template.py",NULL,"team page"
"88367",NULL,"49","10003","14138","859","cpp","1775958151.809700000","1",NULL,NULL,"88367",NULL,NULL,"team page"
"88368",NULL,"49","9858","13755","880","py3","1775958153.811600000","1",NULL,NULL,"88368","122.py",NULL,"team page"
"88369",NULL,"49","9611","13015","866","py3","1775958154.885300000","1",NULL,NULL,"88369","shadows_template.py",NULL,"team page"
"88370",NULL,"49","9558","12856","868","cpp","1775958155.645000000","1",NULL,NULL,"88370",NULL,NULL,"team page"
"88371",NULL,"49","9895","13864","864","cpp","1775958156.999300000","1",NULL,NULL,"88371",NULL,NULL,"team page"
"88372",NULL,"49","9508","12705","863","cpp","1775958157.095100000","1",NULL,NULL,"88372",NULL,NULL,"team page"
"88373",NULL,"49","9638","13096","869","cpp","1775958158.667900000","1",NULL,NULL,"88373",NULL,NULL,"team page"
"88374",NULL,"49","9314","12123","866","cpp","1775958159.119300000","1",NULL,NULL,"88374",NULL,NULL,"team page"
"88375",NULL,"49","9631","13074","864","cpp","1775958159.366900000","1",NULL,NULL,"88375",NULL,NULL,"team page"
"88376",NULL,"49","9630","13071","866","cpp","1775958161.297700000","1",NULL,NULL,"88376",NULL,NULL,"team page"
"88377",NULL,"49","9993","14110","867","cpp","1775958161.755600000","1",NULL,NULL,"88377",NULL,NULL,"team page"
"88378",NULL,"49","9848","13725","872","cpp","1775958162.685000000","1",NULL,NULL,"88378",NULL,NULL,"team page"
"88379",NULL,"49","9373","12301","869","cpp","1775958164.239200000","1",NULL,NULL,"88379",NULL,NULL,"team page"
"88380",NULL,"49","9718","13337","868","py3","1775958167.637300000","1",NULL,NULL,"88380","p8.py",NULL,"team page"
"88381",NULL,"49","9676","13209","868","cpp","1775958168.121000000","1",NULL,NULL,"88381",NULL,NULL,"team page"
"88382",NULL,"49","9389","12348","873","py3","1775958169.621800000","1",NULL,NULL,"88382","splitter21.py",NULL,"team page"
"88383",NULL,"49","9444","12513","861","cpp","1775958170.925000000","1",NULL,NULL,"88383",NULL,NULL,"team page"
"88384",NULL,"49","9756","13449","866","pypy3","1775958171.567100000","1",NULL,NULL,"88384","prob_shadows_main.py",NULL,"team page"
"88385",NULL,"49","9693","13260","877","cpp","1775958176.183600000","1",NULL,NULL,"88385",NULL,NULL,"team page"
"88386",NULL,"49","9949","14004","861","pypy3","1775958176.186100000","1",NULL,NULL,"88386","p3FULL.py",NULL,"team page"
"88387",NULL,"49","9558","12856","869","cpp","1775958177.632800000","1",NULL,NULL,"88387",NULL,NULL,"team page"
"88388",NULL,"49","9392","12358","868","cpp","1775958178.639500000","1",NULL,NULL,"88388",NULL,NULL,"team page"
"88389",NULL,"49","9486","12639","870","cpp","1775958183.477300000","1",NULL,NULL,"88389",NULL,NULL,"team page"
"88390",NULL,"49","9666","13179","869","cpp","1775958186.239200000","1",NULL,NULL,"88390",NULL,NULL,"team page"
"88391",NULL,"49","9869","13787","862","py3","1775958187.396200000","1",NULL,NULL,"88391","laser_template.py",NULL,"team page"
"88392",NULL,"49","9898","13874","877","py3","1775958188.991400000","1",NULL,NULL,"88392","ASEEDER.py",NULL,"team page"
"88393",NULL,"49","9658","13157","868","py3","1775958189.211000000","1",NULL,NULL,"88393","8.py",NULL,"team page"
"88394",NULL,"49","9782","13527","861","py3","1775958189.569700000","1",NULL,NULL,"88394","files_main.py",NULL,"team page"
"88395",NULL,"49","9688","13245","866","py3","1775958189.648100000","1",NULL,NULL,"88395","q6.py",NULL,"team page"
"88396",NULL,"49","9401","12384","863","py3","1775958191.257100000","1",NULL,NULL,"88396","laser.py",NULL,"team page"
"88397",NULL,"49","9392","12358","869","cpp","1775958191.679700000","1",NULL,NULL,"88397",NULL,NULL,"team page"
"88398",NULL,"49","10070","14329","872","cpp","1775958193.746000000","1",NULL,NULL,"88398",NULL,NULL,"team page"
"88399",NULL,"49","9905","13895","860","py3","1775958198.244500000","1",NULL,NULL,"88399","nah.py",NULL,"team page"
"88400",NULL,"49","9489","12648","862","py3","1775958199.646400000","1",NULL,NULL,"88400","laser_template.py",NULL,"team page"
"88401",NULL,"49","9339","12198","867","py3","1775958200.125000000","1",NULL,NULL,"88401","prob7.py",NULL,"team page"
"88402",NULL,"49","9816","13627","873","py3","1775958200.420300000","1",NULL,NULL,"88402","prob5.py",NULL,"team page"
"88403",NULL,"49","9807","13600","866","py3","1775958200.486100000","1",NULL,NULL,"88403","problem6.py",NULL,"team page"
"88404",NULL,"49","10057","14290","872","pypy3","1775958202.007000000","1",NULL,NULL,"88404","nine.py",NULL,"team page"
"88405",NULL,"49","9792","13555","866","cpp","1775958202.498100000","1",NULL,NULL,"88405",NULL,NULL,"team page"
"88406",NULL,"49","9497","12672","859","py3","1775958203.304100000","1",NULL,NULL,"88406","piezoelectric.py",NULL,"team page"
"88407",NULL,"49","9353","12240","880","cpp","1775958205.437400000","1",NULL,NULL,"88407",NULL,NULL,"team page"
"88408",NULL,"49","9589","12950","868","cpp","1775958208.035600000","1",NULL,NULL,"88408",NULL,NULL,"team page"
"88409",NULL,"49","9504","12693","864","cpp","1775958208.653300000","1",NULL,NULL,"88409",NULL,NULL,"team page"
"88410",NULL,"49","9858","13755","870","py3","1775958209.518500000","1",NULL,NULL,"88410","82.py",NULL,"team page"
"88411",NULL,"49","9974","14051","859","py3","1775958211.958600000","1",NULL,NULL,"88411","piezoelectric_main.py",NULL,"team page"
"88412",NULL,"49","10097","14392","869","cpp","1775958212.820800000","1",NULL,NULL,"88412",NULL,NULL,"team page"
"88413",NULL,"49","9526","12759","863","cpp","1775958214.770500000","1",NULL,NULL,"88413",NULL,NULL,"team page"
"88414",NULL,"49","9615","13026","864","py3","1775958214.903200000","1",NULL,NULL,"88414","q5.py",NULL,"team page"
"88415",NULL,"49","9582","12928","877","py3","1775958215.711000000","1",NULL,NULL,"88415","lecture_template.py",NULL,"team page"
"88416",NULL,"49","9250","11932","862","cpp","1775958216.970800000","1",NULL,NULL,"88416",NULL,NULL,"team page"
"88417",NULL,"49","9917","13909","868","pypy3","1775958218.804900000","1",NULL,NULL,"88417","8.py",NULL,"team page"
"88418",NULL,"49","9708","13305","869","pypy3","1775958219.906800000","1",NULL,NULL,"88418","problem8.py",NULL,"team page"
"88419",NULL,"49","9332","12179","860","py3","1775958220.453700000","1",NULL,NULL,"88419","nah_template.py",NULL,"team page"
"88420",NULL,"49","9438","12495","862","pypy3","1775958222.393200000","1",NULL,NULL,"88420","laser_template.py",NULL,"team page"
"88421",NULL,"49","9574","12903","872","py3","1775958224.335500000","1",NULL,NULL,"88421","shittyrecursion.py",NULL,"team page"
"88422",NULL,"49","9586","12939","864","py3","1775958224.971400000","1",NULL,NULL,"88422","grid_template.py",NULL,"team page"
"88423",NULL,"49","9806","13597","877","cpp","1775958225.007300000","1",NULL,NULL,"88423",NULL,NULL,"team page"
"88424",NULL,"49","9458","12556","859","cpp","1775958229.207800000","1",NULL,NULL,"88424",NULL,NULL,"team page"
"88425",NULL,"49","9786","13539","879","py3","1775958230.780500000","1",NULL,NULL,"88425","shittyai.py",NULL,"team page"
"88426",NULL,"49","9393","12362","866","pypy3","1775958233.748100000","1",NULL,NULL,"88426","shadows.py",NULL,"team page"
"88427",NULL,"49","9821","13642","879","py3","1775958234.857200000","1",NULL,NULL,"88427","p12t1.py",NULL,"team page"
"88428",NULL,"49","9898","13874","877","py3","1775958235.142600000","1",NULL,NULL,"88428","ASEEDER.py",NULL,"team page"
"88429",NULL,"49","9630","13071","872","cpp","1775958236.230200000","1",NULL,NULL,"88429",NULL,NULL,"team page"
"88430",NULL,"49","9864","13773","864","py3","1775958238.585100000","1",NULL,NULL,"88430","2.py",NULL,"team page"
"88431",NULL,"49","9887","13840","863","py3","1775958239.399600000","1",NULL,NULL,"88431","gta6.py",NULL,"team page"
"88432",NULL,"49","9626","13061","877","py3","1775958241.314900000","1",NULL,NULL,"88432","lecture_template.py",NULL,"team page"
"88433",NULL,"49","9850","13729","868","py3","1775958241.659700000","1",NULL,NULL,"88433","mycelium_template.py",NULL,"team page"
"88434",NULL,"49","9900","13880","862","py3","1775958246.583900000","1",NULL,NULL,"88434","laser_template.py",NULL,"team page"
"88435",NULL,"49","9868","13783","862","py3","1775958251.178400000","1",NULL,NULL,"88435","laser.py",NULL,"team page"
"88436",NULL,"49","9240","11901","879","cpp","1775958253.116000000","1",NULL,NULL,"88436",NULL,NULL,"team page"
"88437",NULL,"49","9796","13567","864","py3","1775958254.336200000","1",NULL,NULL,"88437","main.py",NULL,"team page"
"88438",NULL,"49","10015","14174","879","py3","1775958256.835300000","1",NULL,NULL,"88438","main.py",NULL,"team page"
"88439",NULL,"49","9927","13938","860","py3","1775958259.434100000","1",NULL,NULL,"88439","CALICO_SP26.py",NULL,"team page"
"88440",NULL,"49","9504","12693","865","cpp","1775958260.523700000","1",NULL,NULL,"88440",NULL,NULL,"team page"
"88441",NULL,"49","10084","14355","861","py3","1775958263.611800000","1",NULL,NULL,"88441","Program3.py",NULL,"team page"
"88442",NULL,"49","9853","13740","864","py3","1775958264.223700000","1",NULL,NULL,"88442","grid_template.py",NULL,"team page"
"88443",NULL,"49","9976","14057","861","cpp","1775958264.587500000","1",NULL,NULL,"88443",NULL,NULL,"team page"
"88444",NULL,"49","9806","13597","878","cpp","1775958264.741500000","1",NULL,NULL,"88444",NULL,NULL,"team page"
"88445",NULL,"49","9806","13597","878","cpp","1775958265.030000000","1",NULL,NULL,"88445",NULL,NULL,"team page"
"88446",NULL,"49","9206","11799","870","cpp","1775958267.726100000","1",NULL,NULL,"88446",NULL,NULL,"team page"
"88447",NULL,"49","9729","13369","865","py3","1775958268.314600000","1",NULL,NULL,"88447","main.py",NULL,"team page"
"88448",NULL,"49","9859","13756","862","cpp","1775958270.900100000","1",NULL,NULL,"88448",NULL,NULL,"team page"
"88449",NULL,"49","9897","13871","862","py3","1775958271.040300000","1",NULL,NULL,"88449","laser.py",NULL,"team page"
"88450",NULL,"49","9978","14063","862","cpp","1775958272.047200000","1",NULL,NULL,"88450",NULL,NULL,"team page"
"88451",NULL,"49","9561","12864","861","py3","1775958273.984700000","1",NULL,NULL,"88451","files.py",NULL,"team page"
"88452",NULL,"49","9676","13210","869","cpp","1775958274.568400000","1",NULL,NULL,"88452",NULL,NULL,"team page"
"88453",NULL,"49","10051","14272","878","py3","1775958278.307200000","1",NULL,NULL,"88453","lecture_templatecopy.py",NULL,"team page"
"88454",NULL,"49","9558","12856","869","cpp","1775958280.505500000","1",NULL,NULL,"88454",NULL,NULL,"team page"
"88455",NULL,"49","9639","13099","872","cpp","1775958284.594000000","1",NULL,NULL,"88455",NULL,NULL,"team page"
"88456",NULL,"49","9639","13099","872","cpp","1775958285.856800000","1",NULL,NULL,"88456",NULL,NULL,"team page"
"88457",NULL,"49","9639","13099","872","cpp","1775958287.232400000","1",NULL,NULL,"88457",NULL,NULL,"team page"
"88458",NULL,"49","9717","13334","869","cpp","1775958288.058300000","1",NULL,NULL,"88458",NULL,NULL,"team page"
"88459",NULL,"49","10003","14138","859","cpp","1775958290.605000000","1",NULL,NULL,"88459",NULL,NULL,"team page"
"88460",NULL,"49","9657","13152","868","cpp","1775958290.959400000","1",NULL,NULL,"88460",NULL,NULL,"team page"
"88461",NULL,"49","9657","13152","868","cpp","1775958291.282700000","1",NULL,NULL,"88461",NULL,NULL,"team page"
"88462",NULL,"49","9497","12673","860","pypy3","1775958291.482100000","1",NULL,NULL,"88462","nahidwin.py",NULL,"team page"
"88463",NULL,"49","9293","12062","860","pypy3","1775958293.294000000","1",NULL,NULL,"88463","nah_template.py",NULL,"team page"
"88464",NULL,"49","9485","12638","867","cpp","1775958295.334900000","1",NULL,NULL,"88464",NULL,NULL,"team page"
"88465",NULL,"49","9436","12489","867","java","1775958296.132700000","1",NULL,NULL,"88465","Q7",NULL,"team page"
"88466",NULL,"49","9988","14094","866","py3","1775958298.842800000","1",NULL,NULL,"88466","shsid.py",NULL,"team page"
"88467",NULL,"49","10004","14141","877","pypy3","1775958298.869500000","1",NULL,NULL,"88467","t412a.py",NULL,"team page"
"88468",NULL,"49","9559","12859","868","py3","1775958300.589500000","1",NULL,NULL,"88468","P8.py",NULL,"team page"
"88469",NULL,"49","9393","12361","869","py3","1775958301.317400000","1",NULL,NULL,"88469","mycelium_template.py",NULL,"team page"
"88470",NULL,"49","9898","13874","860","py3","1775958302.211800000","1",NULL,NULL,"88470","CALICOCodeQ2.py",NULL,"team page"
"88471",NULL,"49","9657","13152","869","cpp","1775958305.189000000","1",NULL,NULL,"88471",NULL,NULL,"team page"
"88472",NULL,"49","9816","13628","866","pypy3","1775958311.395000000","1",NULL,NULL,"88472","shadows_template.py",NULL,"team page"
"88473",NULL,"49","9582","12928","878","py3","1775958315.939300000","1",NULL,NULL,"88473","lecture_template.py",NULL,"team page"
"88474",NULL,"49","10007","14150","877","java","1775958318.420100000","1",NULL,NULL,"88474","Main3",NULL,"team page"
"88475",NULL,"49","9892","13856","868","cpp","1775958321.014000000","1",NULL,NULL,"88475",NULL,NULL,"team page"
"88476",NULL,"49","10016","14179","865","pypy3","1775958321.281300000","1",NULL,NULL,"88476","Q5.py",NULL,"team page"
"88477",NULL,"49","9630","13073","868","py3","1775958322.252300000","1",NULL,NULL,"88477","mycelium_template.py",NULL,"team page"
"88478",NULL,"49","9661","13164","860","py3","1775958326.836500000","1",NULL,NULL,"88478","nah_template.py",NULL,"team page"
"88479",NULL,"49","9785","13538","862","py3","1775958326.974700000","1",NULL,NULL,"88479","calico_prob_4.py",NULL,"team page"
"88480",NULL,"49","9612","13017","866","py3","1775958327.316800000","1",NULL,NULL,"88480","shadows_template.py",NULL,"team page"
"88481",NULL,"49","9803","13589","868","pypy3","1775958327.977000000","1",NULL,NULL,"88481","question8.py",NULL,"team page"
"88482",NULL,"49","9997","14120","861","py3","1775958328.345300000","1",NULL,NULL,"88482","prob3.py",NULL,"team page"
"88483",NULL,"49","9996","14117","877","java","1775958328.386800000","1",NULL,NULL,"88483","lecture_template",NULL,"team page"
"88484",NULL,"49","9385","12338","868","py3","1775958329.103700000","1",NULL,NULL,"88484","shadows_template.py",NULL,"team page"
"88485",NULL,"49","9610","13011","864","pypy3","1775958329.348100000","1",NULL,NULL,"88485","grid.py",NULL,"team page"
"88486",NULL,"49","9589","12950","869","cpp","1775958330.210300000","1",NULL,NULL,"88486",NULL,NULL,"team page"
"88487",NULL,"49","9711","13314","867","cpp","1775958331.667400000","1",NULL,NULL,"88487",NULL,NULL,"team page"
"88488",NULL,"49","9657","13154","877","cpp","1775958334.954100000","1",NULL,NULL,"88488",NULL,NULL,"team page"
"88489",NULL,"49","9676","13210","870","cpp","1775958335.487100000","1",NULL,NULL,"88489",NULL,NULL,"team page"
"88490",NULL,"49","9830","13670","866","pypy3","1775958335.620600000","1",NULL,NULL,"88490","f.shadows.py",NULL,"team page"
"88491",NULL,"49","9894","13861","862","cpp","1775958336.291600000","1",NULL,NULL,"88491",NULL,NULL,"team page"
"88492",NULL,"49","9540","12801","864","cpp","1775958337.307500000","1",NULL,NULL,"88492",NULL,NULL,"team page"
"88493",NULL,"49","9442","12507","863","cpp","1775958337.576700000","1",NULL,NULL,"88493",NULL,NULL,"team page"
"88494",NULL,"49","9544","12813","877","cpp","1775958338.410700000","1",NULL,NULL,"88494",NULL,NULL,"team page"
"88495",NULL,"49","9707","13304","861","py3","1775958339.643700000","1",NULL,NULL,"88495","files_sol.py",NULL,"team page"
"88496",NULL,"49","9892","13856","869","cpp","1775958340.434900000","1",NULL,NULL,"88496",NULL,NULL,"team page"
"88497",NULL,"49","10097","14392","869","cpp","1775958341.634300000","1",NULL,NULL,"88497",NULL,NULL,"team page"
"88498",NULL,"49","9533","12781","864","cpp","1775958341.971500000","1",NULL,NULL,"88498",NULL,NULL,"team page"
"88499",NULL,"49","9279","12018","865","cpp","1775958345.864200000","1",NULL,NULL,"88499",NULL,NULL,"team page"
"88500",NULL,"49","9362","12267","868","cpp","1775958347.258200000","1",NULL,NULL,"88500",NULL,NULL,"team page"
"88501",NULL,"49","9314","12125","872","cpp","1775958347.352000000","1",NULL,NULL,"88501",NULL,NULL,"team page"
"88502",NULL,"49","9693","13260","877","cpp","1775958350.461600000","1",NULL,NULL,"88502",NULL,NULL,"team page"
"88503",NULL,"49","9996","14117","878","java","1775958351.842700000","1",NULL,NULL,"88503","lecture_template",NULL,"team page"
"88504",NULL,"49","9998","14124","878","cpp","1775958352.340300000","1",NULL,NULL,"88504",NULL,NULL,"team page"
"88505",NULL,"49","9357","12253","868","py3","1775958352.378700000","1",NULL,NULL,"88505","calico8.py",NULL,"team page"
"88506",NULL,"49","9593","12962","864","cpp","1775958353.155400000","1",NULL,NULL,"88506",NULL,NULL,"team page"
"88507",NULL,"49","9746","13419","871","cpp","1775958356.537500000","1",NULL,NULL,"88507",NULL,NULL,"team page"
"88508",NULL,"49","9806","13597","877","cpp","1775958357.552100000","1",NULL,NULL,"88508",NULL,NULL,"team page"
"88509",NULL,"49","9949","14005","862","py3","1775958357.606400000","1",NULL,NULL,"88509","CalicoSetlaser.py",NULL,"team page"
"88510",NULL,"49","9263","11970","873","cpp","1775958358.887400000","1",NULL,NULL,"88510",NULL,NULL,"team page"
"88511",NULL,"49","9717","13334","869","cpp","1775958359.217600000","1",NULL,NULL,"88511",NULL,NULL,"team page"
"88512",NULL,"49","9753","13441","863","cpp","1775958360.834600000","1",NULL,NULL,"88512",NULL,NULL,"team page"
"88513",NULL,"49","9455","12547","861","cpp","1775958361.660200000","1",NULL,NULL,"88513",NULL,NULL,"team page"
"88514",NULL,"49","9880","13820","866","cpp","1775958362.984100000","1",NULL,NULL,"88514",NULL,NULL,"team page"
"88515",NULL,"49","9892","13856","870","cpp","1775958366.111500000","1",NULL,NULL,"88515",NULL,NULL,"team page"
"88516",NULL,"49","9806","13598","879","cpp","1775958367.726100000","1",NULL,NULL,"88516",NULL,NULL,"team page"
"88517",NULL,"49","9746","13420","870","py3","1775958368.071900000","1",NULL,NULL,"88517","82.py",NULL,"team page"
"88518",NULL,"49","9314","12125","868","cpp","1775958368.599300000","1",NULL,NULL,"88518",NULL,NULL,"team page"
"88519",NULL,"49","9899","13876","872","java","1775958369.681800000","1",NULL,NULL,"88519","Main",NULL,"team page"
"88520",NULL,"49","9418","12435","862","pypy3","1775958372.385100000","1",NULL,NULL,"88520","laser_template.py",NULL,"team page"
"88521",NULL,"49","9533","12781","865","cpp","1775958373.071900000","1",NULL,NULL,"88521",NULL,NULL,"team page"
"88522",NULL,"49","9201","11784","865","py3","1775958378.482400000","1",NULL,NULL,"88522","problem_5b.py",NULL,"team page"
"88523",NULL,"49","9886","13838","862","cpp","1775958379.784000000","1",NULL,NULL,"88523",NULL,NULL,"team page"
"88524",NULL,"49","9858","13755","880","py3","1775958381.019400000","1",NULL,NULL,"88524","122.py",NULL,"team page"
"88525",NULL,"49","10003","14138","862","cpp","1775958382.688900000","1",NULL,NULL,"88525",NULL,NULL,"team page"
"88526",NULL,"49","9718","13337","868","py3","1775958382.799100000","1",NULL,NULL,"88526","p8.py",NULL,"team page"
"88527",NULL,"49","9768","13485","868","cpp","1775958386.519000000","1",NULL,NULL,"88527",NULL,NULL,"team page"
"88528",NULL,"49","9240","11901","879","cpp","1775958386.551900000","1",NULL,NULL,"88528",NULL,NULL,"team page"
"88529",NULL,"49","9768","13485","868","cpp","1775958386.725600000","1",NULL,NULL,"88529",NULL,NULL,"team page"
"88530",NULL,"49","9432","12477","872","cpp","1775958387.252900000","1",NULL,NULL,"88530",NULL,NULL,"team page"
"88531",NULL,"49","9998","14124","869","cpp","1775958390.067100000","1",NULL,NULL,"88531",NULL,NULL,"team page"
"88532",NULL,"49","9646","13120","864","cpp","1775958392.032300000","1",NULL,NULL,"88532",NULL,NULL,"team page"
"88533",NULL,"49","9314","12125","869","cpp","1775958392.069100000","1",NULL,NULL,"88533",NULL,NULL,"team page"
"88534",NULL,"49","9559","12859","869","py3","1775958392.698400000","1",NULL,NULL,"88534","P8.py",NULL,"team page"
"88535",NULL,"49","9340","12202","864","cpp","1775958394.600000000","1",NULL,NULL,"88535",NULL,NULL,"team page"
"88536",NULL,"49","10003","14138","863","cpp","1775958396.317000000","1",NULL,NULL,"88536",NULL,NULL,"team page"
"88537",NULL,"49","9574","12905","866","py3","1775958396.905300000","1",NULL,NULL,"88537","problem6.py",NULL,"team page"
"88538",NULL,"49","9608","13006","864","cpp","1775958398.264800000","1",NULL,NULL,"88538",NULL,NULL,"team page"
"88539",NULL,"49","9887","13841","864","py3","1775958400.435100000","1",NULL,NULL,"88539","gta6.py",NULL,"team page"
"88540",NULL,"49","9423","12452","869","cpp","1775958400.556800000","1",NULL,NULL,"88540",NULL,NULL,"team page"
"88541",NULL,"49","9887","13841","864","py3","1775958400.651900000","1",NULL,NULL,"88541","gta6.py",NULL,"team page"
"88542",NULL,"49","9806","13597","877","cpp","1775958400.793900000","1",NULL,NULL,"88542",NULL,NULL,"team page"
"88543",NULL,"49","9887","13841","864","py3","1775958400.891200000","1",NULL,NULL,"88543","gta6.py",NULL,"team page"
"88544",NULL,"49","9887","13841","864","py3","1775958401.159500000","1",NULL,NULL,"88544","gta6.py",NULL,"team page"
"88545",NULL,"49","9887","13841","864","py3","1775958401.533900000","1",NULL,NULL,"88545","gta6.py",NULL,"team page"
"88546",NULL,"49","9887","13841","864","py3","1775958401.751800000","1",NULL,NULL,"88546","gta6.py",NULL,"team page"
"88547",NULL,"49","9455","12547","861","py3","1775958401.953800000","1",NULL,NULL,"88547","files_template.py",NULL,"team page"
"88548",NULL,"49","9887","13841","864","py3","1775958401.956400000","1",NULL,NULL,"88548","gta6.py",NULL,"team page"
"88549",NULL,"49","9887","13841","864","py3","1775958402.204600000","1",NULL,NULL,"88549","gta6.py",NULL,"team page"
"88550",NULL,"49","9821","13642","862","py3","1775958402.264600000","1",NULL,NULL,"88550","p4.py",NULL,"team page"
"88551",NULL,"49","9887","13841","864","py3","1775958402.427100000","1",NULL,NULL,"88551","gta6.py",NULL,"team page"
"88552",NULL,"49","9887","13841","864","py3","1775958402.658300000","1",NULL,NULL,"88552","gta6.py",NULL,"team page"
"88553",NULL,"49","9887","13841","864","py3","1775958402.862500000","1",NULL,NULL,"88553","gta6.py",NULL,"team page"
"88554",NULL,"49","9887","13841","864","py3","1775958403.166600000","1",NULL,NULL,"88554","gta6.py",NULL,"team page"
"88555",NULL,"49","9887","13841","864","py3","1775958403.400300000","1",NULL,NULL,"88555","gta6.py",NULL,"team page"
"88556",NULL,"49","9887","13841","864","py3","1775958403.626300000","1",NULL,NULL,"88556","gta6.py",NULL,"team page"
"88557",NULL,"49","9887","13841","864","py3","1775958403.845800000","1",NULL,NULL,"88557","gta6.py",NULL,"team page"
"88558",NULL,"49","9887","13841","864","py3","1775958404.178200000","1",NULL,NULL,"88558","gta6.py",NULL,"team page"
"88559",NULL,"49","9887","13841","864","py3","1775958405.229500000","1",NULL,NULL,"88559","gta6.py",NULL,"team page"
"88560",NULL,"49","9887","13841","864","py3","1775958405.484800000","1",NULL,NULL,"88560","gta6.py",NULL,"team page"
"88561",NULL,"49","9887","13841","864","py3","1775958405.696800000","1",NULL,NULL,"88561","gta6.py",NULL,"team page"
"88562",NULL,"49","9554","12843","864","cpp","1775958405.821900000","1",NULL,NULL,"88562",NULL,NULL,"team page"
"88563",NULL,"49","9889","13847","877","cpp","1775958406.054800000","1",NULL,NULL,"88563",NULL,NULL,"team page"
"88564",NULL,"49","9887","13841","864","py3","1775958406.121200000","1",NULL,NULL,"88564","gta6.py",NULL,"team page"
"88565",NULL,"49","9887","13841","864","py3","1775958406.369400000","1",NULL,NULL,"88565","gta6.py",NULL,"team page"
"88566",NULL,"49","9919","13915","878","cpp","1775958407.134500000","1",NULL,NULL,"88566",NULL,NULL,"team page"
"88567",NULL,"49","9887","13841","864","py3","1775958407.507700000","1",NULL,NULL,"88567","gta6.py",NULL,"team page"
"88568",NULL,"49","9887","13841","864","py3","1775958408.036800000","1",NULL,NULL,"88568","gta6.py",NULL,"team page"
"88569",NULL,"49","9887","13841","864","py3","1775958408.294400000","1",NULL,NULL,"88569","gta6.py",NULL,"team page"
"88570",NULL,"49","9887","13841","864","py3","1775958408.522000000","1",NULL,NULL,"88570","gta6.py",NULL,"team page"
"88571",NULL,"49","9526","12759","862","cpp","1775958408.681900000","1",NULL,NULL,"88571",NULL,NULL,"team page"
"88572",NULL,"49","9887","13841","864","py3","1775958408.762900000","1",NULL,NULL,"88572","gta6.py",NULL,"team page"
"88573",NULL,"49","9887","13841","864","py3","1775958409.012300000","1",NULL,NULL,"88573","gta6.py",NULL,"team page"
"88574",NULL,"49","9589","12950","869","cpp","1775958409.277100000","1",NULL,NULL,"88574",NULL,NULL,"team page"
"88575",NULL,"49","9887","13841","864","py3","1775958409.288800000","1",NULL,NULL,"88575","gta6.py",NULL,"team page"
"88576",NULL,"49","9887","13841","864","py3","1775958409.674800000","1",NULL,NULL,"88576","gta6.py",NULL,"team page"
"88577",NULL,"49","9887","13841","864","py3","1775958409.972800000","1",NULL,NULL,"88577","gta6.py",NULL,"team page"
"88578",NULL,"49","9887","13841","864","py3","1775958410.235700000","1",NULL,NULL,"88578","gta6.py",NULL,"team page"
"88579",NULL,"49","9887","13841","864","py3","1775958410.489600000","1",NULL,NULL,"88579","gta6.py",NULL,"team page"
"88580",NULL,"49","9877","13812","878","cpp","1775958410.677100000","1",NULL,NULL,"88580",NULL,NULL,"team page"
"88581",NULL,"49","9275","12008","868","java","1775958411.013800000","1",NULL,NULL,"88581","Solution",NULL,"team page"
"88582",NULL,"49","9994","14112","872","java","1775958412.377000000","1",NULL,NULL,"88582","Main",NULL,"team page"
"88583",NULL,"49","9696","13269","868","cpp","1775958413.522800000","1",NULL,NULL,"88583",NULL,NULL,"team page"
"88584",NULL,"49","9646","13120","865","cpp","1775958417.487000000","1",NULL,NULL,"88584",NULL,NULL,"team page"
"88585",NULL,"49","9544","12813","877","cpp","1775958419.348000000","1",NULL,NULL,"88585",NULL,NULL,"team page"
"88586",NULL,"49","9508","12705","867","cpp","1775958419.598000000","1",NULL,NULL,"88586",NULL,NULL,"team page"
"88587",NULL,"49","9700","13283","863","cpp","1775958421.490300000","1",NULL,NULL,"88587",NULL,NULL,"team page"
"88588",NULL,"49","9626","13061","878","py3","1775958423.800700000","1",NULL,NULL,"88588","lecture_template.py",NULL,"team page"
"88589",NULL,"49","9796","13567","865","py3","1775958424.878000000","1",NULL,NULL,"88589","main.py",NULL,"team page"
"88590",NULL,"49","9917","13908","873","cpp","1775958427.808900000","1",NULL,NULL,"88590",NULL,NULL,"team page"
"88591",NULL,"49","9670","13191","866","py3","1775958428.446000000","1",NULL,NULL,"88591","main.py",NULL,"team page"
"88592",NULL,"49","10055","14286","868","cpp","1775958430.092600000","1",NULL,NULL,"88592",NULL,NULL,"team page"
"88593",NULL,"49","9806","13597","878","cpp","1775958430.437000000","1",NULL,NULL,"88593",NULL,NULL,"team page"
"88594",NULL,"49","9777","13512","867","cpp","1775958431.931600000","1",NULL,NULL,"88594",NULL,NULL,"team page"
"88595",NULL,"49","9937","13969","877","cpp","1775958434.254000000","1",NULL,NULL,"88595",NULL,NULL,"team page"
"88596",NULL,"49","9676","13210","868","cpp","1775958434.721000000","1",NULL,NULL,"88596",NULL,NULL,"team page"
"88597",NULL,"49","10057","14290","872","pypy3","1775958435.278400000","1",NULL,NULL,"88597","nine.py",NULL,"team page"
"88598",NULL,"49","9917","13909","868","pypy3","1775958435.304200000","1",NULL,NULL,"88598","8.py",NULL,"team page"
"88599",NULL,"49","9857","13750","866","pypy3","1775958435.831300000","1",NULL,NULL,"88599","6.py",NULL,"team page"
"88600",NULL,"49","10061","14302","861","py3","1775958436.321000000","1",NULL,NULL,"88600","files_template.py",NULL,"team page"
"88601",NULL,"49","10055","14285","880","cpp","1775958440.824800000","1",NULL,NULL,"88601",NULL,NULL,"team page"
"88602",NULL,"49","9436","12489","867","java","1775958441.270600000","1",NULL,NULL,"88602","Q7",NULL,"team page"
"88603",NULL,"49","9785","13538","863","py3","1775958441.469000000","1",NULL,NULL,"88603","calico_prob_4.py",NULL,"team page"
"88604",NULL,"49","9486","12639","866","cpp","1775958442.705900000","1",NULL,NULL,"88604",NULL,NULL,"team page"
"88605",NULL,"49","9593","12962","864","cpp","1775958442.763600000","1",NULL,NULL,"88605",NULL,NULL,"team page"
"88606",NULL,"49","9419","12438","867","cpp","1775958443.257200000","1",NULL,NULL,"88606",NULL,NULL,"team page"
"88607",NULL,"49","9458","12556","860","cpp","1775958444.460600000","1",NULL,NULL,"88607",NULL,NULL,"team page"
"88608",NULL,"49","9314","12125","870","cpp","1775958445.298400000","1",NULL,NULL,"88608",NULL,NULL,"team page"
"88609",NULL,"49","9240","11901","880","cpp","1775958445.691300000","1",NULL,NULL,"88609",NULL,NULL,"team page"
"88610",NULL,"49","9858","13755","880","py3","1775958447.128900000","1",NULL,NULL,"88610","122.py",NULL,"team page"
"88611",NULL,"49","9558","12856","868","cpp","1775958447.343700000","1",NULL,NULL,"88611",NULL,NULL,"team page"
"88612",NULL,"49","9873","13800","864","py3","1775958448.072600000","1",NULL,NULL,"88612","grid_template.py",NULL,"team page"
"88613",NULL,"49","9902","13885","868","py3","1775958448.563900000","1",NULL,NULL,"88613","8.py",NULL,"team page"
"88614",NULL,"49","9892","13857","872","pypy3","1775958450.179900000","1",NULL,NULL,"88614","splitters_template.py",NULL,"team page"
"88615",NULL,"49","9526","12759","863","cpp","1775958450.741400000","1",NULL,NULL,"88615",NULL,NULL,"team page"
"88616",NULL,"49","9537","12792","873","cpp","1775958454.425000000","1",NULL,NULL,"88616",NULL,NULL,"team page"
"88617",NULL,"49","9275","12008","869","java","1775958455.692500000","1",NULL,NULL,"88617","Solution",NULL,"team page"
"88618",NULL,"49","9582","12929","868","py3","1775958457.281400000","1",NULL,NULL,"88618","prob8.py",NULL,"team page"
"88619",NULL,"49","9776","13509","867","py3","1775958458.176400000","1",NULL,NULL,"88619","cross.py",NULL,"team page"
"88620",NULL,"49","9936","13965","867","py3","1775958458.549500000","1",NULL,NULL,"88620","work.py",NULL,"team page"
"88621",NULL,"49","9646","13120","865","cpp","1775958459.166600000","1",NULL,NULL,"88621",NULL,NULL,"team page"
"88622",NULL,"49","9263","11971","873","cpp","1775958460.144000000","1",NULL,NULL,"88622",NULL,NULL,"team page"
"88623",NULL,"49","9710","13313","863","cpp","1775958461.397700000","1",NULL,NULL,"88623",NULL,NULL,"team page"
"88624",NULL,"49","9923","13926","862","cpp","1775958463.146600000","1",NULL,NULL,"88624",NULL,NULL,"team page"
"88625",NULL,"49","9435","12488","862","py3","1775958465.525500000","1",NULL,NULL,"88625","laser_template.py",NULL,"team page"
"88626",NULL,"49","9888","13843","866","py3","1775958469.889300000","1",NULL,NULL,"88626","test.py",NULL,"team page"
"88627",NULL,"49","9919","13915","877","cpp","1775958470.059000000","1",NULL,NULL,"88627",NULL,NULL,"team page"
"88628",NULL,"49","9729","13369","865","py3","1775958470.172300000","1",NULL,NULL,"88628","main.py",NULL,"team page"
"88629",NULL,"49","9988","14094","866","py3","1775958470.914400000","1",NULL,NULL,"88629","shsid.py",NULL,"team page"
"88630",NULL,"49","9466","12579","864","cpp","1775958471.138400000","1",NULL,NULL,"88630",NULL,NULL,"team page"
"88631",NULL,"49","9886","13838","862","cpp","1775958472.104300000","1",NULL,NULL,"88631",NULL,NULL,"team page"
"88632",NULL,"49","9923","13926","863","cpp","1775958472.878000000","1",NULL,NULL,"88632",NULL,NULL,"team page"
"88633",NULL,"49","9408","12405","868","cpp","1775958475.603400000","1",NULL,NULL,"88633",NULL,NULL,"team page"
"88634",NULL,"49","9756","13449","868","py3","1775958475.899600000","1",NULL,NULL,"88634","prob_mycelium_main.py",NULL,"team page"
"88635",NULL,"49","9937","13969","877","cpp","1775958479.294300000","1",NULL,NULL,"88635",NULL,NULL,"team page"
"88636",NULL,"49","9569","12889","865","cpp","1775958480.062500000","1",NULL,NULL,"88636",NULL,NULL,"team page"
"88637",NULL,"49","9898","13874","877","py3","1775958480.625000000","1",NULL,NULL,"88637","ASEEDER.py",NULL,"team page"
"88638",NULL,"49","9732","13377","861","cpp","1775958483.277100000","1",NULL,NULL,"88638",NULL,NULL,"team page"
"88639",NULL,"49","9263","11971","873","cpp","1775958484.223300000","1",NULL,NULL,"88639",NULL,NULL,"team page"
"88640",NULL,"49","9347","12222","860","py3","1775958484.843700000","1",NULL,NULL,"88640","nah_template.py",NULL,"team page"
"88641",NULL,"49","9206","11801","872","cpp","1775958486.314600000","1",NULL,NULL,"88641",NULL,NULL,"team page"
"88642",NULL,"49","10055","14285","881","cpp","1775958487.023300000","1",NULL,NULL,"88642",NULL,NULL,"team page"
"88643",NULL,"49","9393","12361","869","py3","1775958489.394100000","1",NULL,NULL,"88643","mycelium_template.py",NULL,"team page"
"88644",NULL,"49","10035","14225","877","cpp","1775958490.709800000","1",NULL,NULL,"88644",NULL,NULL,"team page"
"88645",NULL,"49","9293","12062","860","pypy3","1775958491.034900000","1",NULL,NULL,"88645","nah_template.py",NULL,"team page"
"88646",NULL,"49","10097","14392","869","cpp","1775958493.048200000","1",NULL,NULL,"88646",NULL,NULL,"team page"
"88647",NULL,"49","9292","12057","862","py3","1775958493.605000000","1",NULL,NULL,"88647","prob4.py",NULL,"team page"
"88648",NULL,"49","9558","12856","868","cpp","1775958493.799200000","1",NULL,NULL,"88648",NULL,NULL,"team page"
"88649",NULL,"49","9886","13837","873","java","1775958496.750600000","1",NULL,NULL,"88649","problem8",NULL,"team page"
"88650",NULL,"49","9749","13428","859","cpp","1775958496.875300000","1",NULL,NULL,"88650",NULL,NULL,"team page"
"88651",NULL,"49","9818","13635","879","cpp","1775958497.356700000","1",NULL,NULL,"88651",NULL,NULL,"team page"
"88652",NULL,"49","9786","13539","866","py3","1775958497.436100000","1",NULL,NULL,"88652","shadowtypepoke.py",NULL,"team page"
"88653",NULL,"49","9589","12950","870","cpp","1775958497.552500000","1",NULL,NULL,"88653",NULL,NULL,"team page"
"88654",NULL,"49","10006","14148","877","java","1775958497.823800000","1",NULL,NULL,"88654","UKCC.Main",NULL,"team page"
"88655",NULL,"49","9976","14057","861","cpp","1775958501.545900000","1",NULL,NULL,"88655",NULL,NULL,"team page"
"88656",NULL,"49","9726","13360","873","py3","1775958501.592800000","1",NULL,NULL,"88656","splitters2.py",NULL,"team page"
"88657",NULL,"49","9886","13838","863","cpp","1775958501.992900000","1",NULL,NULL,"88657",NULL,NULL,"team page"
"88658",NULL,"49","9649","13128","872","cpp","1775958506.189000000","1",NULL,NULL,"88658",NULL,NULL,"team page"
"88659",NULL,"49","9240","11901","880","cpp","1775958508.018200000","1",NULL,NULL,"88659",NULL,NULL,"team page"
"88660",NULL,"49","10043","14250","861","py3","1775958508.291500000","1",NULL,NULL,"88660","files_template.py",NULL,"team page"
"88661",NULL,"49","9748","13425","866","py3","1775958508.679100000","1",NULL,NULL,"88661","6.py",NULL,"team page"
"88662",NULL,"49","10055","14286","869","cpp","1775958509.658200000","1",NULL,NULL,"88662",NULL,NULL,"team page"
"88663",NULL,"49","9899","13878","872","java","1775958517.304400000","1",NULL,NULL,"88663","JoshContext041212",NULL,"team page"
"88664",NULL,"49","9609","13008","861","cpp","1775958521.478200000","1",NULL,NULL,"88664",NULL,NULL,"team page"
"88665",NULL,"49","9332","12177","862","pypy3","1775958523.738500000","1",NULL,NULL,"88665","laser_template.py",NULL,"team page"
"88666",NULL,"49","10058","14293","872","py3","1775958527.351600000","1",NULL,NULL,"88666","splitter.py",NULL,"team page"
"88667",NULL,"49","9604","12995","866","pypy3","1775958528.634200000","1",NULL,NULL,"88667","calicoans.py",NULL,"team page"
"88668",NULL,"49","9385","12338","866","py3","1775958529.764000000","1",NULL,NULL,"88668","shadows_template.py",NULL,"team page"
"88669",NULL,"49","9632","13077","860","cpp","1775958529.921100000","1",NULL,NULL,"88669",NULL,NULL,"team page"
"88670",NULL,"49","9212","11817","861","py3","1775958530.734000000","1",NULL,NULL,"88670","files_template.py",NULL,"team page"
"88671",NULL,"49","9385","12338","866","py3","1775958530.825700000","1",NULL,NULL,"88671","shadows_template.py",NULL,"team page"
"88672",NULL,"49","9956","14025","864","py3","1775958531.196100000","1",NULL,NULL,"88672","grid_main.py",NULL,"team page"
"88673",NULL,"49","9787","13542","865","cpp","1775958533.294100000","1",NULL,NULL,"88673",NULL,NULL,"team page"
"88674",NULL,"49","9658","13157","877","cpp","1775958533.421200000","1",NULL,NULL,"88674",NULL,NULL,"team page"
"88675",NULL,"49","9794","13561","860","pypy3","1775958534.396100000","1",NULL,NULL,"88675","second.py",NULL,"team page"
"88676",NULL,"49","9661","13164","860","py3","1775958536.794500000","1",NULL,NULL,"88676","nah_template.py",NULL,"team page"
"88677",NULL,"49","9649","13128","872","cpp","1775958537.800800000","1",NULL,NULL,"88677",NULL,NULL,"team page"
"88678",NULL,"49","10069","14327","866","py3","1775958538.460900000","1",NULL,NULL,"88678","6.py",NULL,"team page"
"88679",NULL,"49","9405","12396","861","py3","1775958538.889600000","1",NULL,NULL,"88679","files_template.py",NULL,"team page"
"88680",NULL,"49","9676","13210","869","cpp","1775958539.694300000","1",NULL,NULL,"88680",NULL,NULL,"team page"
"88681",NULL,"49","10015","14174","879","py3","1775958539.811500000","1",NULL,NULL,"88681","main.py",NULL,"team page"
"88682",NULL,"49","9716","13329","866","py3","1775958540.738100000","1",NULL,NULL,"88682","shadows_template.py",NULL,"team page"
"88683",NULL,"49","9626","13060","864","cpp","1775958541.535700000","1",NULL,NULL,"88683",NULL,NULL,"team page"
"88684",NULL,"49","9369","12290","873","cpp","1775958545.196400000","1",NULL,NULL,"88684",NULL,NULL,"team page"
"88685",NULL,"49","9296","12070","878","cpp","1775958545.842400000","1",NULL,NULL,"88685",NULL,NULL,"team page"
"88686",NULL,"49","9596","12969","861","py3","1775958546.058900000","1",NULL,NULL,"88686","Main.py",NULL,"team page"
"88687",NULL,"49","9669","13189","864","py3","1775958546.275100000","1",NULL,NULL,"88687","grid_template.py",NULL,"team page"
"88688",NULL,"49","9897","13872","868","py3","1775958546.349800000","1",NULL,NULL,"88688","MyCeliumEasy.py",NULL,"team page"
"88689",NULL,"49","9314","12125","870","cpp","1775958550.306500000","1",NULL,NULL,"88689",NULL,NULL,"team page"
"88690",NULL,"49","9217","11832","860","cpp","1775958550.634200000","1",NULL,NULL,"88690",NULL,NULL,"team page"
"88691",NULL,"49","9435","12488","862","py3","1775958550.756800000","1",NULL,NULL,"88691","laser_template.py",NULL,"team page"
"88692",NULL,"49","9357","12253","869","pypy3","1775958553.159500000","1",NULL,NULL,"88692","calico8.py",NULL,"team page"
"88693",NULL,"49","9850","13729","864","py3","1775958555.775700000","1",NULL,NULL,"88693","grid_template.py",NULL,"team page"
"88694",NULL,"49","9917","13908","873","cpp","1775958558.295500000","1",NULL,NULL,"88694",NULL,NULL,"team page"
"88695",NULL,"49","10068","14323","881","py3","1775958559.503000000","1",NULL,NULL,"88695","122.py",NULL,"team page"
"88696",NULL,"49","9589","12950","870","cpp","1775958560.945300000","1",NULL,NULL,"88696",NULL,NULL,"team page"
"88697",NULL,"49","9615","13026","867","py3","1775958563.777700000","1",NULL,NULL,"88697","q7.py",NULL,"team page"
"88698",NULL,"49","9353","12240","860","cpp","1775958564.174700000","1",NULL,NULL,"88698",NULL,NULL,"team page"
"88699",NULL,"49","9948","14001","873","cpp","1775958573.260200000","1",NULL,NULL,"88699",NULL,NULL,"team page"
"88700",NULL,"49","9593","12960","864","py3","1775958574.783700000","1",NULL,NULL,"88700","code.py",NULL,"team page"
"88701",NULL,"49","9509","12709","860","pypy3","1775958575.464400000","1",NULL,NULL,"88701","problem2.py",NULL,"team page"
"88702",NULL,"49","9688","13246","867","py3","1775958576.141900000","1",NULL,NULL,"88702","7.py",NULL,"team page"
"88703",NULL,"49","9675","13208","868","java","1775958577.639200000","1",NULL,NULL,"88703","Solution",NULL,"team page"
"88704",NULL,"49","9564","12874","879","pypy3","1775958579.528600000","1",NULL,NULL,"88704","759.py",NULL,"team page"
"88705",NULL,"49","10015","14174","880","py3","1775958580.405400000","1",NULL,NULL,"88705","main.py",NULL,"team page"
"88706",NULL,"49","9608","13006","864","cpp","1775958582.680300000","1",NULL,NULL,"88706",NULL,NULL,"team page"
"88707",NULL,"49","9366","12279","877","pypy3","1775958584.872900000","1",NULL,NULL,"88707","p11.py",NULL,"team page"
"88708",NULL,"49","9465","12576","877","cpp","1775958585.502300000","1",NULL,NULL,"88708",NULL,NULL,"team page"
"88709",NULL,"49","9512","12718","869","cpp","1775958590.047500000","1",NULL,NULL,"88709",NULL,NULL,"team page"
"88710",NULL,"49","9918","13912","872","cpp","1775958590.701400000","1",NULL,NULL,"88710",NULL,NULL,"team page"
"88711",NULL,"49","9408","12407","873","cpp","1775958590.903400000","1",NULL,NULL,"88711",NULL,NULL,"team page"
"88712",NULL,"49","10015","14174","881","py3","1775958590.944900000","1",NULL,NULL,"88712","main.py",NULL,"team page"
"88713",NULL,"49","9574","12905","866","py3","1775958591.918700000","1",NULL,NULL,"88713","problem6.py",NULL,"team page"
"88714",NULL,"49","9814","13622","860","pypy3","1775958592.998700000","1",NULL,NULL,"88714","solution2.py",NULL,"team page"
"88715",NULL,"49","9666","13179","869","cpp","1775958594.496100000","1",NULL,NULL,"88715",NULL,NULL,"team page"
"88716",NULL,"49","9628","13067","860","py3","1775958600.555300000","1",NULL,NULL,"88716","nah_template.py",NULL,"team page"
"88717",NULL,"49","9544","12813","868","cpp","1775958602.043200000","1",NULL,NULL,"88717",NULL,NULL,"team page"
"88718",NULL,"49","9385","12338","866","py3","1775958608.697100000","1",NULL,NULL,"88718","shadows_template.py",NULL,"team page"
"88719",NULL,"49","9858","13755","870","py3","1775958610.662100000","1",NULL,NULL,"88719","82.py",NULL,"team page"
"88720",NULL,"49","9992","14105","867","cpp","1775958612.561000000","1",NULL,NULL,"88720",NULL,NULL,"team page"
"88721",NULL,"49","9392","12357","873","cpp","1775958613.730900000","1",NULL,NULL,"88721",NULL,NULL,"team page"
"88722",NULL,"49","9253","11941","880","cpp","1775958614.924600000","1",NULL,NULL,"88722",NULL,NULL,"team page"
"88723",NULL,"49","9640","13102","867","cpp","1775958615.621300000","1",NULL,NULL,"88723",NULL,NULL,"team page"
"88724",NULL,"49","9620","13041","864","cpp","1775958616.637700000","1",NULL,NULL,"88724",NULL,NULL,"team page"
"88725",NULL,"49","9544","12813","869","cpp","1775958617.999000000","1",NULL,NULL,"88725",NULL,NULL,"team page"
"88726",NULL,"49","9748","13425","866","py3","1775958620.406900000","1",NULL,NULL,"88726","6.py",NULL,"team page"
"88727",NULL,"49","9558","12856","868","cpp","1775958620.722500000","1",NULL,NULL,"88727",NULL,NULL,"team page"
"88728",NULL,"49","9885","13835","872","cpp","1775958624.815900000","1",NULL,NULL,"88728",NULL,NULL,"team page"
"88729",NULL,"49","10015","14175","872","py3","1775958625.517300000","1",NULL,NULL,"88729","Calico_9.py",NULL,"team page"
"88730",NULL,"49","9734","13385","869","py3","1775958627.155900000","1",NULL,NULL,"88730","8B1.py",NULL,"team page"
"88731",NULL,"49","9725","13356","868","py3","1775958628.066700000","1",NULL,NULL,"88731","Q8.py",NULL,"team page"
"88732",NULL,"49","9803","13590","873","pypy3","1775958628.680700000","1",NULL,NULL,"88732","problem10.py",NULL,"team page"
"88733",NULL,"49","10098","14395","873","cpp","1775958628.832000000","1",NULL,NULL,"88733",NULL,NULL,"team page"
"88734",NULL,"49","9231","11874","864","py3","1775958630.127600000","1",NULL,NULL,"88734","problem_5.py",NULL,"team page"
"88735",NULL,"49","9626","13060","868","py3","1775958631.394600000","1",NULL,NULL,"88735","shrooms.py",NULL,"team page"
"88736",NULL,"49","9497","12673","860","pypy3","1775958634.627000000","1",NULL,NULL,"88736","nahidwin.py",NULL,"team page"
"88737",NULL,"49","9877","13811","879","py3","1775958635.875600000","1",NULL,NULL,"88737","multiplication.py",NULL,"team page"
"88738",NULL,"49","9853","13740","864","py3","1775958636.036400000","1",NULL,NULL,"88738","grid_template.py",NULL,"team page"
"88739",NULL,"49","9796","13567","866","py3","1775958637.505500000","1",NULL,NULL,"88739","main.py",NULL,"team page"
"88740",NULL,"49","9620","13041","865","cpp","1775958637.715000000","1",NULL,NULL,"88740",NULL,NULL,"team page"
"88741",NULL,"49","9676","13210","869","cpp","1775958640.218600000","1",NULL,NULL,"88741",NULL,NULL,"team page"
"88742",NULL,"49","9857","13750","866","py3","1775958644.544900000","1",NULL,NULL,"88742","6.py",NULL,"team page"
"88743",NULL,"49","9631","13074","865","cpp","1775958646.544100000","1",NULL,NULL,"88743",NULL,NULL,"team page"
"88744",NULL,"49","10042","14245","869","cpp","1775958646.858800000","1",NULL,NULL,"88744",NULL,NULL,"team page"
"88745",NULL,"49","9778","13515","866","py3","1775958646.982500000","1",NULL,NULL,"88745","shadows_template.py",NULL,"team page"
"88746",NULL,"49","10037","14230","859","py3","1775958647.034000000","1",NULL,NULL,"88746","piezoelectric.py",NULL,"team page"
"88747",NULL,"49","9379","12319","879","cpp","1775958647.519600000","1",NULL,NULL,"88747",NULL,NULL,"team page"
"88748",NULL,"49","9675","13208","869","java","1775958653.933100000","1",NULL,NULL,"88748","Solution",NULL,"team page"
"88749",NULL,"49","9933","13957","872","cpp","1775958655.355300000","1",NULL,NULL,"88749",NULL,NULL,"team page"
"88750",NULL,"49","9786","13539","866","py3","1775958655.589900000","1",NULL,NULL,"88750","shadowtypepoke.py",NULL,"team page"
"88751",NULL,"49","9858","13755","880","py3","1775958655.609900000","1",NULL,NULL,"88751","122.py",NULL,"team page"
"88752",NULL,"49","9667","13182","869","py3","1775958657.775900000","1",NULL,NULL,"88752","mycelium_template.py",NULL,"team page"
"88753",NULL,"49","10068","14323","880","py3","1775958659.157200000","1",NULL,NULL,"88753","12.py",NULL,"team page"
"88754",NULL,"49","10008","14153","877","py3","1775958660.762100000","1",NULL,NULL,"88754","lecture_template.py",NULL,"team page"
"88755",NULL,"49","9558","12856","869","cpp","1775958663.276000000","1",NULL,NULL,"88755",NULL,NULL,"team page"
"88756",NULL,"49","9626","13060","865","cpp","1775958664.328500000","1",NULL,NULL,"88756",NULL,NULL,"team page"
"88757",NULL,"49","9761","13464","877","cpp","1775958665.194300000","1",NULL,NULL,"88757",NULL,NULL,"team page"
"88758",NULL,"49","9554","12843","864","cpp","1775958666.999600000","1",NULL,NULL,"88758",NULL,NULL,"team page"
"88759",NULL,"49","9796","13567","866","py3","1775958667.253900000","1",NULL,NULL,"88759","main.py",NULL,"team page"
"88760",NULL,"49","9777","13514","862","cpp","1775958671.455500000","1",NULL,NULL,"88760",NULL,NULL,"team page"
"88761",NULL,"49","9366","12279","877","pypy3","1775958672.510100000","1",NULL,NULL,"88761","p11.py",NULL,"team page"
"88762",NULL,"49","9458","12556","861","cpp","1775958672.674100000","1",NULL,NULL,"88762",NULL,NULL,"team page"
"88763",NULL,"49","9870","13791","862","pypy3","1775958674.884300000","1",NULL,NULL,"88763","solution.py",NULL,"team page"
"88764",NULL,"49","10007","14151","877","py3","1775958675.088700000","1",NULL,NULL,"88764","q6.py",NULL,"team page"
"88765",NULL,"49","10096","14389","865","py3","1775958678.936700000","1",NULL,NULL,"88765","5b1.py",NULL,"team page"
"88766",NULL,"49","9270","11991","873","cpp","1775958678.985600000","1",NULL,NULL,"88766",NULL,NULL,"team page"
"88767",NULL,"49","9818","13635","879","cpp","1775958679.491600000","1",NULL,NULL,"88767",NULL,NULL,"team page"
"88768",NULL,"49","9599","12978","864","cpp","1775958679.555300000","1",NULL,NULL,"88768",NULL,NULL,"team page"
"88769",NULL,"49","9927","13939","864","java","1775958681.427700000","1",NULL,NULL,"88769",NULL,NULL,"team page"
"88770",NULL,"49","9603","12992","865","java","1775958685.520400000","1",NULL,NULL,"88770","Solution",NULL,"team page"
"88771",NULL,"49","9777","13514","863","cpp","1775958686.479800000","1",NULL,NULL,"88771",NULL,NULL,"team page"
"88772",NULL,"49","9974","14051","859","py3","1775958687.214000000","1",NULL,NULL,"88772","piezoelectric_main.py",NULL,"team page"
"88773",NULL,"49","9928","13942","878","cpp","1775958689.923700000","1",NULL,NULL,"88773",NULL,NULL,"team page"
"88774",NULL,"49","9696","13269","868","cpp","1775958691.905800000","1",NULL,NULL,"88774",NULL,NULL,"team page"
"88775",NULL,"49","9408","12406","872","cpp","1775958696.312100000","1",NULL,NULL,"88775",NULL,NULL,"team page"
"88776",NULL,"49","9717","13334","879","cpp","1775958702.584000000","1",NULL,NULL,"88776",NULL,NULL,"team page"
"88777",NULL,"49","9848","13723","863","py3","1775958703.507800000","1",NULL,NULL,"88777","fourbonus.py",NULL,"team page"
"88778",NULL,"49","9856","13747","877","py3","1775958704.009300000","1",NULL,NULL,"88778","lecture_template.py",NULL,"team page"
"88779",NULL,"49","9858","13755","869","py3","1775958706.525600000","1",NULL,NULL,"88779","81.py",NULL,"team page"
"88780",NULL,"49","9696","13269","868","cpp","1775958706.759300000","1",NULL,NULL,"88780",NULL,NULL,"team page"
"88781",NULL,"49","10007","14151","878","py3","1775958708.164800000","1",NULL,NULL,"88781","q6.py",NULL,"team page"
"88782",NULL,"49","9936","13965","862","py3","1775958708.948400000","1",NULL,NULL,"88782","dk.py",NULL,"team page"
"88783",NULL,"49","9677","13214","859","pypy3","1775958709.509200000","1",NULL,NULL,"88783","piezoelectric_template.py",NULL,"team page"
"88784",NULL,"49","9608","13006","864","cpp","1775958710.076300000","1",NULL,NULL,"88784",NULL,NULL,"team page"
"88785",NULL,"49","9850","13729","873","py3","1775958710.398700000","1",NULL,NULL,"88785","splitters2_template.py",NULL,"team page"
"88786",NULL,"49","9582","12929","868","py3","1775958714.301100000","1",NULL,NULL,"88786","prob8.py",NULL,"team page"
"88787",NULL,"49","9366","12279","877","pypy3","1775958716.468100000","1",NULL,NULL,"88787","p11.py",NULL,"team page"
"88788",NULL,"49","9729","13368","866","py3","1775958716.704200000","1",NULL,NULL,"88788","6shadowsol.py",NULL,"team page"
"88789",NULL,"49","10015","14175","872","py3","1775958716.833100000","1",NULL,NULL,"88789","Calico_9.py",NULL,"team page"
"88790",NULL,"49","9302","12089","872","py3","1775958717.842900000","1",NULL,NULL,"88790","splitters_template.py",NULL,"team page"
"88791",NULL,"49","9917","13909","868","pypy3","1775958718.324800000","1",NULL,NULL,"88791","8.py",NULL,"team page"
"88792",NULL,"49","10097","14392","869","cpp","1775958719.098500000","1",NULL,NULL,"88792",NULL,NULL,"team page"
"88793",NULL,"49","10095","14387","879","py3","1775958719.464000000","1",NULL,NULL,"88793","multiplication_easy_template.py",NULL,"team page"
"88794",NULL,"49","9801","13582","860","pypy3","1775958720.420700000","1",NULL,NULL,"88794","nah_template.py",NULL,"team page"
"88795",NULL,"49","9270","11991","873","cpp","1775958721.668500000","1",NULL,NULL,"88795",NULL,NULL,"team page"
"88796",NULL,"49","10016","14179","865","pypy3","1775958722.885300000","1",NULL,NULL,"88796","Q5.py",NULL,"team page"
"88797",NULL,"49","9525","12756","873","py3","1775958723.136600000","1",NULL,NULL,"88797","10.py",NULL,"team page"
"88798",NULL,"49","9435","12488","862","py3","1775958724.326400000","1",NULL,NULL,"88798","laser_template.py",NULL,"team page"
"88799",NULL,"49","9615","13026","866","py3","1775958726.731500000","1",NULL,NULL,"88799","q6.py",NULL,"team page"
"88800",NULL,"49","9994","14112","872","java","1775958729.405500000","1",NULL,NULL,"88800","Main",NULL,"team page"
"88801",NULL,"49","9670","13191","866","py3","1775958729.787400000","1",NULL,NULL,"88801","main.py",NULL,"team page"
"88802",NULL,"49","9610","13011","860","pypy3","1775958731.009300000","1",NULL,NULL,"88802","nah_problem.py",NULL,"team page"
"88803",NULL,"49","9936","13965","861","py3","1775958733.165200000","1",NULL,NULL,"88803","dk.py",NULL,"team page"
"88804",NULL,"49","9561","12865","860","py3","1775958734.038800000","1",NULL,NULL,"88804","nah.py",NULL,"team page"
"88805",NULL,"49","9408","12405","868","cpp","1775958735.875100000","1",NULL,NULL,"88805",NULL,NULL,"team page"
"88806",NULL,"49","9608","13006","864","cpp","1775958740.729200000","1",NULL,NULL,"88806",NULL,NULL,"team page"
"88807",NULL,"49","9899","13876","869","java","1775958741.898300000","1",NULL,NULL,"88807",NULL,NULL,"team page"
"88808",NULL,"49","9528","12765","861","java","1775958742.433600000","1",NULL,NULL,"88808","files_template",NULL,"team page"
"88809",NULL,"49","9308","12105","873","pypy3","1775958743.786600000","1",NULL,NULL,"88809","main.py",NULL,"team page"
"88810",NULL,"49","9709","13308","864","cpp","1775958744.589100000","1",NULL,NULL,"88810",NULL,NULL,"team page"
"88811",NULL,"49","10062","14305","879","py3","1775958748.472800000","1",NULL,NULL,"88811","multiplication.py",NULL,"team page"
"88812",NULL,"49","9937","13970","877","cpp","1775958749.508500000","1",NULL,NULL,"88812",NULL,NULL,"team page"
"88813",NULL,"49","9675","13208","869","java","1775958750.136500000","1",NULL,NULL,"88813","Solution",NULL,"team page"
"88814",NULL,"49","9558","12856","869","cpp","1775958750.895600000","1",NULL,NULL,"88814",NULL,NULL,"team page"
"88815",NULL,"49","9508","12706","877","py3","1775958753.230200000","1",NULL,NULL,"88815","lecture_main_main.py",NULL,"team page"
"88816",NULL,"49","9340","12201","868","cpp","1775958755.341600000","1",NULL,NULL,"88816",NULL,NULL,"team page"
"88817",NULL,"49","9391","12354","872","py3","1775958755.691800000","1",NULL,NULL,"88817","splitters_template.py",NULL,"team page"
"88818",NULL,"49","9561","12864","859","py3","1775958758.446600000","1",NULL,NULL,"88818","piezoelectric.py",NULL,"team page"
"88819",NULL,"49","9886","13838","863","cpp","1775958758.678000000","1",NULL,NULL,"88819",NULL,NULL,"team page"
"88820",NULL,"49","10008","14153","869","py3","1775958759.094100000","1",NULL,NULL,"88820","mycelium_template.py",NULL,"team page"
"88821",NULL,"49","9369","12290","873","cpp","1775958759.095700000","1",NULL,NULL,"88821",NULL,NULL,"team page"
"88822",NULL,"49","9293","12062","860","pypy3","1775958759.358400000","1",NULL,NULL,"88822","nah_template.py",NULL,"team page"
"88823",NULL,"49","9699","13278","863","cpp","1775958760.636800000","1",NULL,NULL,"88823",NULL,NULL,"team page"
"88824",NULL,"49","9250","11932","862","cpp","1775958761.874600000","1",NULL,NULL,"88824",NULL,NULL,"team page"
"88825",NULL,"49","9639","13099","872","cpp","1775958762.097500000","1",NULL,NULL,"88825",NULL,NULL,"team page"
"88826",NULL,"49","9639","13100","864","py3","1775958762.394500000","1",NULL,NULL,"88826","berkeley5.py",NULL,"team page"
"88827",NULL,"49","9816","13627","877","py3","1775958767.484600000","1",NULL,NULL,"88827","prob6.py",NULL,"team page"
"88828",NULL,"49","9296","12070","878","cpp","1775958769.033100000","1",NULL,NULL,"88828",NULL,NULL,"team page"
"88829",NULL,"49","9768","13485","868","cpp","1775958770.778300000","1",NULL,NULL,"88829",NULL,NULL,"team page"
"88830",NULL,"49","9632","13077","869","cpp","1775958771.537900000","1",NULL,NULL,"88830",NULL,NULL,"team page"
"88831",NULL,"49","9658","13157","873","cpp","1775958771.901900000","1",NULL,NULL,"88831",NULL,NULL,"team page"
"88832",NULL,"49","9201","11784","868","py3","1775958773.957500000","1",NULL,NULL,"88832","problem_8.py",NULL,"team page"
"88833",NULL,"49","9516","12731","868","cpp","1775958774.059400000","1",NULL,NULL,"88833",NULL,NULL,"team page"
"88834",NULL,"49","9850","13729","869","py3","1775958775.092600000","1",NULL,NULL,"88834","mycelium_template.py",NULL,"team page"
"88835",NULL,"49","10068","14323","879","py3","1775958775.103900000","1",NULL,NULL,"88835","easy_main.py",NULL,"team page"
"88836",NULL,"49","9803","13589","869","pypy3","1775958780.345100000","1",NULL,NULL,"88836","question8_1a.py",NULL,"team page"
"88837",NULL,"49","9526","12759","863","cpp","1775958781.640000000","1",NULL,NULL,"88837",NULL,NULL,"team page"
"88838",NULL,"49","9611","13014","864","py3","1775958784.449200000","1",NULL,NULL,"88838","grid_template.py",NULL,"team page"
"88839",NULL,"49","9693","13262","879","cpp","1775958784.597400000","1",NULL,NULL,"88839",NULL,NULL,"team page"
"88840",NULL,"49","10017","14182","877","cpp","1775958785.270700000","1",NULL,NULL,"88840",NULL,NULL,"team page"
"88841",NULL,"49","9587","12943","878","cpp","1775958785.996800000","1",NULL,NULL,"88841",NULL,NULL,"team page"
"88842",NULL,"49","9729","13369","865","py3","1775958786.972900000","1",NULL,NULL,"88842","main.py",NULL,"team page"
"88843",NULL,"49","9361","12264","868","py3","1775958787.561600000","1",NULL,NULL,"88843","mycelium_template.py",NULL,"team page"
"88844",NULL,"49","9632","13077","870","cpp","1775958789.223200000","1",NULL,NULL,"88844",NULL,NULL,"team page"
"88845",NULL,"49","9378","12316","866","py3","1775958790.061900000","1",NULL,NULL,"88845","shadows_template.py",NULL,"team page"
"88846",NULL,"49","9646","13120","865","cpp","1775958792.771000000","1",NULL,NULL,"88846",NULL,NULL,"team page"
"88847",NULL,"49","9778","13517","864","py3","1775958793.000100000","1",NULL,NULL,"88847","grid_template.py",NULL,"team page"
"88848",NULL,"49","9858","13755","877","py3","1775958793.099600000","1",NULL,NULL,"88848","11.py",NULL,"team page"
"88849",NULL,"49","10082","14349","867","py3","1775958793.469600000","1",NULL,NULL,"88849","crissy.py",NULL,"team page"
"88850",NULL,"49","9895","13864","864","cpp","1775958795.456300000","1",NULL,NULL,"88850",NULL,NULL,"team page"
"88851",NULL,"49","10096","14389","865","py3","1775958796.041000000","1",NULL,NULL,"88851","5b1.py",NULL,"team page"
"88852",NULL,"49","9611","13014","865","py3","1775958803.227700000","1",NULL,NULL,"88852","grid_template.py",NULL,"team page"
"88853",NULL,"49","10051","14272","878","py3","1775958803.775100000","1",NULL,NULL,"88853","lecture_templatecopy.py",NULL,"team page"
"88854",NULL,"49","9569","12890","868","cpp","1775958807.894300000","1",NULL,NULL,"88854",NULL,NULL,"team page"
"88855",NULL,"49","9407","12403","872","cpp","1775958808.952300000","1",NULL,NULL,"88855",NULL,NULL,"team page"
"88856",NULL,"49","9279","12018","863","cpp","1775958810.471100000","1",NULL,NULL,"88856",NULL,NULL,"team page"
"88857",NULL,"49","9632","13077","869","cpp","1775958814.199500000","1",NULL,NULL,"88857",NULL,NULL,"team page"
"88858",NULL,"49","9488","12646","862","java","1775958816.179500000","1",NULL,NULL,"88858","Solution",NULL,"team page"
"88859",NULL,"49","9737","13394","868","py3","1775958818.840300000","1",NULL,NULL,"88859","mycelium_main.py",NULL,"team page"
"88860",NULL,"49","10066","14317","864","pypy3","1775958821.330900000","1",NULL,NULL,"88860","grid_main.py",NULL,"team page"
"88861",NULL,"49","10097","14392","869","cpp","1775958822.647100000","1",NULL,NULL,"88861",NULL,NULL,"team page"
"88862",NULL,"49","9746","13420","878","py3","1775958823.894800000","1",NULL,NULL,"88862","11b1.py",NULL,"team page"
"88863",NULL,"49","10058","14293","868","py3","1775958824.496200000","1",NULL,NULL,"88863","my.py",NULL,"team page"
"88864",NULL,"49","9717","13334","879","cpp","1775958826.126300000","1",NULL,NULL,"88864",NULL,NULL,"team page"
"88865",NULL,"49","9544","12813","869","cpp","1775958826.938300000","1",NULL,NULL,"88865",NULL,NULL,"team page"
"88866",NULL,"49","10057","14290","873","pypy3","1775958827.224000000","1",NULL,NULL,"88866","ten.py",NULL,"team page"
"88867",NULL,"49","9658","13157","868","py3","1775958828.145400000","1",NULL,NULL,"88867","8.py",NULL,"team page"
"88868",NULL,"49","9937","13970","877","cpp","1775958830.416700000","1",NULL,NULL,"88868",NULL,NULL,"team page"
"88869",NULL,"49","10008","14153","877","py3","1775958834.928500000","1",NULL,NULL,"88869","lecture_template.py",NULL,"team page"
"88870",NULL,"49","10064","14311","860","py3","1775958838.958500000","1",NULL,NULL,"88870","nah_template.py",NULL,"team page"
"88871",NULL,"49","9626","13060","868","py3","1775958840.088700000","1",NULL,NULL,"88871","shrooms.py",NULL,"team page"
"88872",NULL,"49","10059","14298","868","cpp","1775958841.824700000","1",NULL,NULL,"88872",NULL,NULL,"team page"
"88873",NULL,"49","9923","13928","865","py3","1775958844.897100000","1",NULL,NULL,"88873","p5b.py",NULL,"team page"
"88874",NULL,"49","9748","13425","866","py3","1775958844.996500000","1",NULL,NULL,"88874","6.py",NULL,"team page"
"88875",NULL,"49","9818","13633","872","cpp","1775958846.669700000","1",NULL,NULL,"88875",NULL,NULL,"team page"
"88876",NULL,"49","9708","13305","879","py3","1775958846.892500000","1",NULL,NULL,"88876","problem12.py",NULL,"team page"
"88877",NULL,"49","10017","14182","878","cpp","1775958851.874300000","1",NULL,NULL,"88877",NULL,NULL,"team page"
"88878",NULL,"49","10097","14392","869","cpp","1775958854.792000000","1",NULL,NULL,"88878",NULL,NULL,"team page"
"88879",NULL,"49","9782","13527","862","py3","1775958855.731600000","1",NULL,NULL,"88879","laser_main.py",NULL,"team page"
"88880",NULL,"49","10067","14321","877","py3","1775958856.216800000","1",NULL,NULL,"88880","lecture_template.py",NULL,"team page"
"88881",NULL,"49","9672","13197","873","py3","1775958856.786000000","1",NULL,NULL,"88881","twongtwongtwong.py",NULL,"team page"
"88882",NULL,"49","9786","13539","866","py3","1775958861.782400000","1",NULL,NULL,"88882","shadowtypepoke.py",NULL,"team page"
"88883",NULL,"49","10015","14175","872","py3","1775958861.892400000","1",NULL,NULL,"88883","Calico_9.py",NULL,"team page"
"88884",NULL,"49","9270","11991","873","cpp","1775958862.178400000","1",NULL,NULL,"88884",NULL,NULL,"team page"
"88885",NULL,"49","9531","12774","866","cpp","1775958864.986200000","1",NULL,NULL,"88885",NULL,NULL,"team page"
"88886",NULL,"49","9780","13521","862","cpp","1775958865.377900000","1",NULL,NULL,"88886",NULL,NULL,"team page"
"88887",NULL,"49","9646","13120","865","cpp","1775958865.518100000","1",NULL,NULL,"88887",NULL,NULL,"team page"
"88888",NULL,"49","9797","13570","860","pypy3","1775958866.232500000","1",NULL,NULL,"88888","nah_template.py",NULL,"team page"
"88889",NULL,"49","9561","12864","859","py3","1775958866.700200000","1",NULL,NULL,"88889","piezoelectric.py",NULL,"team page"
"88890",NULL,"49","9722","13349","867","py3","1775958867.066200000","1",NULL,NULL,"88890","grid_template.py",NULL,"team page"
"88891",NULL,"49","9688","13246","864","py3","1775958867.108500000","1",NULL,NULL,"88891","5.py",NULL,"team page"
"88892",NULL,"49","9632","13077","868","cpp","1775958867.928500000","1",NULL,NULL,"88892",NULL,NULL,"team page"
"88893",NULL,"49","9807","13600","867","py3","1775958868.143900000","1",NULL,NULL,"88893","problem7.py",NULL,"team page"
"88894",NULL,"49","10015","14174","879","cpp","1775958868.328100000","1",NULL,NULL,"88894",NULL,NULL,"team page"
"88895",NULL,"49","9561","12864","859","py3","1775958868.470200000","1",NULL,NULL,"88895","piezoelectric.py",NULL,"team page"
"88896",NULL,"49","9356","12251","859","py3","1775958869.122900000","1",NULL,NULL,"88896","piezoelectric_template.py",NULL,"team page"
"88897",NULL,"49","9512","12718","869","cpp","1775958870.334200000","1",NULL,NULL,"88897",NULL,NULL,"team page"
"88898",NULL,"49","9245","11917","865","cpp","1775958871.549300000","1",NULL,NULL,"88898",NULL,NULL,"team page"
"88899",NULL,"49","9486","12639","877","cpp","1775958873.123100000","1",NULL,NULL,"88899",NULL,NULL,"team page"
"88900",NULL,"49","10059","14296","862","cpp","1775958874.951300000","1",NULL,NULL,"88900",NULL,NULL,"team page"
"88901",NULL,"49","9675","13208","869","java","1775958876.948800000","1",NULL,NULL,"88901","Solution",NULL,"team page"
"88902",NULL,"49","9308","12105","873","pypy3","1775958879.388800000","1",NULL,NULL,"88902","main.py",NULL,"team page"
"88903",NULL,"49","9432","12477","869","cpp","1775958880.299100000","1",NULL,NULL,"88903",NULL,NULL,"team page"
"88904",NULL,"49","9389","12348","877","py3","1775958885.004400000","1",NULL,NULL,"88904","lecture-main-main.py",NULL,"team page"
"88905",NULL,"49","9930","13947","872","cpp","1775958886.688500000","1",NULL,NULL,"88905",NULL,NULL,"team page"
"88906",NULL,"49","9548","12825","864","cpp","1775958888.114000000","1",NULL,NULL,"88906",NULL,NULL,"team page"
"88907",NULL,"49","10058","14293","869","py3","1775958889.857600000","1",NULL,NULL,"88907","my.py",NULL,"team page"
"88908",NULL,"49","9897","13870","867","py3","1775958890.104100000","1",NULL,NULL,"88908","7.py",NULL,"team page"
"88909",NULL,"49","9748","13425","866","py3","1775958890.361600000","1",NULL,NULL,"88909","6.py",NULL,"team page"
"88910",NULL,"49","9480","12621","868","py3","1775958891.473500000","1",NULL,NULL,"88910","mycelium_template.py",NULL,"team page"
"88911",NULL,"49","9632","13077","869","cpp","1775958892.315500000","1",NULL,NULL,"88911",NULL,NULL,"team page"
"88912",NULL,"49","9702","13287","860","cpp","1775958892.521400000","1",NULL,NULL,"88912",NULL,NULL,"team page"
"88913",NULL,"49","9574","12905","866","py3","1775958894.065800000","1",NULL,NULL,"88913","problem6.py",NULL,"team page"
"88914",NULL,"49","9846","13717","860","py3","1775958895.690500000","1",NULL,NULL,"88914","nah_template.py",NULL,"team page"
"88915",NULL,"49","9923","13928","865","py3","1775958897.160900000","1",NULL,NULL,"88915","p5b.py",NULL,"team page"
"88916",NULL,"49","9201","11784","868","py3","1775958899.574100000","1",NULL,NULL,"88916","problem_8.py",NULL,"team page"
"88917",NULL,"49","9729","13368","866","py3","1775958900.859100000","1",NULL,NULL,"88917","6sol.py",NULL,"team page"
"88918",NULL,"49","9432","12477","869","cpp","1775958901.815900000","1",NULL,NULL,"88918",NULL,NULL,"team page"
"88919",NULL,"49","9999","14126","864","cpp","1775958902.168600000","1",NULL,NULL,"88919",NULL,NULL,"team page"
"88920",NULL,"49","9466","12579","864","cpp","1775958902.191400000","1",NULL,NULL,"88920",NULL,NULL,"team page"
"88921",NULL,"49","9392","12357","873","cpp","1775958904.792600000","1",NULL,NULL,"88921",NULL,NULL,"team page"
"88922",NULL,"49","9418","12435","864","pypy3","1775958904.803000000","1",NULL,NULL,"88922","grid_template.py",NULL,"team page"
"88923",NULL,"49","9688","13246","867","py3","1775958905.417900000","1",NULL,NULL,"88923","7.py",NULL,"team page"
"88924",NULL,"49","9516","12731","868","cpp","1775958905.714800000","1",NULL,NULL,"88924",NULL,NULL,"team page"
"88925",NULL,"49","9489","12648","864","py3","1775958906.546400000","1",NULL,NULL,"88925","grid_template.py",NULL,"team page"
"88926",NULL,"49","9905","13895","867","py3","1775958907.153700000","1",NULL,NULL,"88926","cross.py",NULL,"team page"
"88927",NULL,"49","9670","13193","865","java","1775958907.649900000","1",NULL,NULL,"88927","MyProgram",NULL,"team page"
"88928",NULL,"49","9632","13077","870","cpp","1775958909.892100000","1",NULL,NULL,"88928",NULL,NULL,"team page"
"88929",NULL,"49","9362","12268","872","cpp","1775958909.910300000","1",NULL,NULL,"88929",NULL,NULL,"team page"
"88930",NULL,"49","9302","12087","863","cpp","1775958910.088300000","1",NULL,NULL,"88930",NULL,NULL,"team page"
"88931",NULL,"49","9408","12405","868","cpp","1775958911.108000000","1",NULL,NULL,"88931",NULL,NULL,"team page"
"88932",NULL,"49","9293","12062","860","pypy3","1775958914.393600000","1",NULL,NULL,"88932","nah_template.py",NULL,"team page"
"88933",NULL,"49","10059","14298","869","cpp","1775958914.561800000","1",NULL,NULL,"88933",NULL,NULL,"team page"
"88934",NULL,"49","10016","14177","873","cpp","1775958918.038000000","1",NULL,NULL,"88934",NULL,NULL,"team page"
"88935",NULL,"49","9375","12307","879","pypy3","1775958919.852300000","1",NULL,NULL,"88935","12.py",NULL,"team page"
"88936",NULL,"49","9853","13740","864","py3","1775958920.119900000","1",NULL,NULL,"88936","grid_template.py",NULL,"team page"
"88937",NULL,"49","9258","11955","863","cpp","1775958921.010300000","1",NULL,NULL,"88937",NULL,NULL,"team page"
"88938",NULL,"49","9432","12477","869","cpp","1775958921.020100000","1",NULL,NULL,"88938",NULL,NULL,"team page"
"88939",NULL,"49","9465","12576","877","cpp","1775958921.176800000","1",NULL,NULL,"88939",NULL,NULL,"team page"
"88940",NULL,"49","9586","12939","864","py3","1775958921.416300000","1",NULL,NULL,"88940","grid_template.py",NULL,"team page"
"88941",NULL,"49","9258","11955","863","cpp","1775958921.674400000","1",NULL,NULL,"88941",NULL,NULL,"team page"
"88942",NULL,"49","10070","14329","873","cpp","1775958921.798700000","1",NULL,NULL,"88942",NULL,NULL,"team page"
"88943",NULL,"49","9725","13356","872","py3","1775958922.947100000","1",NULL,NULL,"88943","Q9.py",NULL,"team page"
"88944",NULL,"49","10070","14329","873","cpp","1775958923.023500000","1",NULL,NULL,"88944",NULL,NULL,"team page"
"88945",NULL,"49","9619","13039","864","cpp","1775958923.440000000","1",NULL,NULL,"88945",NULL,NULL,"team page"
"88946",NULL,"49","10051","14272","878","py3","1775958926.705700000","1",NULL,NULL,"88946","lecture_templatecopy.py",NULL,"team page"
"88947",NULL,"49","9899","13876","869","java","1775958926.989300000","1",NULL,NULL,"88947",NULL,NULL,"team page"
"88948",NULL,"49","10066","14317","862","pypy3","1775958927.074700000","1",NULL,NULL,"88948","laser_main.py",NULL,"team page"
"88949",NULL,"49","9670","13191","866","py3","1775958928.375600000","1",NULL,NULL,"88949","main.py",NULL,"team page"
"88950",NULL,"49","9737","13394","869","py3","1775958930.675200000","1",NULL,NULL,"88950","mycelium_main.py",NULL,"team page"
"88951",NULL,"49","9393","12361","877","py3","1775958933.247100000","1",NULL,NULL,"88951","splitters_template.py",NULL,"team page"
"88952",NULL,"49","9675","13207","867","java","1775958933.500400000","1",NULL,NULL,"88952","Solution",NULL,"team page"
"88953",NULL,"49","9836","13687","862","py3","1775958934.547000000","1",NULL,NULL,"88953","laser_template.py",NULL,"team page"
"88954",NULL,"49","10082","14349","867","py3","1775958934.634400000","1",NULL,NULL,"88954","crissy.py",NULL,"team page"
"88955",NULL,"49","9631","13074","866","cpp","1775958937.922600000","1",NULL,NULL,"88955",NULL,NULL,"team page"
"88956",NULL,"49","9776","13509","860","py3","1775958938.873100000","1",NULL,NULL,"88956","prob.py",NULL,"team page"
"88957",NULL,"49","9629","13069","866","cpp","1775958944.996300000","1",NULL,NULL,"88957",NULL,NULL,"team page"
"88958",NULL,"49","9408","12406","863","cpp","1775958946.240300000","1",NULL,NULL,"88958",NULL,NULL,"team page"
"88959",NULL,"49","9615","13026","866","py3","1775958946.425200000","1",NULL,NULL,"88959","q6.py",NULL,"team page"
"88960",NULL,"49","9606","13001","860","py3","1775958947.565600000","1",NULL,NULL,"88960","nh_main.py",NULL,"team page"
"88961",NULL,"49","9897","13872","868","py3","1775958948.960200000","1",NULL,NULL,"88961","MyCeliumPrettyEasy.py",NULL,"team page"
"88962",NULL,"49","9567","12882","868","cpp","1775958950.115800000","1",NULL,NULL,"88962",NULL,NULL,"team page"
"88963",NULL,"49","9988","14094","866","py3","1775958951.431300000","1",NULL,NULL,"88963","shsid.py",NULL,"team page"
"88964",NULL,"49","9361","12264","869","py3","1775958951.588600000","1",NULL,NULL,"88964","mycelium_template.py",NULL,"team page"
"88965",NULL,"49","9574","12905","866","py3","1775958951.723100000","1",NULL,NULL,"88965","problem6.py",NULL,"team page"
"88966",NULL,"49","10066","14317","867","pypy3","1775958952.411100000","1",NULL,NULL,"88966","cross_main.py",NULL,"team page"
"88967",NULL,"49","9491","12655","877","cpp","1775958954.308400000","1",NULL,NULL,"88967",NULL,NULL,"team page"
"88968",NULL,"49","9777","13512","867","cpp","1775958955.818200000","1",NULL,NULL,"88968",NULL,NULL,"team page"
"88969",NULL,"49","9729","13369","865","py3","1775958955.891400000","1",NULL,NULL,"88969","main.py",NULL,"team page"
"88970",NULL,"49","9215","11827","867","py3","1775958957.537400000","1",NULL,NULL,"88970","calico.py",NULL,"team page"
"88971",NULL,"49","9562","12868","863","cpp","1775958959.115700000","1",NULL,NULL,"88971",NULL,NULL,"team page"
"88972",NULL,"49","9887","13840","864","py3","1775958962.093300000","1",NULL,NULL,"88972","gta6.py",NULL,"team page"
"88973",NULL,"49","9480","12621","869","py3","1775958962.098100000","1",NULL,NULL,"88973","mycelium_template.py",NULL,"team page"
"88974",NULL,"49","9930","13947","872","cpp","1775958962.824400000","1",NULL,NULL,"88974",NULL,NULL,"team page"
"88975",NULL,"49","9366","12279","877","pypy3","1775958966.263400000","1",NULL,NULL,"88975","p11.py",NULL,"team page"
"88976",NULL,"49","9994","14111","864","java","1775958967.421900000","1",NULL,NULL,"88976","Main",NULL,"team page"
"88977",NULL,"49","9296","12070","878","cpp","1775958968.983600000","1",NULL,NULL,"88977",NULL,NULL,"team page"
"88978",NULL,"49","9332","12177","861","pypy3","1775958969.667000000","1",NULL,NULL,"88978","files_template.py",NULL,"team page"
"88979",NULL,"49","9584","12934","863","py3","1775958969.676100000","1",NULL,NULL,"88979","question4a1.py",NULL,"team page"
"88980",NULL,"49","9593","12960","864","py3","1775958971.465100000","1",NULL,NULL,"88980","code.py",NULL,"team page"
"88981",NULL,"49","9635","13086","863","cpp","1775958971.896600000","1",NULL,NULL,"88981",NULL,NULL,"team page"
"88982",NULL,"49","9796","13567","866","py3","1775958973.509700000","1",NULL,NULL,"88982","main.py",NULL,"team page"
"88983",NULL,"49","9848","13725","872","cpp","1775958977.214200000","1",NULL,NULL,"88983",NULL,NULL,"team page"
"88984",NULL,"49","9958","14031","862","java","1775958977.755800000","1",NULL,NULL,"88984","P4",NULL,"team page"
"88985",NULL,"49","9858","13755","880","py3","1775958978.698100000","1",NULL,NULL,"88985","122.py",NULL,"team page"
"88986",NULL,"49","9778","13515","866","py3","1775958978.760400000","1",NULL,NULL,"88986","shadows_template.py",NULL,"team page"
"88987",NULL,"49","9279","12018","863","cpp","1775958979.919700000","1",NULL,NULL,"88987",NULL,NULL,"team page"
"88988",NULL,"49","9904","13893","872","cpp","1775958983.547400000","1",NULL,NULL,"88988",NULL,NULL,"team page"
"88989",NULL,"49","9488","12645","864","java","1775958984.581600000","1",NULL,NULL,"88989","Solution",NULL,"team page"
"88990",NULL,"49","9270","11992","863","cpp","1775958986.162300000","1",NULL,NULL,"88990",NULL,NULL,"team page"
"88991",NULL,"49","9850","13729","873","py3","1775958989.092400000","1",NULL,NULL,"88991","splitters2_template.py",NULL,"team page"
"88992",NULL,"49","9561","12864","859","py3","1775958989.155600000","1",NULL,NULL,"88992","piezoelectric.py",NULL,"team page"
"88993",NULL,"49","9489","12648","864","py3","1775958989.818100000","1",NULL,NULL,"88993","grid_template.py",NULL,"team page"
"88994",NULL,"49","9947","13998","873","cpp","1775958990.641900000","1",NULL,NULL,"88994",NULL,NULL,"team page"
"88995",NULL,"49","9561","12864","859","py3","1775958990.706000000","1",NULL,NULL,"88995","piezoelectric.py",NULL,"team page"
"88996",NULL,"49","10051","14273","880","py3","1775958991.206400000","1",NULL,NULL,"88996","bruh_geiniguiyige.py",NULL,"team page"
"88997",NULL,"49","9887","13840","862","py3","1775958991.270600000","1",NULL,NULL,"88997","gta6.py",NULL,"team page"
"88998",NULL,"49","9816","13627","877","py3","1775958991.932900000","1",NULL,NULL,"88998","prob6.py",NULL,"team page"
"88999",NULL,"49","9582","12929","873","py3","1775958992.780100000","1",NULL,NULL,"88999","untitled10.py",NULL,"team page"
"89000",NULL,"49","9895","13864","864","cpp","1775958995.771500000","1",NULL,NULL,"89000",NULL,NULL,"team page"
"89001",NULL,"49","10015","14175","872","py3","1775958995.937200000","1",NULL,NULL,"89001","Calico_9.py",NULL,"team page"
"89002",NULL,"49","9748","13425","866","py3","1775958995.962000000","1",NULL,NULL,"89002","6.py",NULL,"team page"
"89003",NULL,"49","9889","13846","873","cpp","1775958996.376500000","1",NULL,NULL,"89003",NULL,NULL,"team page"
"89004",NULL,"49","9889","13846","873","cpp","1775958996.988600000","1",NULL,NULL,"89004",NULL,NULL,"team page"
"89005",NULL,"49","9635","13088","863","cpp","1775958997.174600000","1",NULL,NULL,"89005",NULL,NULL,"team page"
"89006",NULL,"49","9340","12202","865","cpp","1775958997.533000000","1",NULL,NULL,"89006",NULL,NULL,"team page"
"89007",NULL,"49","9212","11817","860","py3","1775958997.621400000","1",NULL,NULL,"89007","nah_template.py",NULL,"team page"
"89008",NULL,"49","9488","12645","865","java","1775958997.893000000","1",NULL,NULL,"89008","Solution",NULL,"team page"
"89009",NULL,"49","9637","13093","867","java","1775959000.575900000","1",NULL,NULL,"89009","Cross",NULL,"team page"
"89010",NULL,"49","10015","14174","879","cpp","1775959000.892000000","1",NULL,NULL,"89010",NULL,NULL,"team page"
"89011",NULL,"49","9610","13011","860","pypy3","1775959001.051800000","1",NULL,NULL,"89011","nah_problem.py",NULL,"team page"
"89012",NULL,"49","9688","13245","862","pypy3","1775959002.535500000","1",NULL,NULL,"89012","volum.py",NULL,"team page"
"89013",NULL,"49","9683","13230","862","py3","1775959004.287200000","1",NULL,NULL,"89013","gege.py",NULL,"team page"
"89014",NULL,"49","9485","12636","867","cpp","1775959004.740700000","1",NULL,NULL,"89014",NULL,NULL,"team page"
"89015",NULL,"49","9353","12240","859","cpp","1775959005.922800000","1",NULL,NULL,"89015",NULL,NULL,"team page"
"89016",NULL,"49","10055","14285","867","cpp","1775959007.237500000","1",NULL,NULL,"89016",NULL,NULL,"team page"
"89017",NULL,"49","9873","13800","872","py3","1775959010.590000000","1",NULL,NULL,"89017","splitters_template.py",NULL,"team page"
"89018",NULL,"49","9362","12268","872","cpp","1775959010.861600000","1",NULL,NULL,"89018",NULL,NULL,"team page"
"89019",NULL,"49","9558","12855","862","cpp","1775959014.270200000","1",NULL,NULL,"89019",NULL,NULL,"team page"
"89020",NULL,"49","9877","13811","879","py3","1775959015.702800000","1",NULL,NULL,"89020","multiplication.py",NULL,"team page"
"89021",NULL,"49","10097","14394","873","py3","1775959016.485200000","1",NULL,NULL,"89021","main.py",NULL,"team page"
"89022",NULL,"49","9558","12856","869","cpp","1775959016.738900000","1",NULL,NULL,"89022",NULL,NULL,"team page"
"89023",NULL,"49","9587","12943","861","cpp","1775959020.047000000","1",NULL,NULL,"89023",NULL,NULL,"team page"
"89024",NULL,"49","9879","13816","872","cpp","1775959020.360500000","1",NULL,NULL,"89024",NULL,NULL,"team page"
"89025",NULL,"49","9201","11784","868","py3","1775959022.846600000","1",NULL,NULL,"89025","problem_8.py",NULL,"team page"
"89026",NULL,"49","9504","12693","865","cpp","1775959026.257100000","1",NULL,NULL,"89026",NULL,NULL,"team page"
"89027",NULL,"49","9768","13485","865","cpp","1775959027.908000000","1",NULL,NULL,"89027",NULL,NULL,"team page"
"89028",NULL,"49","9359","12259","864","pypy3","1775959029.708000000","1",NULL,NULL,"89028","sol5.py",NULL,"team page"
"89029",NULL,"49","9558","12856","870","cpp","1775959030.472700000","1",NULL,NULL,"89029",NULL,NULL,"team page"
"89030",NULL,"49","9930","13947","872","cpp","1775959030.736300000","1",NULL,NULL,"89030",NULL,NULL,"team page"
"89031",NULL,"49","9418","12435","864","pypy3","1775959030.797200000","1",NULL,NULL,"89031","grid_template.py",NULL,"team page"
"89032",NULL,"49","9958","14031","862","java","1775959032.655200000","1",NULL,NULL,"89032","P4",NULL,"team page"
"89033",NULL,"49","10035","14225","879","py3","1775959032.739200000","1",NULL,NULL,"89033","multiplication-4.py",NULL,"team page"
"89034",NULL,"49","9857","13751","872","pypy3","1775959033.225500000","1",NULL,NULL,"89034","TAN.py",NULL,"team page"
"89035",NULL,"49","9780","13521","862","cpp","1775959036.521700000","1",NULL,NULL,"89035",NULL,NULL,"team page"
"89036",NULL,"49","9856","13747","877","py3","1775959036.972500000","1",NULL,NULL,"89036","lecture_template.py",NULL,"team page"
"89037",NULL,"49","9982","14076","873","cpp","1775959037.353700000","1",NULL,NULL,"89037",NULL,NULL,"team page"
"89038",NULL,"49","9658","13157","868","py3","1775959037.498300000","1",NULL,NULL,"89038","8.py",NULL,"team page"
"89039",NULL,"49","9858","13755","878","py3","1775959039.405100000","1",NULL,NULL,"89039","111.py",NULL,"team page"
"89040",NULL,"49","9567","12882","869","cpp","1775959040.558000000","1",NULL,NULL,"89040",NULL,NULL,"team page"
"89041",NULL,"49","9538","12795","861","py3","1775959042.400400000","1",NULL,NULL,"89041","files_template.py",NULL,"team page"
"89042",NULL,"49","9432","12477","869","cpp","1775959042.444300000","1",NULL,NULL,"89042",NULL,NULL,"team page"
"89043",NULL,"49","9806","13597","868","cpp","1775959042.476600000","1",NULL,NULL,"89043",NULL,NULL,"team page"
"89044",NULL,"49","9988","14093","863","cpp","1775959043.572400000","1",NULL,NULL,"89044",NULL,NULL,"team page"
"89045",NULL,"49","9975","14055","880","py3","1775959044.013300000","1",NULL,NULL,"89045","plication_fixed.py",NULL,"team page"
"89046",NULL,"49","9887","13840","863","pypy3","1775959045.363000000","1",NULL,NULL,"89046","gta6.py",NULL,"team page"
"89047",NULL,"49","9639","13099","879","py3","1775959049.890700000","1",NULL,NULL,"89047","main.py",NULL,"team page"
"89048",NULL,"49","9697","13272","873","pypy3","1775959056.373900000","1",NULL,NULL,"89048","problem2.py",NULL,"team page"
"89049",NULL,"49","9836","13687","863","py3","1775959057.448800000","1",NULL,NULL,"89049","laser_template.py",NULL,"team page"
"89050",NULL,"49","10063","14308","863","py3","1775959057.877600000","1",NULL,NULL,"89050","solution.py",NULL,"team page"
"89051",NULL,"49","9551","12834","864","java","1775959057.984300000","1",NULL,NULL,"89051","Solution2",NULL,"team page"
"89052",NULL,"49","9407","12403","872","cpp","1775959059.950800000","1",NULL,NULL,"89052",NULL,NULL,"team page"
"89053",NULL,"49","9466","12579","864","cpp","1775959060.589900000","1",NULL,NULL,"89053",NULL,NULL,"team page"
"89054",NULL,"49","9551","12834","864","java","1775959060.698400000","1",NULL,NULL,"89054","Solution2",NULL,"team page"
"89055",NULL,"49","9744","13415","862","cpp","1775959061.171000000","1",NULL,NULL,"89055",NULL,NULL,"team page"
"89056",NULL,"49","9432","12477","869","cpp","1775959062.367400000","1",NULL,NULL,"89056",NULL,NULL,"team page"
"89057",NULL,"49","9489","12648","864","py3","1775959064.347900000","1",NULL,NULL,"89057","grid_template.py",NULL,"team page"
"89058",NULL,"49","9897","13872","868","py3","1775959065.946200000","1",NULL,NULL,"89058","MyCeliumPrettyEasy.py",NULL,"team page"
"89059",NULL,"49","9674","13205","866","cpp","1775959067.083300000","1",NULL,NULL,"89059",NULL,NULL,"team page"
"89060",NULL,"49","9329","12170","864","py3","1775959068.133400000","1",NULL,NULL,"89060","Grid_Fill_template.py",NULL,"team page"
"89061",NULL,"49","9958","14031","862","java","1775959077.620100000","1",NULL,NULL,"89061","P4",NULL,"team page"
"89062",NULL,"49","10059","14298","870","cpp","1775959078.245700000","1",NULL,NULL,"89062",NULL,NULL,"team page"
"89063",NULL,"49","10057","14290","873","pypy3","1775959078.334400000","1",NULL,NULL,"89063","ten.py",NULL,"team page"
"89064",NULL,"49","9584","12933","862","py3","1775959078.393900000","1",NULL,NULL,"89064","problem4.py",NULL,"team page"
"89065",NULL,"49","9988","14094","869","py3","1775959079.356300000","1",NULL,NULL,"89065","shsidhomework.py",NULL,"team page"
"89066",NULL,"49","9877","13810","868","cpp","1775959079.787800000","1",NULL,NULL,"89066",NULL,NULL,"team page"
"89067",NULL,"49","9818","13635","879","cpp","1775959080.525400000","1",NULL,NULL,"89067",NULL,NULL,"team page"
"89068",NULL,"49","9502","12687","868","java","1775959080.899300000","1",NULL,NULL,"89068","ucb",NULL,"team page"
"89069",NULL,"49","9491","12655","877","cpp","1775959080.965700000","1",NULL,NULL,"89069",NULL,NULL,"team page"
"89070",NULL,"49","9630","13071","862","cpp","1775959081.641700000","1",NULL,NULL,"89070",NULL,NULL,"team page"
"89071",NULL,"49","9558","12855","862","cpp","1775959082.293700000","1",NULL,NULL,"89071",NULL,NULL,"team page"
"89072",NULL,"49","9994","14111","864","java","1775959082.752900000","1",NULL,NULL,"89072","Main",NULL,"team page"
"89073",NULL,"49","9737","13394","870","py3","1775959083.510100000","1",NULL,NULL,"89073","mycelium_main.py",NULL,"team page"
"89074",NULL,"49","9917","13909","868","pypy3","1775959084.756800000","1",NULL,NULL,"89074","8.py",NULL,"team page"
"89075",NULL,"49","9270","11992","863","cpp","1775959085.440100000","1",NULL,NULL,"89075",NULL,NULL,"team page"
"89076",NULL,"49","9432","12477","869","cpp","1775959086.096100000","1",NULL,NULL,"89076",NULL,NULL,"team page"
"89077",NULL,"49","9263","11971","873","cpp","1775959086.823800000","1",NULL,NULL,"89077",NULL,NULL,"team page"
"89078",NULL,"49","9308","12106","863","cpp","1775959086.902200000","1",NULL,NULL,"89078",NULL,NULL,"team page"
"89079",NULL,"49","9293","12061","877","py3","1775959087.408900000","1",NULL,NULL,"89079","lecture_main_main.py",NULL,"team page"
"89080",NULL,"49","9206","11799","870","cpp","1775959088.162800000","1",NULL,NULL,"89080",NULL,NULL,"team page"
"89081",NULL,"49","9675","13208","870","java","1775959090.612500000","1",NULL,NULL,"89081","Solution",NULL,"team page"
"89082",NULL,"49","9655","13146","864","java","1775959090.659000000","1",NULL,NULL,"89082","Main",NULL,"team page"
"89083",NULL,"49","9567","12882","870","cpp","1775959090.995000000","1",NULL,NULL,"89083",NULL,NULL,"team page"
"89084",NULL,"49","9749","13429","860","cpp","1775959092.354000000","1",NULL,NULL,"89084",NULL,NULL,"team page"
"89085",NULL,"49","9776","13509","867","py3","1775959093.744900000","1",NULL,NULL,"89085","cross.py",NULL,"team page"
"89086",NULL,"49","9729","13368","867","py3","1775959094.079600000","1",NULL,NULL,"89086","crosssol.py",NULL,"team page"
"89087",NULL,"49","9988","14094","870","py3","1775959094.923000000","1",NULL,NULL,"89087","shsidhomework.py",NULL,"team page"
"89088",NULL,"49","9308","12106","863","cpp","1775959094.968800000","1",NULL,NULL,"89088",NULL,NULL,"team page"
"89089",NULL,"49","10059","14298","871","cpp","1775959095.727700000","1",NULL,NULL,"89089",NULL,NULL,"team page"
"89090",NULL,"49","9744","13415","862","cpp","1775959096.454600000","1",NULL,NULL,"89090",NULL,NULL,"team page"
"89091",NULL,"49","9949","14004","861","py3","1775959099.030900000","1",NULL,NULL,"89091","p3FULL.py",NULL,"team page"
"89092",NULL,"49","9231","11874","868","py3","1775959099.510700000","1",NULL,NULL,"89092","problem_8.py",NULL,"team page"
"89093",NULL,"49","9558","12856","869","cpp","1775959102.625700000","1",NULL,NULL,"89093",NULL,NULL,"team page"
"89094",NULL,"49","9657","13154","878","cpp","1775959103.096600000","1",NULL,NULL,"89094",NULL,NULL,"team page"
"89095",NULL,"49","10067","14321","877","pypy3","1775959103.716700000","1",NULL,NULL,"89095","lecture_template.py",NULL,"team page"
"89096",NULL,"49","9340","12202","865","cpp","1775959103.866700000","1",NULL,NULL,"89096",NULL,NULL,"team page"
"89097",NULL,"49","9432","12477","869","cpp","1775959104.201300000","1",NULL,NULL,"89097",NULL,NULL,"team page"
"89098",NULL,"49","9753","13440","863","cpp","1775959104.720400000","1",NULL,NULL,"89098",NULL,NULL,"team page"
"89099",NULL,"49","9943","13988","867","cpp","1775959105.876600000","1",NULL,NULL,"89099",NULL,NULL,"team page"
"89100",NULL,"49","9982","14076","873","cpp","1775959112.556100000","1",NULL,NULL,"89100",NULL,NULL,"team page"
"89101",NULL,"49","9279","12018","863","cpp","1775959113.002700000","1",NULL,NULL,"89101",NULL,NULL,"team page"
"89102",NULL,"49","9941","13980","864","py3","1775959114.148200000","1",NULL,NULL,"89102","calico_p5.py",NULL,"team page"
"89103",NULL,"49","9502","12687","869","java","1775959114.826700000","1",NULL,NULL,"89103","ucb",NULL,"team page"
"89104",NULL,"49","9359","12259","862","pypy3","1775959115.132300000","1",NULL,NULL,"89104","solution4.py",NULL,"team page"
"89105",NULL,"49","9620","13041","868","cpp","1775959115.860500000","1",NULL,NULL,"89105",NULL,NULL,"team page"
"89106",NULL,"49","10082","14349","867","py3","1775959116.040300000","1",NULL,NULL,"89106","crissy.py",NULL,"team page"
"89107",NULL,"49","10012","14165","872","py3","1775959116.577700000","1",NULL,NULL,"89107","splitters_template.py",NULL,"team page"
"89108",NULL,"49","9261","11966","861","py3","1775959121.163600000","1",NULL,NULL,"89108","files_template.py",NULL,"team page"
"89109",NULL,"49","9525","12756","879","py3","1775959121.238500000","1",NULL,NULL,"89109","12.py",NULL,"team page"
"89110",NULL,"49","9432","12477","869","cpp","1775959122.254800000","1",NULL,NULL,"89110",NULL,NULL,"team page"
"89111",NULL,"49","9258","11955","863","cpp","1775959123.112800000","1",NULL,NULL,"89111",NULL,NULL,"team page"
"89112",NULL,"49","9818","13633","872","cpp","1775959124.740200000","1",NULL,NULL,"89112",NULL,NULL,"team page"
"89113",NULL,"49","9949","14006","861","py3","1775959125.244400000","1",NULL,NULL,"89113","files_template.py",NULL,"team page"
"89114",NULL,"49","9904","13893","873","cpp","1775959127.509100000","1",NULL,NULL,"89114",NULL,NULL,"team page"
"89115",NULL,"49","9508","12705","870","py3","1775959127.620500000","1",NULL,NULL,"89115","mycelium_bonus2.py",NULL,"team page"
"89116",NULL,"49","9819","13636","860","py3","1775959128.175200000","1",NULL,NULL,"89116","nah_template.py",NULL,"team page"
"89117",NULL,"49","9808","13605","861","pypy3","1775959129.260100000","1",NULL,NULL,"89117","first_prob.py",NULL,"team page"
"89118",NULL,"49","10008","14153","869","py3","1775959131.313800000","1",NULL,NULL,"89118","mycelium_template.py",NULL,"team page"
"89119",NULL,"49","9808","13605","861","pypy3","1775959131.495700000","1",NULL,NULL,"89119","first_prob.py",NULL,"team page"
"89120",NULL,"49","9806","13597","869","cpp","1775959133.238500000","1",NULL,NULL,"89120",NULL,NULL,"team page"
"89121",NULL,"49","9526","12759","868","cpp","1775959134.431900000","1",NULL,NULL,"89121",NULL,NULL,"team page"
"89122",NULL,"49","10012","14165","872","pypy3","1775959136.255800000","1",NULL,NULL,"89122","splitters_template.py",NULL,"team page"
"89123",NULL,"49","9558","12856","869","cpp","1775959137.367500000","1",NULL,NULL,"89123",NULL,NULL,"team page"
"89124",NULL,"49","9850","13729","869","py3","1775959138.011000000","1",NULL,NULL,"89124","mycelium_template.py",NULL,"team page"
"89125",NULL,"49","9796","13567","867","py3","1775959139.028200000","1",NULL,NULL,"89125","main.py",NULL,"team page"
"89126",NULL,"49","10057","14290","873","pypy3","1775959139.257700000","1",NULL,NULL,"89126","ten.py",NULL,"team page"
"89127",NULL,"49","9857","13750","868","py3","1775959139.530300000","1",NULL,NULL,"89127","8.py",NULL,"team page"
"89128",NULL,"49","9458","12556","862","cpp","1775959139.663900000","1",NULL,NULL,"89128",NULL,NULL,"team page"
"89129",NULL,"49","9525","12756","880","py3","1775959140.343000000","1",NULL,NULL,"89129","12.py",NULL,"team page"
"89130",NULL,"49","9432","12477","869","cpp","1775959140.722900000","1",NULL,NULL,"89130",NULL,NULL,"team page"
"89131",NULL,"49","9880","13820","867","cpp","1775959141.405800000","1",NULL,NULL,"89131",NULL,NULL,"team page"
"89132",NULL,"49","10055","14285","867","cpp","1775959141.507100000","1",NULL,NULL,"89132",NULL,NULL,"team page"
"89133",NULL,"49","9795","13565","879","cpp","1775959144.263400000","1",NULL,NULL,"89133",NULL,NULL,"team page"
"89134",NULL,"49","10058","14293","872","py3","1775959145.440200000","1",NULL,NULL,"89134","splitter.py",NULL,"team page"
"89135",NULL,"49","9296","12070","877","cpp","1775959145.817700000","1",NULL,NULL,"89135",NULL,NULL,"team page"
"89136",NULL,"49","9674","13205","866","cpp","1775959145.890600000","1",NULL,NULL,"89136",NULL,NULL,"team page"
"89137",NULL,"49","9958","14032","867","cpp","1775959146.058500000","1",NULL,NULL,"89137",NULL,NULL,"team page"
"89138",NULL,"49","9615","13026","868","py3","1775959147.525500000","1",NULL,NULL,"89138","q8.py",NULL,"team page"
"89139",NULL,"49","9407","12403","872","cpp","1775959151.149300000","1",NULL,NULL,"89139",NULL,NULL,"team page"
"89140",NULL,"49","9268","11985","868","cpp","1775959151.648500000","1",NULL,NULL,"89140",NULL,NULL,"team page"
"89141",NULL,"49","9690","13253","869","cpp","1775959153.816300000","1",NULL,NULL,"89141",NULL,NULL,"team page"
"89142",NULL,"49","9509","12709","861","pypy3","1775959155.876900000","1",NULL,NULL,"89142","problem3.py",NULL,"team page"
"89143",NULL,"49","9786","13541","866","py3","1775959157.458100000","1",NULL,NULL,"89143","shadows.py",NULL,"team page"
"89144",NULL,"49","9744","13415","862","cpp","1775959158.570300000","1",NULL,NULL,"89144",NULL,NULL,"team page"
"89145",NULL,"49","9630","13071","863","cpp","1775959158.572300000","1",NULL,NULL,"89145",NULL,NULL,"team page"
"89146",NULL,"49","9899","13876","869","java","1775959158.742500000","1",NULL,NULL,"89146",NULL,NULL,"team page"
"89147",NULL,"49","9646","13120","868","cpp","1775959158.909300000","1",NULL,NULL,"89147",NULL,NULL,"team page"
"89148",NULL,"49","9378","12316","866","py3","1775959159.162600000","1",NULL,NULL,"89148","shadows_template.py",NULL,"team page"
"89149",NULL,"49","9296","12069","879","cpp","1775959159.467400000","1",NULL,NULL,"89149",NULL,NULL,"team page"
"89150",NULL,"49","9308","12105","873","pypy3","1775959159.503900000","1",NULL,NULL,"89150","main.py",NULL,"team page"
"89151",NULL,"49","9899","13876","869","java","1775959160.134100000","1",NULL,NULL,"89151",NULL,NULL,"team page"
"89152",NULL,"49","10082","14347","864","java","1775959160.336600000","1",NULL,NULL,"89152","Solution",NULL,"team page"
"89153",NULL,"49","9657","13154","878","cpp","1775959160.900700000","1",NULL,NULL,"89153",NULL,NULL,"team page"
"89154",NULL,"49","9432","12477","869","cpp","1775959162.485400000","1",NULL,NULL,"89154",NULL,NULL,"team page"
"89155",NULL,"49","9229","11869","864","cpp","1775959162.997300000","1",NULL,NULL,"89155",NULL,NULL,"team page"
"89156",NULL,"49","9886","13837","873","java","1775959167.956300000","1",NULL,NULL,"89156",NULL,NULL,"team page"
"89157",NULL,"49","9897","13872","868","py3","1775959170.571600000","1",NULL,NULL,"89157","MyCeliumPrettyEasy.py",NULL,"team page"
"89158",NULL,"49","9958","14031","862","java","1775959171.366600000","1",NULL,NULL,"89158","P4",NULL,"team page"
"89159",NULL,"49","9877","13812","879","cpp","1775959172.128500000","1",NULL,NULL,"89159",NULL,NULL,"team page"
"89160",NULL,"49","10020","14191","864","cpp","1775959174.273400000","1",NULL,NULL,"89160",NULL,NULL,"team page"
"89161",NULL,"49","9502","12687","870","java","1775959175.799000000","1",NULL,NULL,"89161","ucb",NULL,"team page"
"89162",NULL,"49","9726","13360","877","py3","1775959176.330300000","1",NULL,NULL,"89162","lecture.py",NULL,"team page"
"89163",NULL,"49","9873","13800","872","py3","1775959177.112300000","1",NULL,NULL,"89163","splitters_template.py",NULL,"team page"
"89164",NULL,"49","9558","12855","862","cpp","1775959177.383300000","1",NULL,NULL,"89164",NULL,NULL,"team page"
"89165",NULL,"49","9667","13182","872","py3","1775959177.490400000","1",NULL,NULL,"89165","splitters_template.py",NULL,"team page"
"89166",NULL,"49","9824","13651","866","pypy3","1775959177.613700000","1",NULL,NULL,"89166","six.py",NULL,"team page"
"89167",NULL,"49","9359","12258","863","pypy3","1775959181.471500000","1",NULL,NULL,"89167","4thb.py",NULL,"team page"
"89168",NULL,"49","9270","11992","863","cpp","1775959182.703600000","1",NULL,NULL,"89168",NULL,NULL,"team page"
"89169",NULL,"49","9567","12882","871","cpp","1775959185.112300000","1",NULL,NULL,"89169",NULL,NULL,"team page"
"89170",NULL,"49","9558","12856","869","cpp","1775959186.824200000","1",NULL,NULL,"89170",NULL,NULL,"team page"
"89171",NULL,"49","9558","12855","863","cpp","1775959189.077400000","1",NULL,NULL,"89171",NULL,NULL,"team page"
"89172",NULL,"49","10051","14272","878","py3","1775959189.751400000","1",NULL,NULL,"89172","lecture_templatecopy.py",NULL,"team page"
"89173",NULL,"49","9683","13230","863","py3","1775959189.827000000","1",NULL,NULL,"89173","gege.py",NULL,"team page"
"89174",NULL,"49","9229","11869","865","cpp","1775959190.351800000","1",NULL,NULL,"89174",NULL,NULL,"team page"
"89175",NULL,"49","9746","13420","878","py3","1775959190.850100000","1",NULL,NULL,"89175","11b1.py",NULL,"team page"
"89176",NULL,"49","9229","11869","865","cpp","1775959191.009500000","1",NULL,NULL,"89176",NULL,NULL,"team page"
"89177",NULL,"49","9753","13440","863","cpp","1775959191.898100000","1",NULL,NULL,"89177",NULL,NULL,"team page"
"89178",NULL,"49","9786","13540","863","py3","1775959191.943500000","1",NULL,NULL,"89178","laser_bonus.py",NULL,"team page"
"89179",NULL,"49","10016","14178","877","py3","1775959192.455400000","1",NULL,NULL,"89179","competewithAI.py",NULL,"team page"
"89180",NULL,"49","10016","14178","877","py3","1775959193.157200000","1",NULL,NULL,"89180","competewithAI.py",NULL,"team page"
"89181",NULL,"49","9339","12198","863","cpp","1775959193.503800000","1",NULL,NULL,"89181",NULL,NULL,"team page"
"89182",NULL,"49","9925","13933","878","py3","1775959193.876600000","1",NULL,NULL,"89182","example9.py",NULL,"team page"
"89183",NULL,"49","9762","13467","862","py3","1775959194.110500000","1",NULL,NULL,"89183","laser_template.py",NULL,"team page"
"89184",NULL,"49","9408","12406","868","cpp","1775959195.970800000","1",NULL,NULL,"89184",NULL,NULL,"team page"
"89185",NULL,"49","9366","12280","873","py3","1775959196.393000000","1",NULL,NULL,"89185","test.py",NULL,"team page"
"89186",NULL,"49","9889","13848","864","cpp","1775959196.438700000","1",NULL,NULL,"89186",NULL,NULL,"team page"
"89187",NULL,"49","9275","12007","872","java","1775959197.497200000","1",NULL,NULL,"89187","splitters_template",NULL,"team page"
"89188",NULL,"49","10059","14296","862","cpp","1775959197.565700000","1",NULL,NULL,"89188",NULL,NULL,"team page"
"89189",NULL,"49","9779","13518","862","cpp","1775959198.271100000","1",NULL,NULL,"89189",NULL,NULL,"team page"
"89190",NULL,"49","9649","13128","870","cpp","1775959199.714500000","1",NULL,NULL,"89190",NULL,NULL,"team page"
"89191",NULL,"49","9806","13597","869","cpp","1775959200.833900000","1",NULL,NULL,"89191",NULL,NULL,"team page"
"89192",NULL,"49","9760","13461","859","py3","1775959201.773700000","1",NULL,NULL,"89192","first_prob.py",NULL,"team page"
"89193",NULL,"49","9736","13390","865","py3","1775959201.861600000","1",NULL,NULL,"89193","grid_template.py",NULL,"team page"
"89194",NULL,"49","9582","12929","873","py3","1775959203.336300000","1",NULL,NULL,"89194","untitled10.py",NULL,"team page"
"89195",NULL,"49","9582","12929","873","py3","1775959203.533400000","1",NULL,NULL,"89195","untitled10.py",NULL,"team page"
"89196",NULL,"49","9489","12648","864","py3","1775959203.620200000","1",NULL,NULL,"89196","grid_template.py",NULL,"team page"
"89197",NULL,"49","9638","13095","873","cpp","1775959205.699100000","1",NULL,NULL,"89197",NULL,NULL,"team page"
"89198",NULL,"49","9690","13252","863","cpp","1775959207.468700000","1",NULL,NULL,"89198",NULL,NULL,"team page"
"89199",NULL,"49","9736","13389","865","py3","1775959208.914700000","1",NULL,NULL,"89199","grid_template.py",NULL,"team page"
"89200",NULL,"49","9803","13590","879","pypy3","1775959209.561000000","1",NULL,NULL,"89200","problem12.py",NULL,"team page"
"89201",NULL,"49","9596","12969","861","py3","1775959209.912100000","1",NULL,NULL,"89201","Main.py",NULL,"team page"
"89202",NULL,"49","9816","13628","869","pypy3","1775959210.148300000","1",NULL,NULL,"89202","mycelium_template.py",NULL,"team page"
"89203",NULL,"49","9576","12910","877","cpp","1775959211.334600000","1",NULL,NULL,"89203",NULL,NULL,"team page"
"89204",NULL,"49","9231","11874","863","py3","1775959211.815000000","1",NULL,NULL,"89204","problem_4.py",NULL,"team page"
"89205",NULL,"49","9332","12177","861","pypy3","1775959211.974800000","1",NULL,NULL,"89205","files_template.py",NULL,"team page"
"89206",NULL,"49","9630","13073","868","py3","1775959213.400500000","1",NULL,NULL,"89206","mycelium_template.py",NULL,"team page"
"89207",NULL,"49","9589","12948","872","cpp","1775959213.777000000","1",NULL,NULL,"89207",NULL,NULL,"team page"
"89208",NULL,"49","9729","13369","872","py3","1775959215.758300000","1",NULL,NULL,"89208","main.py",NULL,"team page"
"89209",NULL,"49","9644","13115","872","cpp","1775959215.879900000","1",NULL,NULL,"89209",NULL,NULL,"team page"
"89210",NULL,"49","9298","12077","863","cpp","1775959216.131200000","1",NULL,NULL,"89210",NULL,NULL,"team page"
"89211",NULL,"49","9201","11784","879","py3","1775959216.306000000","1",NULL,NULL,"89211","problem_12t.py",NULL,"team page"
"89212",NULL,"49","9768","13485","865","cpp","1775959216.877300000","1",NULL,NULL,"89212",NULL,NULL,"team page"
"89213",NULL,"49","9900","13880","862","py3","1775959218.699500000","1",NULL,NULL,"89213","laser_template.py",NULL,"team page"
"89214",NULL,"49","9658","13157","865","cpp","1775959219.232100000","1",NULL,NULL,"89214",NULL,NULL,"team page"
"89215",NULL,"49","9795","13565","879","cpp","1775959219.694600000","1",NULL,NULL,"89215",NULL,NULL,"team page"
"89216",NULL,"49","10020","14191","864","cpp","1775959221.442400000","1",NULL,NULL,"89216",NULL,NULL,"team page"
"89217",NULL,"49","9574","12903","873","py3","1775959221.724600000","1",NULL,NULL,"89217","idkifthisisgonnawork.py",NULL,"team page"
"89218",NULL,"49","9748","13425","864","py3","1775959221.909000000","1",NULL,NULL,"89218","5.py",NULL,"team page"
"89219",NULL,"49","9729","13368","867","py3","1775959222.575300000","1",NULL,NULL,"89219","crossol.py",NULL,"team page"
"89220",NULL,"49","9258","11955","863","cpp","1775959222.681000000","1",NULL,NULL,"89220",NULL,NULL,"team page"
"89221",NULL,"49","9554","12845","862","py3","1775959223.363100000","1",NULL,NULL,"89221","Laser.py",NULL,"team page"
"89222",NULL,"49","9917","13909","868","pypy3","1775959225.913200000","1",NULL,NULL,"89222","8.py",NULL,"team page"
"89223",NULL,"49","9670","13193","865","java","1775959228.245800000","1",NULL,NULL,"89223","MyProgram",NULL,"team page"
"89224",NULL,"49","9886","13838","862","cpp","1775959228.758100000","1",NULL,NULL,"89224",NULL,NULL,"team page"
"89225",NULL,"49","10070","14329","872","cpp","1775959230.846100000","1",NULL,NULL,"89225",NULL,NULL,"team page"
"89226",NULL,"49","9425","12456","859","pypy3","1775959231.639400000","1",NULL,NULL,"89226","piezoelectric_template.py",NULL,"team page"
"89227",NULL,"49","9976","14057","864","cpp","1775959233.201100000","1",NULL,NULL,"89227",NULL,NULL,"team page"
"89228",NULL,"49","9649","13128","870","cpp","1775959233.941600000","1",NULL,NULL,"89228",NULL,NULL,"team page"
"89229",NULL,"49","9603","12990","865","java","1775959234.926500000","1",NULL,NULL,"89229","Solution",NULL,"team page"
"89230",NULL,"49","10084","14353","860","py3","1775959238.422800000","1",NULL,NULL,"89230","Program2.py",NULL,"team page"
"89231",NULL,"49","9336","12191","872","java","1775959238.746600000","1",NULL,NULL,"89231","TangTangTang",NULL,"team page"
"89232",NULL,"49","10020","14191","865","cpp","1775959240.238300000","1",NULL,NULL,"89232",NULL,NULL,"team page"
"89233",NULL,"49","9786","13540","863","py3","1775959240.483600000","1",NULL,NULL,"89233","laser_bonus.py",NULL,"team page"
"89234",NULL,"49","9856","13747","877","py3","1775959240.632800000","1",NULL,NULL,"89234","lecture_template.py",NULL,"team page"
"89235",NULL,"49","9359","12259","863","pypy3","1775959241.177800000","1",NULL,NULL,"89235","solution4.py",NULL,"team page"
"89236",NULL,"49","9637","13093","867","java","1775959242.279100000","1",NULL,NULL,"89236","Cross",NULL,"team page"
"89237",NULL,"49","9631","13074","867","cpp","1775959242.769200000","1",NULL,NULL,"89237",NULL,NULL,"team page"
"89238",NULL,"49","9988","14093","863","cpp","1775959243.791200000","1",NULL,NULL,"89238",NULL,NULL,"team page"
"89239",NULL,"49","9887","13842","863","py3","1775959248.039400000","1",NULL,NULL,"89239","calico3.py",NULL,"team page"
"89240",NULL,"49","9589","12948","872","cpp","1775959248.412800000","1",NULL,NULL,"89240",NULL,NULL,"team page"
"89241",NULL,"49","9275","12008","870","java","1775959248.692600000","1",NULL,NULL,"89241","Solution",NULL,"team page"
"89242",NULL,"49","9903","13888","867","py3","1775959249.623400000","1",NULL,NULL,"89242","CALICO-2026-PROBLEM-7.py",NULL,"team page"
"89243",NULL,"49","10031","14212","877","py3","1775959250.206600000","1",NULL,NULL,"89243","lecture_template.py",NULL,"team page"
"89244",NULL,"49","9544","12815","873","cpp","1775959252.264000000","1",NULL,NULL,"89244",NULL,NULL,"team page"
"89245",NULL,"49","9670","13192","868","cpp","1775959256.241000000","1",NULL,NULL,"89245",NULL,NULL,"team page"
"89246",NULL,"49","9904","13893","873","cpp","1775959256.720600000","1",NULL,NULL,"89246",NULL,NULL,"team page"
"89247",NULL,"49","9536","12791","868","cpp","1775959257.468500000","1",NULL,NULL,"89247",NULL,NULL,"team page"
"89248",NULL,"49","9705","13296","859","cpp","1775959259.563100000","1",NULL,NULL,"89248",NULL,NULL,"team page"
"89249",NULL,"49","9927","13938","864","java","1775959260.500700000","1",NULL,NULL,"89249",NULL,NULL,"team page"
"89250",NULL,"49","9927","13938","864","java","1775959260.788400000","1",NULL,NULL,"89250",NULL,NULL,"team page"
"89251",NULL,"49","9710","13312","873","cpp","1775959261.187200000","1",NULL,NULL,"89251",NULL,NULL,"team page"
"89252",NULL,"49","9418","12435","866","pypy3","1775959262.051800000","1",NULL,NULL,"89252","shadows_template.py",NULL,"team page"
"89253",NULL,"49","9418","12435","866","pypy3","1775959263.406500000","1",NULL,NULL,"89253","shadows_template.py",NULL,"team page"
"89254",NULL,"49","9418","12435","866","pypy3","1775959264.571400000","1",NULL,NULL,"89254","shadows_template.py",NULL,"team page"
"89255",NULL,"49","9639","13099","879","py3","1775959264.754500000","1",NULL,NULL,"89255","12han.py",NULL,"team page"
"89256",NULL,"49","9356","12250","860","py3","1775959265.542100000","1",NULL,NULL,"89256","nah_Problem2.py",NULL,"team page"
"89257",NULL,"49","9639","13100","879","py3","1775959266.673500000","1",NULL,NULL,"89257","berkeley12t1.py",NULL,"team page"
"89258",NULL,"49","9250","11932","862","cpp","1775959267.666500000","1",NULL,NULL,"89258",NULL,NULL,"team page"
"89259",NULL,"49","10043","14250","862","py3","1775959267.808900000","1",NULL,NULL,"89259","laser_template.py",NULL,"team page"
"89260",NULL,"49","9486","12639","877","cpp","1775959268.769400000","1",NULL,NULL,"89260",NULL,NULL,"team page"
"89261",NULL,"49","9423","12452","866","cpp","1775959268.964100000","1",NULL,NULL,"89261",NULL,NULL,"team page"
"89262",NULL,"49","9593","12962","864","cpp","1775959269.292100000","1",NULL,NULL,"89262",NULL,NULL,"team page"
"89263",NULL,"49","9436","12489","879","java","1775959271.460100000","1",NULL,NULL,"89263","Q12",NULL,"team page"
"89264",NULL,"49","10097","14392","869","cpp","1775959271.846100000","1",NULL,NULL,"89264",NULL,NULL,"team page"
"89265",NULL,"49","9841","13702","859","pypy3","1775959273.118900000","1",NULL,NULL,"89265","solution.py",NULL,"team page"
"89266",NULL,"49","9206","11799","870","cpp","1775959274.233400000","1",NULL,NULL,"89266",NULL,NULL,"team page"
"89267",NULL,"49","9419","12438","865","cpp","1775959274.414700000","1",NULL,NULL,"89267",NULL,NULL,"team page"
"89268",NULL,"49","9879","13816","872","cpp","1775959275.755600000","1",NULL,NULL,"89268",NULL,NULL,"team page"
"89269",NULL,"49","9357","12254","862","py3","1775959276.318500000","1",NULL,NULL,"89269","problem4.py",NULL,"team page"
"89270",NULL,"49","9635","13087","864","java","1775959276.328100000","1",NULL,NULL,"89270","tower",NULL,"team page"
"89271",NULL,"49","10042","14246","873","cpp","1775959277.785600000","1",NULL,NULL,"89271",NULL,NULL,"team page"
"89272",NULL,"49","9753","13440","863","cpp","1775959279.572400000","1",NULL,NULL,"89272",NULL,NULL,"team page"
"89273",NULL,"49","9869","13787","863","py3","1775959280.706300000","1",NULL,NULL,"89273","laser_template.py",NULL,"team page"
"89274",NULL,"49","9930","13949","863","java","1775959281.188000000","1",NULL,NULL,"89274","laser",NULL,"team page"
"89275",NULL,"49","9296","12069","879","cpp","1775959285.046800000","1",NULL,NULL,"89275",NULL,NULL,"team page"
"89276",NULL,"49","10035","14224","868","cpp","1775959285.776400000","1",NULL,NULL,"89276",NULL,NULL,"team page"
"89277",NULL,"49","10016","14178","877","cpp","1775959287.084500000","1",NULL,NULL,"89277",NULL,NULL,"team page"
"89278",NULL,"49","9367","12283","872","cpp","1775959288.581700000","1",NULL,NULL,"89278",NULL,NULL,"team page"
"89279",NULL,"49","9853","13740","865","py3","1775959288.591800000","1",NULL,NULL,"89279","grid_template.py",NULL,"team page"
"89280",NULL,"49","9366","12280","873","py3","1775959288.713500000","1",NULL,NULL,"89280","test.py",NULL,"team page"
"89281",NULL,"49","9231","11874","865","py3","1775959290.328400000","1",NULL,NULL,"89281","problem_5.py",NULL,"team page"
"89282",NULL,"49","9644","13115","872","cpp","1775959290.406900000","1",NULL,NULL,"89282",NULL,NULL,"team page"
"89283",NULL,"49","9408","12406","863","cpp","1775959290.439000000","1",NULL,NULL,"89283",NULL,NULL,"team page"
"89284",NULL,"49","9786","13540","863","py3","1775959291.071300000","1",NULL,NULL,"89284","laser_bonus.py",NULL,"team page"
"89285",NULL,"49","9897","13870","867","py3","1775959292.517400000","1",NULL,NULL,"89285","7.py",NULL,"team page"
"89286",NULL,"49","9603","12992","865","java","1775959296.574700000","1",NULL,NULL,"89286","Solution",NULL,"team page"
"89287",NULL,"49","9693","13260","877","cpp","1775959296.619600000","1",NULL,NULL,"89287",NULL,NULL,"team page"
"89288",NULL,"49","9480","12621","869","py3","1775959296.690900000","1",NULL,NULL,"89288","mycelium_template.py",NULL,"team page"
"89289",NULL,"49","9394","12363","862","py3","1775959296.713800000","1",NULL,NULL,"89289","String_comparison.py",NULL,"team page"
"89290",NULL,"49","9807","13600","862","py3","1775959298.288100000","1",NULL,NULL,"89290","problem4.py",NULL,"team page"
"89291",NULL,"49","9376","12310","870","cpp","1775959298.957200000","1",NULL,NULL,"89291",NULL,NULL,"team page"
"89292",NULL,"49","9669","13189","862","java","1775959300.211900000","1",NULL,NULL,"89292","Solution",NULL,"team page"
"89293",NULL,"49","9674","13205","866","cpp","1775959302.555500000","1",NULL,NULL,"89293",NULL,NULL,"team page"
"89294",NULL,"49","9599","12978","865","cpp","1775959303.437900000","1",NULL,NULL,"89294",NULL,NULL,"team page"
"89295",NULL,"49","9857","13750","868","py3","1775959307.748400000","1",NULL,NULL,"89295","8.py",NULL,"team page"
"89296",NULL,"49","9746","13419","878","cpp","1775959309.248900000","1",NULL,NULL,"89296",NULL,NULL,"team page"
"89297",NULL,"49","9983","14078","864","cpp","1775959310.308600000","1",NULL,NULL,"89297",NULL,NULL,"team page"
"89298",NULL,"49","9900","13880","862","py3","1775959311.357800000","1",NULL,NULL,"89298","laser_template.py",NULL,"team page"
"89299",NULL,"49","9562","12868","863","cpp","1775959313.928000000","1",NULL,NULL,"89299",NULL,NULL,"team page"
"89300",NULL,"49","9919","13915","878","cpp","1775959317.425100000","1",NULL,NULL,"89300",NULL,NULL,"team page"
"89301",NULL,"49","9643","13110","862","cpp","1775959317.556100000","1",NULL,NULL,"89301",NULL,NULL,"team page"
"89302",NULL,"49","9649","13128","870","cpp","1775959318.529300000","1",NULL,NULL,"89302",NULL,NULL,"team page"
"89303",NULL,"49","9275","12007","872","java","1775959322.429200000","1",NULL,NULL,"89303","splitters_template",NULL,"team page"
"89304",NULL,"49","9988","14093","863","cpp","1775959322.597500000","1",NULL,NULL,"89304",NULL,NULL,"team page"
"89305",NULL,"49","9776","13509","860","cpp","1775959323.783100000","1",NULL,NULL,"89305",NULL,NULL,"team page"
"89306",NULL,"49","9508","12706","877","py3","1775959324.428500000","1",NULL,NULL,"89306","lecture_main_main.py",NULL,"team page"
"89307",NULL,"49","10016","14178","877","py3","1775959329.021600000","1",NULL,NULL,"89307","competewithAI.py",NULL,"team page"
"89308",NULL,"49","9958","14031","862","java","1775959329.351000000","1",NULL,NULL,"89308","P4",NULL,"team page"
"89309",NULL,"49","9643","13110","863","cpp","1775959331.914000000","1",NULL,NULL,"89309",NULL,NULL,"team page"
"89310",NULL,"49","9818","13635","866","cpp","1775959332.042100000","1",NULL,NULL,"89310",NULL,NULL,"team page"
"89311",NULL,"49","9587","12943","863","cpp","1775959332.098900000","1",NULL,NULL,"89311",NULL,NULL,"team page"
"89312",NULL,"49","9748","13427","872","py3","1775959332.577800000","1",NULL,NULL,"89312","P9.py",NULL,"team page"
"89313",NULL,"49","9258","11955","863","cpp","1775959333.684800000","1",NULL,NULL,"89313",NULL,NULL,"team page"
"89314",NULL,"49","9385","12337","862","pypy3","1775959337.683500000","1",NULL,NULL,"89314","laser_main.py",NULL,"team page"
"89315",NULL,"49","9983","14078","865","cpp","1775959338.110100000","1",NULL,NULL,"89315",NULL,NULL,"team page"
"89316",NULL,"49","9436","12489","880","java","1775959338.495200000","1",NULL,NULL,"89316","Q12",NULL,"team page"
"89317",NULL,"49","9688","13245","863","pypy3","1775959340.347000000","1",NULL,NULL,"89317","q4.py",NULL,"team page"
"89318",NULL,"49","9589","12949","865","cpp","1775959342.024900000","1",NULL,NULL,"89318",NULL,NULL,"team page"
"89319",NULL,"49","9886","13838","862","cpp","1775959342.300800000","1",NULL,NULL,"89319",NULL,NULL,"team page"
"89320",NULL,"49","9478","12615","877","py3","1775959343.270200000","1",NULL,NULL,"89320","lecture.py",NULL,"team page"
"89321",NULL,"49","9455","12547","862","py3","1775959344.422600000","1",NULL,NULL,"89321","laser_template.py",NULL,"team page"
"89322",NULL,"49","9670","13192","869","cpp","1775959346.275800000","1",NULL,NULL,"89322",NULL,NULL,"team page"
"89323",NULL,"49","9807","13600","863","py3","1775959346.988200000","1",NULL,NULL,"89323","problem4.py",NULL,"team page"
"89324",NULL,"49","10034","14221","872","py3","1775959347.823600000","1",NULL,NULL,"89324","towng.py",NULL,"team page"
"89325",NULL,"49","9340","12202","865","cpp","1775959348.569300000","1",NULL,NULL,"89325",NULL,NULL,"team page"
"89326",NULL,"49","9889","13846","873","cpp","1775959349.124800000","1",NULL,NULL,"89326",NULL,NULL,"team page"
"89327",NULL,"49","9630","13071","872","cpp","1775959350.369900000","1",NULL,NULL,"89327",NULL,NULL,"team page"
"89328",NULL,"49","9504","12693","865","cpp","1775959350.960100000","1",NULL,NULL,"89328",NULL,NULL,"team page"
"89329",NULL,"49","9533","12781","865","cpp","1775959351.080300000","1",NULL,NULL,"89329",NULL,NULL,"team page"
"89330",NULL,"49","9768","13485","865","cpp","1775959351.477600000","1",NULL,NULL,"89330",NULL,NULL,"team page"
"89331",NULL,"49","9333","12181","865","cpp","1775959352.635700000","1",NULL,NULL,"89331",NULL,NULL,"team page"
"89332",NULL,"49","9558","12856","870","cpp","1775959356.205100000","1",NULL,NULL,"89332",NULL,NULL,"team page"
"89333",NULL,"49","9432","12477","872","cpp","1775959365.098900000","1",NULL,NULL,"89333",NULL,NULL,"team page"
"89334",NULL,"49","9858","13755","871","py3","1775959367.367200000","1",NULL,NULL,"89334","83.py",NULL,"team page"
"89335",NULL,"49","9886","13838","863","cpp","1775959368.225000000","1",NULL,NULL,"89335",NULL,NULL,"team page"
"89336",NULL,"49","9589","12948","872","cpp","1775959368.842000000","1",NULL,NULL,"89336",NULL,NULL,"team page"
"89337",NULL,"49","9887","13841","864","py3","1775959369.270900000","1",NULL,NULL,"89337","gta6.py",NULL,"team page"
"89338",NULL,"49","9948","14001","868","cpp","1775959370.110300000","1",NULL,NULL,"89338",NULL,NULL,"team page"
"89339",NULL,"49","9680","13223","877","cpp","1775959371.244900000","1",NULL,NULL,"89339",NULL,NULL,"team page"
"89340",NULL,"49","9736","13390","865","py3","1775959373.256800000","1",NULL,NULL,"89340","grid_template.py",NULL,"team page"
"89341",NULL,"49","9729","13369","872","py3","1775959373.645700000","1",NULL,NULL,"89341","main.py",NULL,"team page"
"89342",NULL,"49","9976","14057","864","cpp","1775959374.616700000","1",NULL,NULL,"89342",NULL,NULL,"team page"
"89343",NULL,"49","9870","13791","863","pypy3","1775959378.563800000","1",NULL,NULL,"89343","solution.py",NULL,"team page"
"89344",NULL,"49","9762","13467","859","py3","1775959380.253600000","1",NULL,NULL,"89344","piezoelectric_template.py",NULL,"team page"
"89345",NULL,"49","9895","13864","864","cpp","1775959380.330100000","1",NULL,NULL,"89345",NULL,NULL,"team page"
"89346",NULL,"49","9559","12859","872","py3","1775959380.396000000","1",NULL,NULL,"89346","P9.py",NULL,"team page"
"89347",NULL,"49","10051","14272","878","cpp","1775959380.526300000","1",NULL,NULL,"89347",NULL,NULL,"team page"
"89348",NULL,"49","9646","13120","868","cpp","1775959383.175100000","1",NULL,NULL,"89348",NULL,NULL,"team page"
"89349",NULL,"49","9514","12723","859","py3","1775959383.301900000","1",NULL,NULL,"89349","piezoelectric_template.py",NULL,"team page"
"89350",NULL,"49","9866","13777","860","py3","1775959383.531500000","1",NULL,NULL,"89350","nah_template.py",NULL,"team page"
"89351",NULL,"49","10062","14305","873","py3","1775959383.825600000","1",NULL,NULL,"89351","splitters2.py",NULL,"team page"
"89352",NULL,"49","9857","13751","872","pypy3","1775959384.505500000","1",NULL,NULL,"89352","TAN.py",NULL,"team page"
"89353",NULL,"49","9353","12240","866","cpp","1775959384.819800000","1",NULL,NULL,"89353",NULL,NULL,"team page"
"89354",NULL,"49","9794","13561","861","pypy3","1775959385.659600000","1",NULL,NULL,"89354","third.py",NULL,"team page"
"89355",NULL,"49","10035","14225","868","py3","1775959387.766600000","1",NULL,NULL,"89355","mycelium.py",NULL,"team page"
"89356",NULL,"49","9816","13628","869","pypy3","1775959387.941200000","1",NULL,NULL,"89356","mycelium_template.py",NULL,"team page"
"89357",NULL,"49","10016","14178","877","py3","1775959392.118800000","1",NULL,NULL,"89357","competewithAI.py",NULL,"team page"
"89358",NULL,"49","10059","14296","862","cpp","1775959392.227100000","1",NULL,NULL,"89358",NULL,NULL,"team page"
"89359",NULL,"49","9808","13605","859","pypy3","1775959392.646700000","1",NULL,NULL,"89359","first_prob.py",NULL,"team page"
"89360",NULL,"49","9889","13848","864","cpp","1775959393.509900000","1",NULL,NULL,"89360",NULL,NULL,"team page"
"89361",NULL,"49","9543","12812","865","cpp","1775959394.770700000","1",NULL,NULL,"89361",NULL,NULL,"team page"
"89362",NULL,"49","9525","12756","879","py3","1775959394.990700000","1",NULL,NULL,"89362","12.py",NULL,"team page"
"89363",NULL,"49","9816","13627","877","py3","1775959395.493400000","1",NULL,NULL,"89363","prob6.py",NULL,"team page"
"89364",NULL,"49","9886","13837","868","java","1775959398.240000000","1",NULL,NULL,"89364","problem8",NULL,"team page"
"89365",NULL,"49","9444","12513","864","cpp","1775959399.304900000","1",NULL,NULL,"89365",NULL,NULL,"team page"
"89366",NULL,"49","9509","12709","860","pypy3","1775959400.546400000","1",NULL,NULL,"89366","problem2.py",NULL,"team page"
"89367",NULL,"49","9544","12815","873","cpp","1775959401.745700000","1",NULL,NULL,"89367",NULL,NULL,"team page"
"89368",NULL,"49","9976","14057","865","cpp","1775959401.758700000","1",NULL,NULL,"89368",NULL,NULL,"team page"
"89369",NULL,"49","9919","13915","878","cpp","1775959401.978200000","1",NULL,NULL,"89369",NULL,NULL,"team page"
"89370",NULL,"49","9392","12357","873","cpp","1775959402.046800000","1",NULL,NULL,"89370",NULL,NULL,"team page"
"89371",NULL,"49","9611","13014","865","py3","1775959407.802400000","1",NULL,NULL,"89371","grid_template.py",NULL,"team page"
"89372",NULL,"49","9933","13957","865","cpp","1775959408.699000000","1",NULL,NULL,"89372",NULL,NULL,"team page"
"89373",NULL,"49","9639","13100","877","py3","1775959408.707800000","1",NULL,NULL,"89373","berkeley11.py",NULL,"team page"
"89374",NULL,"49","9975","14055","879","py3","1775959409.821400000","1",NULL,NULL,"89374","pleasework.py",NULL,"team page"
"89375",NULL,"49","9201","11784","879","py3","1775959410.819800000","1",NULL,NULL,"89375","problem_12t.py",NULL,"team page"
"89376",NULL,"49","9889","13848","865","cpp","1775959412.468100000","1",NULL,NULL,"89376",NULL,NULL,"team page"
"89377",NULL,"49","9694","13265","865","cpp","1775959413.676700000","1",NULL,NULL,"89377",NULL,NULL,"team page"
"89378",NULL,"49","9941","13981","866","py3","1775959416.917100000","1",NULL,NULL,"89378","shadows_template.py",NULL,"team page"
"89379",NULL,"49","9589","12950","865","cpp","1775959418.547800000","1",NULL,NULL,"89379",NULL,NULL,"team page"
"89380",NULL,"49","9508","12705","870","cpp","1775959419.133200000","1",NULL,NULL,"89380",NULL,NULL,"team page"
"89381",NULL,"49","9892","13857","860","pypy3","1775959420.726100000","1",NULL,NULL,"89381","nah_template.py",NULL,"team page"
"89382",NULL,"49","9818","13635","866","cpp","1775959420.731400000","1",NULL,NULL,"89382",NULL,NULL,"team page"
"89383",NULL,"49","9630","13071","872","cpp","1775959421.082000000","1",NULL,NULL,"89383",NULL,NULL,"team page"
"89384",NULL,"49","9385","12337","867","pypy3","1775959422.053600000","1",NULL,NULL,"89384","cross_main.py",NULL,"team page"
"89385",NULL,"49","9729","13368","867","py3","1775959423.628600000","1",NULL,NULL,"89385","solcr.py",NULL,"team page"
"89386",NULL,"49","9537","12792","873","cpp","1775959423.894500000","1",NULL,NULL,"89386",NULL,NULL,"team page"
"89387",NULL,"49","9868","13783","864","py3","1775959425.705700000","1",NULL,NULL,"89387","grid.py",NULL,"team page"
"89388",NULL,"49","9561","12864","861","py3","1775959427.811500000","1",NULL,NULL,"89388","files.py",NULL,"team page"
"89389",NULL,"49","9366","12280","873","py3","1775959429.169900000","1",NULL,NULL,"89389","test.py",NULL,"team page"
"89390",NULL,"49","9886","13837","873","java","1775959430.410100000","1",NULL,NULL,"89390","problem8",NULL,"team page"
"89391",NULL,"49","9340","12202","865","cpp","1775959430.505200000","1",NULL,NULL,"89391",NULL,NULL,"team page"
"89392",NULL,"49","9688","13246","867","py3","1775959430.545800000","1",NULL,NULL,"89392","7.py",NULL,"team page"
"89393",NULL,"49","9244","11913","859","py3","1775959431.909700000","1",NULL,NULL,"89393","Prob1.py",NULL,"team page"
"89394",NULL,"49","10050","14269","868","pypy3","1775959431.968400000","1",NULL,NULL,"89394","mycelium_main.py",NULL,"team page"
"89395",NULL,"49","9229","11869","865","cpp","1775959432.468900000","1",NULL,NULL,"89395",NULL,NULL,"team page"
"89396",NULL,"49","9697","13272","873","pypy3","1775959434.531700000","1",NULL,NULL,"89396","problem2.py",NULL,"team page"
"89397",NULL,"49","9749","13428","862","cpp","1775959435.131000000","1",NULL,NULL,"89397",NULL,NULL,"team page"
"89398",NULL,"49","9948","14001","869","cpp","1775959435.710300000","1",NULL,NULL,"89398",NULL,NULL,"team page"
"89399",NULL,"49","9308","12106","863","cpp","1775959436.069200000","1",NULL,NULL,"89399",NULL,NULL,"team page"
"89400",NULL,"49","10037","14230","860","py3","1775959436.317700000","1",NULL,NULL,"89400","nah.py",NULL,"team page"
"89401",NULL,"49","9899","13876","869","java","1775959436.697200000","1",NULL,NULL,"89401","Main",NULL,"team page"
"89402",NULL,"49","9544","12814","865","cpp","1775959437.005600000","1",NULL,NULL,"89402",NULL,NULL,"team page"
"89403",NULL,"49","9525","12756","880","py3","1775959437.574100000","1",NULL,NULL,"89403","12.py",NULL,"team page"
"89404",NULL,"49","9899","13876","869","java","1775959437.685300000","1",NULL,NULL,"89404","Main",NULL,"team page"
"89405",NULL,"49","9919","13914","873","cpp","1775959437.885400000","1",NULL,NULL,"89405",NULL,NULL,"team page"
"89406",NULL,"49","9389","12348","880","py3","1775959438.066300000","1",NULL,NULL,"89406","multiplication.py",NULL,"team page"
"89407",NULL,"49","9258","11955","863","cpp","1775959438.766500000","1",NULL,NULL,"89407",NULL,NULL,"team page"
"89408",NULL,"49","9899","13876","869","java","1775959438.879400000","1",NULL,NULL,"89408","Main",NULL,"team page"
"89409",NULL,"49","9899","13876","869","java","1775959440.663700000","1",NULL,NULL,"89409","Main",NULL,"team page"
"89410",NULL,"49","9322","12147","879","cpp","1775959441.997800000","1",NULL,NULL,"89410",NULL,NULL,"team page"
"89411",NULL,"49","9558","12856","869","cpp","1775959442.685400000","1",NULL,NULL,"89411",NULL,NULL,"team page"
"89412",NULL,"49","9680","13223","877","cpp","1775959445.578000000","1",NULL,NULL,"89412",NULL,NULL,"team page"
"89413",NULL,"49","9895","13864","864","cpp","1775959446.747300000","1",NULL,NULL,"89413",NULL,NULL,"team page"
"89414",NULL,"49","9693","13261","877","cpp","1775959446.774300000","1",NULL,NULL,"89414",NULL,NULL,"team page"
"89415",NULL,"49","9857","13750","868","py3","1775959448.626400000","1",NULL,NULL,"89415","8.py",NULL,"team page"
"89416",NULL,"49","9666","13180","873","cpp","1775959449.158800000","1",NULL,NULL,"89416",NULL,NULL,"team page"
"89417",NULL,"49","10007","14151","873","py3","1775959451.611000000","1",NULL,NULL,"89417","q6.py",NULL,"team page"
"89418",NULL,"49","9744","13413","864","cpp","1775959454.821800000","1",NULL,NULL,"89418",NULL,NULL,"team page"
"89419",NULL,"49","9418","12435","867","pypy3","1775959456.357900000","1",NULL,NULL,"89419","cross_template.py",NULL,"team page"
"89420",NULL,"49","9217","11832","866","cpp","1775959456.967500000","1",NULL,NULL,"89420",NULL,NULL,"team page"
"89421",NULL,"49","10015","14174","879","cpp","1775959457.992800000","1",NULL,NULL,"89421",NULL,NULL,"team page"
"89422",NULL,"49","9361","12264","878","py3","1775959458.896400000","1",NULL,NULL,"89422","lecture_template.py",NULL,"team page"
"89423",NULL,"49","9850","13729","873","py3","1775959458.919800000","1",NULL,NULL,"89423","splitters2_template.py",NULL,"team page"
"89424",NULL,"49","9263","11971","873","cpp","1775959460.377400000","1",NULL,NULL,"89424",NULL,NULL,"team page"
"89425",NULL,"49","9797","13570","862","pypy3","1775959462.915200000","1",NULL,NULL,"89425","laser_template.py",NULL,"team page"
"89426",NULL,"49","9359","12259","863","pypy3","1775959467.751500000","1",NULL,NULL,"89426","solution4.py",NULL,"team page"
"89427",NULL,"49","9367","12283","872","cpp","1775959468.884300000","1",NULL,NULL,"89427",NULL,NULL,"team page"
"89428",NULL,"49","10042","14246","873","cpp","1775959469.829100000","1",NULL,NULL,"89428",NULL,NULL,"team page"
"89429",NULL,"49","9917","13908","866","cpp","1775959470.946100000","1",NULL,NULL,"89429",NULL,NULL,"team page"
"89430",NULL,"49","9818","13633","872","cpp","1775959471.217800000","1",NULL,NULL,"89430",NULL,NULL,"team page"
"89431",NULL,"49","9464","12573","862","cpp","1775959471.518800000","1",NULL,NULL,"89431",NULL,NULL,"team page"
"89432",NULL,"49","9408","12406","865","cpp","1775959471.778000000","1",NULL,NULL,"89432",NULL,NULL,"team page"
"89433",NULL,"49","9466","12579","864","cpp","1775959472.887900000","1",NULL,NULL,"89433",NULL,NULL,"team page"
"89434",NULL,"49","9589","12950","865","cpp","1775959473.532700000","1",NULL,NULL,"89434",NULL,NULL,"team page"
"89435",NULL,"49","10095","14387","879","py3","1775959474.154100000","1",NULL,NULL,"89435","multiplication_easy_template.py",NULL,"team page"
"89436",NULL,"49","9988","14093","863","cpp","1775959475.051300000","1",NULL,NULL,"89436",NULL,NULL,"team page"
"89437",NULL,"49","9314","12125","870","cpp","1775959476.815800000","1",NULL,NULL,"89437",NULL,NULL,"team page"
"89438",NULL,"49","9296","12069","879","cpp","1775959477.958400000","1",NULL,NULL,"89438",NULL,NULL,"team page"
"89439",NULL,"49","9509","12709","861","pypy3","1775959481.439700000","1",NULL,NULL,"89439","problem3.py",NULL,"team page"
"89440",NULL,"49","10064","14311","877","py3","1775959481.840600000","1",NULL,NULL,"89440","lecture_template.py",NULL,"team page"
"89441",NULL,"49","9900","13880","862","py3","1775959482.215500000","1",NULL,NULL,"89441","laser_template.py",NULL,"team page"
"89442",NULL,"49","9794","13561","861","pypy3","1775959484.910800000","1",NULL,NULL,"89442","3rd.py",NULL,"team page"
"89443",NULL,"49","9917","13909","868","py3","1775959486.493300000","1",NULL,NULL,"89443","8.py",NULL,"team page"
"89444",NULL,"49","9657","13154","878","cpp","1775959486.848600000","1",NULL,NULL,"89444",NULL,NULL,"team page"
"89445",NULL,"49","9523","12750","872","py3","1775959486.851400000","1",NULL,NULL,"89445","9.py",NULL,"team page"
"89446",NULL,"49","9700","13282","869","cpp","1775959486.968700000","1",NULL,NULL,"89446",NULL,NULL,"team page"
"89447",NULL,"49","9869","13787","867","py3","1775959487.110400000","1",NULL,NULL,"89447","cross_template.py",NULL,"team page"
"89448",NULL,"49","9378","12315","866","py3","1775959489.444200000","1",NULL,NULL,"89448","shadows_template.py",NULL,"team page"
"89449",NULL,"49","10005","14144","867","cpp","1775959489.829600000","1",NULL,NULL,"89449",NULL,NULL,"team page"
"89450",NULL,"49","9778","13515","867","py3","1775959493.019200000","1",NULL,NULL,"89450","cross_template.py",NULL,"team page"
"89451",NULL,"49","9853","13738","866","py3","1775959493.114900000","1",NULL,NULL,"89451","shadows_main.py",NULL,"team page"
"89452",NULL,"49","9229","11868","868","cpp","1775959494.025100000","1",NULL,NULL,"89452",NULL,NULL,"team page"
"89453",NULL,"49","9544","12814","865","cpp","1775959497.001100000","1",NULL,NULL,"89453",NULL,NULL,"team page"
"89454",NULL,"49","9816","13627","877","py3","1775959497.674200000","1",NULL,NULL,"89454","prob6.py",NULL,"team page"
"89455",NULL,"49","9992","14105","862","cpp","1775959498.906500000","1",NULL,NULL,"89455",NULL,NULL,"team page"
"89456",NULL,"49","9596","12969","861","py3","1775959499.104700000","1",NULL,NULL,"89456","Main.py",NULL,"team page"
"89457",NULL,"49","9743","13411","866","py3","1775959500.220300000","1",NULL,NULL,"89457","p6.py",NULL,"team page"
"89458",NULL,"49","9937","13970","877","cpp","1775959500.273300000","1",NULL,NULL,"89458",NULL,NULL,"team page"
"89459",NULL,"49","9430","12471","872","cpp","1775959500.767500000","1",NULL,NULL,"89459",NULL,NULL,"team page"
"89460",NULL,"49","9921","13920","866","cpp","1775959500.969900000","1",NULL,NULL,"89460",NULL,NULL,"team page"
"89461",NULL,"49","9603","12991","865","java","1775959504.978800000","1",NULL,NULL,"89461",NULL,NULL,"team page"
"89462",NULL,"49","9631","13074","867","cpp","1775959506.433900000","1",NULL,NULL,"89462",NULL,NULL,"team page"
"89463",NULL,"49","9657","13153","873","cpp","1775959506.554700000","1",NULL,NULL,"89463",NULL,NULL,"team page"
"89464",NULL,"49","9710","13312","873","cpp","1775959507.772800000","1",NULL,NULL,"89464",NULL,NULL,"team page"
"89465",NULL,"49","9362","12267","868","cpp","1775959509.299300000","1",NULL,NULL,"89465",NULL,NULL,"team page"
"89466",NULL,"49","10051","14273","870","cpp","1775959511.278600000","1",NULL,NULL,"89466",NULL,NULL,"team page"
"89467",NULL,"49","9680","13223","877","cpp","1775959511.928800000","1",NULL,NULL,"89467",NULL,NULL,"team page"
"89468",NULL,"49","10051","14273","870","cpp","1775959512.019000000","1",NULL,NULL,"89468",NULL,NULL,"team page"
"89469",NULL,"49","9486","12639","877","cpp","1775959512.552700000","1",NULL,NULL,"89469",NULL,NULL,"team page"
"89470",NULL,"49","9601","12985","865","cpp","1775959513.519900000","1",NULL,NULL,"89470",NULL,NULL,"team page"
"89471",NULL,"49","9385","12337","868","pypy3","1775959513.759600000","1",NULL,NULL,"89471","mycelium_main.py",NULL,"team page"
"89472",NULL,"49","9562","12869","873","cpp","1775959516.776200000","1",NULL,NULL,"89472",NULL,NULL,"team page"
"89473",NULL,"49","9455","12547","862","py3","1775959517.504800000","1",NULL,NULL,"89473","laser_template.py",NULL,"team page"
"89474",NULL,"49","9558","12856","869","cpp","1775959518.917900000","1",NULL,NULL,"89474",NULL,NULL,"team page"
"89475",NULL,"49","9806","13598","879","cpp","1775959519.071000000","1",NULL,NULL,"89475",NULL,NULL,"team page"
"89476",NULL,"49","9649","13128","870","cpp","1775959519.468000000","1",NULL,NULL,"89476",NULL,NULL,"team page"
"89477",NULL,"49","9639","13100","873","py3","1775959521.825400000","1",NULL,NULL,"89477","berkeley10.py",NULL,"team page"
"89478",NULL,"49","9925","13932","873","cpp","1775959523.924300000","1",NULL,NULL,"89478",NULL,NULL,"team page"
"89479",NULL,"49","9240","11901","880","cpp","1775959524.170400000","1",NULL,NULL,"89479",NULL,NULL,"team page"
"89480",NULL,"49","9614","13025","872","pypy3","1775959524.371200000","1",NULL,NULL,"89480","main.py",NULL,"team page"
"89481",NULL,"49","9250","11932","862","cpp","1775959526.749900000","1",NULL,NULL,"89481",NULL,NULL,"team page"
"89482",NULL,"49","9792","13555","866","cpp","1775959528.262700000","1",NULL,NULL,"89482",NULL,NULL,"team page"
"89483",NULL,"49","9941","13980","864","py3","1775959528.381300000","1",NULL,NULL,"89483","calico_p5.py",NULL,"team page"
"89484",NULL,"49","9786","13539","869","py3","1775959528.385300000","1",NULL,NULL,"89484","mycelium_mine.py",NULL,"team page"
"89485",NULL,"49","9408","12407","877","cpp","1775959528.563700000","1",NULL,NULL,"89485",NULL,NULL,"team page"
"89486",NULL,"49","9898","13874","860","py3","1775959531.566600000","1",NULL,NULL,"89486","CALICOCodeQ2.py",NULL,"team page"
"89487",NULL,"49","9322","12147","879","cpp","1775959531.812300000","1",NULL,NULL,"89487",NULL,NULL,"team page"
"89488",NULL,"49","9543","12812","865","cpp","1775959532.494700000","1",NULL,NULL,"89488",NULL,NULL,"team page"
"89489",NULL,"49","10016","14179","868","pypy3","1775959533.065100000","1",NULL,NULL,"89489","Q8.py",NULL,"team page"
"89490",NULL,"49","9389","12348","878","py3","1775959534.493200000","1",NULL,NULL,"89490","11b1.py",NULL,"team page"
"89491",NULL,"49","10058","14293","869","py3","1775959537.455200000","1",NULL,NULL,"89491","my2.py",NULL,"team page"
"89492",NULL,"49","9614","13023","865","pypy3","1775959538.331900000","1",NULL,NULL,"89492","main.py",NULL,"team page"
"89493",NULL,"49","9544","12815","873","cpp","1775959539.465800000","1",NULL,NULL,"89493",NULL,NULL,"team page"
"89494",NULL,"49","9589","12949","865","cpp","1775959540.011500000","1",NULL,NULL,"89494",NULL,NULL,"team page"
"89495",NULL,"49","9417","12432","872","cpp","1775959540.081400000","1",NULL,NULL,"89495",NULL,NULL,"team page"
"89496",NULL,"49","9729","13369","872","py3","1775959543.109300000","1",NULL,NULL,"89496","main.py",NULL,"team page"
"89497",NULL,"49","9717","13333","879","cpp","1775959545.003000000","1",NULL,NULL,"89497",NULL,NULL,"team page"
"89498",NULL,"49","9258","11955","863","cpp","1775959545.187100000","1",NULL,NULL,"89498",NULL,NULL,"team page"
"89499",NULL,"49","9803","13590","880","pypy3","1775959546.448800000","1",NULL,NULL,"89499","problem12t2.py",NULL,"team page"
"89500",NULL,"49","9996","14117","867","java","1775959548.048000000","1",NULL,NULL,"89500","cross_template",NULL,"team page"
"89501",NULL,"49","9930","13947","872","cpp","1775959548.532500000","1",NULL,NULL,"89501",NULL,NULL,"team page"
"89502",NULL,"49","9746","13419","880","cpp","1775959549.437700000","1",NULL,NULL,"89502",NULL,NULL,"team page"
"89503",NULL,"49","9250","11932","863","cpp","1775959549.437700000","1",NULL,NULL,"89503",NULL,NULL,"team page"
"89504",NULL,"49","9900","13880","862","py3","1775959549.919200000","1",NULL,NULL,"89504","laser_template.py",NULL,"team page"
"89505",NULL,"49","9367","12284","862","cpp","1775959554.021600000","1",NULL,NULL,"89505",NULL,NULL,"team page"
"89506",NULL,"49","9943","13988","867","cpp","1775959555.304600000","1",NULL,NULL,"89506",NULL,NULL,"team page"
"89507",NULL,"49","9737","13394","869","py3","1775959555.500000000","1",NULL,NULL,"89507","mycelium_main.py",NULL,"team page"
"89508",NULL,"49","9933","13957","865","cpp","1775959555.656700000","1",NULL,NULL,"89508",NULL,NULL,"team page"
"89509",NULL,"49","9797","13570","863","pypy3","1775959556.001500000","1",NULL,NULL,"89509","laser_template.py",NULL,"team page"
"89510",NULL,"49","9561","12864","861","py3","1775959556.561000000","1",NULL,NULL,"89510","files.py",NULL,"team page"
"89511",NULL,"49","9902","13885","877","py3","1775959558.937500000","1",NULL,NULL,"89511","11.py",NULL,"team page"
"89512",NULL,"49","9868","13783","865","py3","1775959559.226900000","1",NULL,NULL,"89512","grid_bonus.py",NULL,"team page"
"89513",NULL,"49","9923","13928","865","py3","1775959559.631700000","1",NULL,NULL,"89513","p5b.py",NULL,"team page"
"89514",NULL,"49","10014","14173","864","cpp","1775959560.036600000","1",NULL,NULL,"89514",NULL,NULL,"team page"
"89515",NULL,"49","9516","12729","877","cpp","1775959560.096600000","1",NULL,NULL,"89515",NULL,NULL,"team page"
"89516",NULL,"49","9657","13153","873","cpp","1775959560.119500000","1",NULL,NULL,"89516",NULL,NULL,"team page"
"89517",NULL,"49","9644","13114","866","cpp","1775959560.828700000","1",NULL,NULL,"89517",NULL,NULL,"team page"
"89518",NULL,"49","9718","13335","873","py3","1775959561.852100000","1",NULL,NULL,"89518","problem10.py",NULL,"team page"
"89519",NULL,"49","9551","12834","864","java","1775959564.651700000","1",NULL,NULL,"89519","Solution2",NULL,"team page"
"89520",NULL,"49","9729","13368","867","py3","1775959564.694200000","1",NULL,NULL,"89520","finalsol.py",NULL,"team page"
"89521",NULL,"49","9776","13509","862","cpp","1775959566.124500000","1",NULL,NULL,"89521",NULL,NULL,"team page"
"89522",NULL,"49","9777","13514","867","cpp","1775959566.675800000","1",NULL,NULL,"89522",NULL,NULL,"team page"
"89523",NULL,"49","10035","14224","865","cpp","1775959567.397400000","1",NULL,NULL,"89523",NULL,NULL,"team page"
"89524",NULL,"49","9458","12556","864","cpp","1775959567.510300000","1",NULL,NULL,"89524",NULL,NULL,"team page"
"89525",NULL,"49","9937","13969","877","cpp","1775959567.979500000","1",NULL,NULL,"89525",NULL,NULL,"team page"
"89526",NULL,"49","9444","12513","865","cpp","1775959569.796200000","1",NULL,NULL,"89526",NULL,NULL,"team page"
"89527",NULL,"49","9258","11955","863","cpp","1775959570.655900000","1",NULL,NULL,"89527",NULL,NULL,"team page"
"89528",NULL,"49","9558","12856","869","cpp","1775959575.117000000","1",NULL,NULL,"89528",NULL,NULL,"team page"
"89529",NULL,"49","9589","12949","865","cpp","1775959575.586300000","1",NULL,NULL,"89529",NULL,NULL,"team page"
"89530",NULL,"49","9803","13588","877","py3","1775959579.499400000","1",NULL,NULL,"89530","lecture_template.py",NULL,"team page"
"89531",NULL,"49","9746","13419","881","cpp","1775959580.364800000","1",NULL,NULL,"89531",NULL,NULL,"team page"
"89532",NULL,"49","9486","12639","878","cpp","1775959580.727200000","1",NULL,NULL,"89532",NULL,NULL,"team page"
"89533",NULL,"49","9369","12290","873","cpp","1775959582.117500000","1",NULL,NULL,"89533",NULL,NULL,"team page"
"89534",NULL,"49","9700","13282","870","cpp","1775959583.940000000","1",NULL,NULL,"89534",NULL,NULL,"team page"
"89535",NULL,"49","9675","13207","867","java","1775959584.169600000","1",NULL,NULL,"89535","Solution",NULL,"team page"
"89536",NULL,"49","9992","14105","862","cpp","1775959584.611600000","1",NULL,NULL,"89536",NULL,NULL,"team page"
"89537",NULL,"49","9748","13425","864","py3","1775959585.207200000","1",NULL,NULL,"89537","5.py",NULL,"team page"
"89538",NULL,"49","9726","13360","877","py3","1775959587.752600000","1",NULL,NULL,"89538","lecture.py",NULL,"team page"
"89539",NULL,"49","9376","12310","870","cpp","1775959588.285400000","1",NULL,NULL,"89539",NULL,NULL,"team page"
"89540",NULL,"49","9566","12881","872","cpp","1775959589.167400000","1",NULL,NULL,"89540",NULL,NULL,"team page"
"89541",NULL,"49","9516","12729","878","cpp","1775959590.553900000","1",NULL,NULL,"89541",NULL,NULL,"team page"
"89542",NULL,"49","9302","12089","872","py3","1775959591.350100000","1",NULL,NULL,"89542","splitters_template.py",NULL,"team page"
"89543",NULL,"49","9362","12267","869","cpp","1775959593.639100000","1",NULL,NULL,"89543",NULL,NULL,"team page"
"89544",NULL,"49","9466","12579","864","cpp","1775959595.198900000","1",NULL,NULL,"89544",NULL,NULL,"team page"
"89545",NULL,"49","9201","11784","868","py3","1775959596.258800000","1",NULL,NULL,"89545","problem_8.py",NULL,"team page"
"89546",NULL,"49","9544","12813","869","cpp","1775959596.332500000","1",NULL,NULL,"89546",NULL,NULL,"team page"
"89547",NULL,"49","9818","13635","866","cpp","1775959597.344800000","1",NULL,NULL,"89547",NULL,NULL,"team page"
"89548",NULL,"49","9562","12868","863","cpp","1775959598.436300000","1",NULL,NULL,"89548",NULL,NULL,"team page"
"89549",NULL,"49","9380","12321","859","java","1775959598.481200000","1",NULL,NULL,"89549","Main1",NULL,"team page"
"89550",NULL,"49","9314","12125","870","cpp","1775959599.542900000","1",NULL,NULL,"89550",NULL,NULL,"team page"
"89551",NULL,"49","10096","14391","877","cpp","1775959599.867700000","1",NULL,NULL,"89551",NULL,NULL,"team page"
"89552",NULL,"49","9258","11955","863","cpp","1775959601.714600000","1",NULL,NULL,"89552",NULL,NULL,"team page"
"89553",NULL,"49","9680","13221","869","cpp","1775959601.896100000","1",NULL,NULL,"89553",NULL,NULL,"team page"
"89554",NULL,"49","9558","12856","870","cpp","1775959601.953900000","1",NULL,NULL,"89554",NULL,NULL,"team page"
"89555",NULL,"49","9579","12919","864","py3","1775959602.076900000","1",NULL,NULL,"89555","grid_template.py",NULL,"team page"
"89556",NULL,"49","9736","13391","863","py3","1775959603.349900000","1",NULL,NULL,"89556","4.py",NULL,"team page"
"89557",NULL,"49","9394","12363","862","py3","1775959603.354900000","1",NULL,NULL,"89557","String_comparison.py",NULL,"team page"
"89558",NULL,"49","9718","13335","873","py3","1775959603.680400000","1",NULL,NULL,"89558","problem10.py",NULL,"team page"
"89559",NULL,"49","9308","12105","873","pypy3","1775959604.585800000","1",NULL,NULL,"89559","main.py",NULL,"team page"
"89560",NULL,"49","9502","12687","878","java","1775959605.167800000","1",NULL,NULL,"89560","q11",NULL,"team page"
"89561",NULL,"49","10064","14311","878","py3","1775959606.543500000","1",NULL,NULL,"89561","lecture_template.py",NULL,"team page"
"89562",NULL,"49","10004","14141","877","pypy3","1775959608.611000000","1",NULL,NULL,"89562","t412a.py",NULL,"team page"
"89563",NULL,"49","9646","13120","868","cpp","1775959608.773600000","1",NULL,NULL,"89563",NULL,NULL,"team page"
"89564",NULL,"49","9380","12321","860","java","1775959609.274900000","1",NULL,NULL,"89564","Main2",NULL,"team page"
"89565",NULL,"49","9240","11901","880","cpp","1775959611.087400000","1",NULL,NULL,"89565",NULL,NULL,"team page"
"89566",NULL,"49","9737","13394","870","py3","1775959611.353500000","1",NULL,NULL,"89566","mycelium_main.py",NULL,"team page"
"89567",NULL,"49","9877","13812","879","cpp","1775959612.812700000","1",NULL,NULL,"89567",NULL,NULL,"team page"
"89568",NULL,"49","9296","12070","878","cpp","1775959612.995100000","1",NULL,NULL,"89568",NULL,NULL,"team page"
"89569",NULL,"49","9657","13152","869","cpp","1775959613.512700000","1",NULL,NULL,"89569",NULL,NULL,"team page"
"89570",NULL,"49","10007","14151","878","py3","1775959614.112900000","1",NULL,NULL,"89570","q6.py",NULL,"team page"
"89571",NULL,"49","9562","12867","869","cpp","1775959614.718600000","1",NULL,NULL,"89571",NULL,NULL,"team page"
"89572",NULL,"49","9927","13938","860","py3","1775959614.793800000","1",NULL,NULL,"89572","CALICO_SP26.py",NULL,"team page"
"89573",NULL,"49","9544","12815","873","cpp","1775959614.879600000","1",NULL,NULL,"89573",NULL,NULL,"team page"
"89574",NULL,"49","9886","13837","873","java","1775959616.036500000","1",NULL,NULL,"89574","problem8",NULL,"team page"
"89575",NULL,"49","9806","13598","879","cpp","1775959617.430900000","1",NULL,NULL,"89575",NULL,NULL,"team page"
"89576",NULL,"49","9949","14004","861","py3","1775959617.629300000","1",NULL,NULL,"89576","p3FULL.py",NULL,"team page"
"89577",NULL,"49","9778","13515","867","py3","1775959617.917000000","1",NULL,NULL,"89577","cross_template.py",NULL,"team page"
"89578",NULL,"49","9941","13980","864","py3","1775959620.153400000","1",NULL,NULL,"89578","calico_p5.py",NULL,"team page"
"89579",NULL,"49","9601","12985","865","cpp","1775959620.726800000","1",NULL,NULL,"89579",NULL,NULL,"team page"
"89580",NULL,"49","9680","13223","877","cpp","1775959620.868900000","1",NULL,NULL,"89580",NULL,NULL,"team page"
"89581",NULL,"49","9380","12321","861","java","1775959621.633800000","1",NULL,NULL,"89581","Main3",NULL,"team page"
"89582",NULL,"49","9806","13597","869","cpp","1775959624.004700000","1",NULL,NULL,"89582",NULL,NULL,"team page"
"89583",NULL,"49","9301","12084","868","cpp","1775959625.319100000","1",NULL,NULL,"89583",NULL,NULL,"team page"
"89584",NULL,"49","9747","13422","859","pypy3","1775959625.704200000","1",NULL,NULL,"89584","test.py",NULL,"team page"
"89585",NULL,"49","9362","12267","870","cpp","1775959625.787000000","1",NULL,NULL,"89585",NULL,NULL,"team page"
"89586",NULL,"49","10057","14290","877","pypy3","1775959625.859200000","1",NULL,NULL,"89586","eleven.py",NULL,"team page"
"89587",NULL,"49","9923","13926","865","py3","1775959628.823200000","1",NULL,NULL,"89587","p5b.py",NULL,"team page"
"89588",NULL,"49","9548","12825","860","cpp","1775959629.191300000","1",NULL,NULL,"89588",NULL,NULL,"team page"
"89589",NULL,"49","9876","13808","872","java","1775959630.017600000","1",NULL,NULL,"89589","Tang",NULL,"team page"
"89590",NULL,"49","9657","13153","873","cpp","1775959630.241500000","1",NULL,NULL,"89590",NULL,NULL,"team page"
"89591",NULL,"49","9201","11784","879","py3","1775959630.470200000","1",NULL,NULL,"89591","problem_12t.py",NULL,"team page"
"89592",NULL,"49","9356","12250","860","py3","1775959630.546900000","1",NULL,NULL,"89592","nah_template.py",NULL,"team page"
"89593",NULL,"49","9380","12321","862","java","1775959637.401700000","1",NULL,NULL,"89593","Main4",NULL,"team page"
"89594",NULL,"49","9688","13245","866","pypy3","1775959637.774700000","1",NULL,NULL,"89594","q6.py",NULL,"team page"
"89595",NULL,"49","9462","12567","872","java","1775959638.305300000","1",NULL,NULL,"89595","Solution",NULL,"team page"
"89596",NULL,"49","9543","12810","870","cpp","1775959638.346100000","1",NULL,NULL,"89596",NULL,NULL,"team page"
"89597",NULL,"49","9587","12943","862","cpp","1775959638.751300000","1",NULL,NULL,"89597",NULL,NULL,"team page"
"89598",NULL,"49","9328","12167","863","cpp","1775959639.440400000","1",NULL,NULL,"89598",NULL,NULL,"team page"
"89599",NULL,"49","9610","13011","866","pypy3","1775959639.927600000","1",NULL,NULL,"89599","shadows_problem.py",NULL,"team page"
"89600",NULL,"49","10007","14151","878","py3","1775959640.553200000","1",NULL,NULL,"89600","q6.py",NULL,"team page"
"89601",NULL,"49","9362","12267","871","cpp","1775959640.848900000","1",NULL,NULL,"89601",NULL,NULL,"team page"
"89602",NULL,"49","9356","12249","861","py3","1775959640.874300000","1",NULL,NULL,"89602","files_template.py",NULL,"team page"
"89603",NULL,"49","9899","13876","869","java","1775959642.485600000","1",NULL,NULL,"89603","Main",NULL,"team page"
"89604",NULL,"49","9417","12432","872","cpp","1775959642.873000000","1",NULL,NULL,"89604",NULL,NULL,"team page"
"89605",NULL,"49","9899","13876","869","java","1775959643.075100000","1",NULL,NULL,"89605","Main",NULL,"team page"
"89606",NULL,"49","9856","13747","869","py3","1775959643.569600000","1",NULL,NULL,"89606","mycelium_template.py",NULL,"team page"
"89607",NULL,"49","9899","13876","869","java","1775959644.515800000","1",NULL,NULL,"89607","Main",NULL,"team page"
"89608",NULL,"49","10051","14272","870","py3","1775959645.192300000","1",NULL,NULL,"89608","mycelium_template.py",NULL,"team page"
"89609",NULL,"49","9873","13800","865","py3","1775959645.639800000","1",NULL,NULL,"89609","grid_template.py",NULL,"team page"
"89610",NULL,"49","9899","13876","869","java","1775959646.126900000","1",NULL,NULL,"89610","Main",NULL,"team page"
"89611",NULL,"49","9710","13312","873","cpp","1775959647.063000000","1",NULL,NULL,"89611",NULL,NULL,"team page"
"89612",NULL,"49","9735","13387","868","cpp","1775959647.377900000","1",NULL,NULL,"89612",NULL,NULL,"team page"
"89613",NULL,"49","9897","13872","868","py3","1775959647.672100000","1",NULL,NULL,"89613","MyCeliumPrettyEasy.py",NULL,"team page"
"89614",NULL,"49","9558","12856","870","cpp","1775959648.582900000","1",NULL,NULL,"89614",NULL,NULL,"team page"
"89615",NULL,"49","9380","12321","863","java","1775959649.221000000","1",NULL,NULL,"89615","Main4",NULL,"team page"
"89616",NULL,"49","9603","12991","865","java","1775959649.680000000","1",NULL,NULL,"89616","Solution",NULL,"team page"
"89617",NULL,"49","9543","12810","870","cpp","1775959649.869900000","1",NULL,NULL,"89617",NULL,NULL,"team page"
"89618",NULL,"49","9233","11880","866","py3","1775959651.743700000","1",NULL,NULL,"89618","sol.py",NULL,"team page"
"89619",NULL,"49","9393","12361","877","py3","1775959651.871300000","1",NULL,NULL,"89619","lecture_template.py",NULL,"team page"
"89620",NULL,"49","9814","13622","864","pypy3","1775959652.566800000","1",NULL,NULL,"89620","sol5.py",NULL,"team page"
"89621",NULL,"49","10098","14395","870","cpp","1775959653.539700000","1",NULL,NULL,"89621",NULL,NULL,"team page"
"89622",NULL,"49","9544","12815","873","cpp","1775959654.436400000","1",NULL,NULL,"89622",NULL,NULL,"team page"
"89623",NULL,"49","9543","12810","870","cpp","1775959655.225600000","1",NULL,NULL,"89623",NULL,NULL,"team page"
"89624",NULL,"49","9508","12705","860","cpp","1775959655.417800000","1",NULL,NULL,"89624",NULL,NULL,"team page"
"89625",NULL,"49","9357","12254","862","py3","1775959658.630000000","1",NULL,NULL,"89625","problem4.py",NULL,"team page"
"89626",NULL,"49","9292","12057","864","py3","1775959658.658700000","1",NULL,NULL,"89626","prob5.py",NULL,"team page"
"89627",NULL,"49","9543","12810","870","cpp","1775959659.352200000","1",NULL,NULL,"89627",NULL,NULL,"team page"
"89628",NULL,"49","9992","14105","863","cpp","1775959660.236200000","1",NULL,NULL,"89628",NULL,NULL,"team page"
"89629",NULL,"49","9296","12070","878","cpp","1775959660.407700000","1",NULL,NULL,"89629",NULL,NULL,"team page"
"89630",NULL,"49","9657","13152","869","cpp","1775959660.815700000","1",NULL,NULL,"89630",NULL,NULL,"team page"
"89631",NULL,"49","9242","11907","862","cpp","1775959661.342200000","1",NULL,NULL,"89631",NULL,NULL,"team page"
"89632",NULL,"49","9925","13933","878","py3","1775959661.614200000","1",NULL,NULL,"89632","example9.py",NULL,"team page"
"89633",NULL,"49","10035","14224","865","cpp","1775959661.803900000","1",NULL,NULL,"89633",NULL,NULL,"team page"
"89634",NULL,"49","9270","11991","873","cpp","1775959662.476600000","1",NULL,NULL,"89634",NULL,NULL,"team page"
"89635",NULL,"49","9516","12731","877","cpp","1775959663.310500000","1",NULL,NULL,"89635",NULL,NULL,"team page"
"89636",NULL,"49","9516","12731","877","cpp","1775959663.519100000","1",NULL,NULL,"89636",NULL,NULL,"team page"
"89637",NULL,"49","9294","12064","873","pypy3","1775959663.553200000","1",NULL,NULL,"89637","problem10.py",NULL,"team page"
"89638",NULL,"49","9380","12321","864","java","1775959664.574000000","1",NULL,NULL,"89638","Main5",NULL,"team page"
"89639",NULL,"49","9894","13861","864","cpp","1775959666.411000000","1",NULL,NULL,"89639",NULL,NULL,"team page"
"89640",NULL,"49","10008","14153","877","py3","1775959667.729000000","1",NULL,NULL,"89640","lecture.py",NULL,"team page"
"89641",NULL,"49","9486","12639","879","cpp","1775959669.020500000","1",NULL,NULL,"89641",NULL,NULL,"team page"
"89642",NULL,"49","9887","13841","864","py3","1775959669.063700000","1",NULL,NULL,"89642","gta6.py",NULL,"team page"
"89643",NULL,"49","9355","12248","862","py3","1775959670.607000000","1",NULL,NULL,"89643","laser_template.py",NULL,"team page"
"89644",NULL,"49","9824","13652","864","py3","1775959671.634500000","1",NULL,NULL,"89644","grid_template.py",NULL,"team page"
"89645",NULL,"49","9474","12604","867","cpp","1775959671.648500000","1",NULL,NULL,"89645",NULL,NULL,"team page"
"89646",NULL,"49","9786","13539","863","py3","1775959672.434800000","1",NULL,NULL,"89646","asteroid.py",NULL,"team page"
"89647",NULL,"49","9675","13207","867","java","1775959672.745800000","1",NULL,NULL,"89647","Solution",NULL,"team page"
"89648",NULL,"49","9644","13114","866","cpp","1775959673.105200000","1",NULL,NULL,"89648",NULL,NULL,"team page"
"89649",NULL,"49","9904","13893","877","cpp","1775959673.330200000","1",NULL,NULL,"89649",NULL,NULL,"team page"
"89650",NULL,"49","9818","13633","872","cpp","1775959673.824300000","1",NULL,NULL,"89650",NULL,NULL,"team page"
"89651",NULL,"49","9646","13120","869","cpp","1775959675.355500000","1",NULL,NULL,"89651",NULL,NULL,"team page"
"89652",NULL,"49","9417","12433","868","py3","1775959675.452500000","1",NULL,NULL,"89652","script3.py",NULL,"team page"
"89653",NULL,"49","10006","14148","877","java","1775959676.140800000","1",NULL,NULL,"89653","UKCC.Main",NULL,"team page"
"89654",NULL,"49","9711","13314","867","cpp","1775959676.219400000","1",NULL,NULL,"89654",NULL,NULL,"team page"
"89655",NULL,"49","9389","12348","880","py3","1775959676.292700000","1",NULL,NULL,"89655","multiplication1.py",NULL,"team page"
"89656",NULL,"49","9516","12731","878","cpp","1775959676.894000000","1",NULL,NULL,"89656",NULL,NULL,"team page"
"89657",NULL,"49","9614","13023","865","pypy3","1775959677.524000000","1",NULL,NULL,"89657","main.py",NULL,"team page"
"89658",NULL,"49","9380","12321","865","java","1775959679.538000000","1",NULL,NULL,"89658","Main5",NULL,"team page"
"89659",NULL,"49","9921","13920","866","cpp","1775959680.032900000","1",NULL,NULL,"89659",NULL,NULL,"team page"
"89660",NULL,"49","9853","13740","865","py3","1775959680.318700000","1",NULL,NULL,"89660","grid_template.py",NULL,"team page"
"89661",NULL,"49","9639","13100","879","py3","1775959680.615500000","1",NULL,NULL,"89661","main.py",NULL,"team page"
"89662",NULL,"49","9994","14112","872","java","1775959682.422100000","1",NULL,NULL,"89662","Main",NULL,"team page"
"89663",NULL,"49","9301","12084","868","cpp","1775959683.774500000","1",NULL,NULL,"89663",NULL,NULL,"team page"
"89664",NULL,"49","9392","12357","873","cpp","1775959683.840200000","1",NULL,NULL,"89664",NULL,NULL,"team page"
"89665",NULL,"49","9657","13152","869","cpp","1775959683.854100000","1",NULL,NULL,"89665",NULL,NULL,"team page"
"89666",NULL,"49","9405","12398","862","py3","1775959684.516000000","1",NULL,NULL,"89666","laser_template.py",NULL,"team page"
"89667",NULL,"49","9818","13635","866","cpp","1775959688.023800000","1",NULL,NULL,"89667",NULL,NULL,"team page"
"89668",NULL,"49","9408","12407","877","cpp","1775959688.847000000","1",NULL,NULL,"89668",NULL,NULL,"team page"
"89669",NULL,"49","9782","13527","863","py3","1775959689.860500000","1",NULL,NULL,"89669","laser_main.py",NULL,"team page"
"89670",NULL,"49","9559","12859","873","py3","1775959690.490300000","1",NULL,NULL,"89670","P10.py",NULL,"team page"
"89671",NULL,"49","9548","12825","860","cpp","1775959690.945900000","1",NULL,NULL,"89671",NULL,NULL,"team page"
"89672",NULL,"49","9408","12406","865","cpp","1775959691.286700000","1",NULL,NULL,"89672",NULL,NULL,"team page"
"89673",NULL,"49","9736","13389","872","py3","1775959691.729500000","1",NULL,NULL,"89673","splitters2_template.py",NULL,"team page"
"89674",NULL,"49","10066","14318","866","pypy3","1775959692.016200000","1",NULL,NULL,"89674","shadows_main.py",NULL,"team page"
"89675",NULL,"49","9736","13389","872","py3","1775959692.810000000","1",NULL,NULL,"89675","splitters2_template.py",NULL,"team page"
"89676",NULL,"49","9418","12435","868","pypy3","1775959693.060700000","1",NULL,NULL,"89676","mycelium_template.py",NULL,"team page"
"89677",NULL,"49","9736","13389","872","py3","1775959693.956300000","1",NULL,NULL,"89677","splitters2_template.py",NULL,"team page"
"89678",NULL,"49","9508","12706","877","py3","1775959694.148500000","1",NULL,NULL,"89678","lecture_main_main.py",NULL,"team page"
"89679",NULL,"49","9736","13389","872","py3","1775959694.262300000","1",NULL,NULL,"89679","splitters2_template.py",NULL,"team page"
"89680",NULL,"49","9418","12435","868","pypy3","1775959694.524700000","1",NULL,NULL,"89680","mycelium_template.py",NULL,"team page"
"89681",NULL,"49","9562","12868","863","cpp","1775959696.122700000","1",NULL,NULL,"89681",NULL,NULL,"team page"
"89682",NULL,"49","9806","13597","869","cpp","1775959696.251900000","1",NULL,NULL,"89682",NULL,NULL,"team page"
"89683",NULL,"49","9536","12789","873","cpp","1775959696.257800000","1",NULL,NULL,"89683",NULL,NULL,"team page"
"89684",NULL,"49","9919","13914","873","cpp","1775959699.523700000","1",NULL,NULL,"89684",NULL,NULL,"team page"
"89685",NULL,"49","9564","12873","877","cpp","1775959701.316400000","1",NULL,NULL,"89685",NULL,NULL,"team page"
"89686",NULL,"49","9675","13206","865","java","1775959702.498700000","1",NULL,NULL,"89686","Solution",NULL,"team page"
"89687",NULL,"49","9923","13926","865","py3","1775959702.837000000","1",NULL,NULL,"89687","p5b.py",NULL,"team page"
"89688",NULL,"49","9270","11991","873","cpp","1775959703.390100000","1",NULL,NULL,"89688",NULL,NULL,"team page"
"89689",NULL,"49","9887","13841","865","py3","1775959703.927000000","1",NULL,NULL,"89689","gta6.py",NULL,"team page"
"89690",NULL,"49","9710","13312","873","cpp","1775959704.846400000","1",NULL,NULL,"89690",NULL,NULL,"team page"
"89691",NULL,"49","9538","12795","862","py3","1775959704.995200000","1",NULL,NULL,"89691","laser_template.py",NULL,"team page"
"89692",NULL,"49","9646","13120","870","cpp","1775959705.254900000","1",NULL,NULL,"89692",NULL,NULL,"team page"
"89693",NULL,"49","10062","14305","867","py3","1775959705.589100000","1",NULL,NULL,"89693","cross.py",NULL,"team page"
"89694",NULL,"49","9240","11901","880","cpp","1775959706.023500000","1",NULL,NULL,"89694",NULL,NULL,"team page"
"89695",NULL,"49","9894","13861","864","cpp","1775959706.718200000","1",NULL,NULL,"89695",NULL,NULL,"team page"
"89696",NULL,"49","9680","13223","869","cpp","1775959706.961700000","1",NULL,NULL,"89696",NULL,NULL,"team page"
"89697",NULL,"49","9930","13947","872","cpp","1775959708.582400000","1",NULL,NULL,"89697",NULL,NULL,"team page"
"89698",NULL,"49","9748","13427","872","py3","1775959710.397200000","1",NULL,NULL,"89698","P92.py",NULL,"team page"
"89699",NULL,"49","9808","13605","860","pypy3","1775959711.015100000","1",NULL,NULL,"89699","second_prob.py",NULL,"team page"
"89700",NULL,"49","9756","13449","869","pypy3","1775959713.033700000","1",NULL,NULL,"89700","prob-mycelium_bonus1.py",NULL,"team page"
"89701",NULL,"49","9376","12310","870","cpp","1775959715.038700000","1",NULL,NULL,"89701",NULL,NULL,"team page"
"89702",NULL,"49","9814","13622","864","pypy3","1775959716.806000000","1",NULL,NULL,"89702","sol5.py",NULL,"team page"
"89703",NULL,"49","9610","13011","864","pypy3","1775959716.833900000","1",NULL,NULL,"89703","grid.py",NULL,"team page"
"89704",NULL,"49","9748","13425","864","py3","1775959716.963500000","1",NULL,NULL,"89704","5.py",NULL,"team page"
"89705",NULL,"49","9319","12138","864","py3","1775959718.201800000","1",NULL,NULL,"89705","grid_template.py",NULL,"team page"
"89706",NULL,"49","9536","12789","872","cpp","1775959720.111500000","1",NULL,NULL,"89706",NULL,NULL,"team page"
"89707",NULL,"49","9806","13597","869","cpp","1775959720.426400000","1",NULL,NULL,"89707",NULL,NULL,"team page"
"89708",NULL,"49","9941","13980","864","py3","1775959721.439000000","1",NULL,NULL,"89708","calico_p5.py",NULL,"team page"
"89709",NULL,"49","10006","14148","878","java","1775959722.695300000","1",NULL,NULL,"89709","UKCC.Main",NULL,"team page"
"89710",NULL,"49","9694","13263","863","cpp","1775959722.886700000","1",NULL,NULL,"89710",NULL,NULL,"team page"
"89711",NULL,"49","9582","12929","877","py3","1775959724.303600000","1",NULL,NULL,"89711","untitled11.py",NULL,"team page"
"89712",NULL,"49","9888","13843","879","py3","1775959724.834000000","1",NULL,NULL,"89712","test.py",NULL,"team page"
"89713",NULL,"49","9582","12929","877","py3","1775959725.472000000","1",NULL,NULL,"89713","untitled11.py",NULL,"team page"
"89714",NULL,"49","9366","12279","877","cpp","1775959726.289900000","1",NULL,NULL,"89714",NULL,NULL,"team page"
"89715",NULL,"49","9582","12929","877","py3","1775959726.527900000","1",NULL,NULL,"89715","untitled11.py",NULL,"team page"
"89716",NULL,"49","9523","12750","868","py3","1775959726.981100000","1",NULL,NULL,"89716","8.py",NULL,"team page"
"89717",NULL,"49","9314","12125","870","cpp","1775959727.228800000","1",NULL,NULL,"89717",NULL,NULL,"team page"
"89718",NULL,"49","9250","11931","869","py3","1775959728.355300000","1",NULL,NULL,"89718","v.py",NULL,"team page"
"89719",NULL,"49","9816","13628","879","pypy3","1775959729.806400000","1",NULL,NULL,"89719","multiplication_easy_template.py",NULL,"team page"
"89720",NULL,"49","9636","13089","864","java","1775959730.765600000","1",NULL,NULL,"89720","grid_main_2",NULL,"team page"
"89721",NULL,"49","9632","13077","869","cpp","1775959731.032900000","1",NULL,NULL,"89721",NULL,NULL,"team page"
"89722",NULL,"49","9533","12780","868","java","1775959731.155900000","1",NULL,NULL,"89722","Flood",NULL,"team page"
"89723",NULL,"49","9803","13590","881","pypy3","1775959731.782000000","1",NULL,NULL,"89723","problem12t3.py",NULL,"team page"
"89724",NULL,"49","9674","13203","867","cpp","1775959732.943100000","1",NULL,NULL,"89724",NULL,NULL,"team page"
"89725",NULL,"49","10020","14191","865","cpp","1775959733.126300000","1",NULL,NULL,"89725",NULL,NULL,"team page"
"89726",NULL,"49","9933","13957","865","cpp","1775959734.850800000","1",NULL,NULL,"89726",NULL,NULL,"team page"
"89727",NULL,"49","9749","13428","861","cpp","1775959734.969000000","1",NULL,NULL,"89727",NULL,NULL,"team page"
"89728",NULL,"49","9919","13914","873","cpp","1775959735.280000000","1",NULL,NULL,"89728",NULL,NULL,"team page"
"89729",NULL,"49","9794","13561","862","pypy3","1775959735.525100000","1",NULL,NULL,"89729","4th.py",NULL,"team page"
"89730",NULL,"49","10014","14172","862","pypy3","1775959735.806100000","1",NULL,NULL,"89730","solution4.py",NULL,"team page"
"89731",NULL,"49","9718","13335","873","py3","1775959735.802600000","1",NULL,NULL,"89731","problem10.py",NULL,"team page"
"89732",NULL,"49","10058","14293","873","py3","1775959736.527000000","1",NULL,NULL,"89732","splitter2.py",NULL,"team page"
"89733",NULL,"49","9784","13533","872","cpp","1775959736.607000000","1",NULL,NULL,"89733",NULL,NULL,"team page"
"89734",NULL,"49","9905","13895","868","py3","1775959736.687400000","1",NULL,NULL,"89734","mycelium.py",NULL,"team page"
"89735",NULL,"49","9319","12138","865","py3","1775959737.178200000","1",NULL,NULL,"89735","grid_template.py",NULL,"team page"
"89736",NULL,"49","9480","12621","869","py3","1775959737.344700000","1",NULL,NULL,"89736","mycelium_template.py",NULL,"team page"
"89737",NULL,"49","9447","12522","866","cpp","1775959737.698300000","1",NULL,NULL,"89737",NULL,NULL,"team page"
"89738",NULL,"49","9897","13872","869","py3","1775959738.272200000","1",NULL,NULL,"89738","MyCeliumEasy.py",NULL,"team page"
"89739",NULL,"49","9240","11902","877","cpp","1775959739.999300000","1",NULL,NULL,"89739",NULL,NULL,"team page"
"89740",NULL,"49","9362","12267","869","cpp","1775959740.709900000","1",NULL,NULL,"89740",NULL,NULL,"team page"
"89741",NULL,"49","9849","13728","859","py3","1775959742.608100000","1",NULL,NULL,"89741","main.py",NULL,"team page"
"89742",NULL,"49","9736","13390","865","pypy3","1775959744.816000000","1",NULL,NULL,"89742","grid_template.py",NULL,"team page"
"89743",NULL,"49","9657","13154","878","cpp","1775959745.217100000","1",NULL,NULL,"89743",NULL,NULL,"team page"
"89744",NULL,"49","9240","11903","880","cpp","1775959745.589100000","1",NULL,NULL,"89744",NULL,NULL,"team page"
"89745",NULL,"49","9803","13589","870","pypy3","1775959745.891900000","1",NULL,NULL,"89745","question8_1b.py",NULL,"team page"
"89746",NULL,"49","9893","13858","867","py3","1775959746.281000000","1",NULL,NULL,"89746","cross.py",NULL,"team page"
"89747",NULL,"49","10016","14177","865","cpp","1775959747.721700000","1",NULL,NULL,"89747",NULL,NULL,"team page"
"89748",NULL,"49","9376","12310","870","cpp","1775959748.055300000","1",NULL,NULL,"89748",NULL,NULL,"team page"
"89749",NULL,"49","9393","12360","877","pypy3","1775959748.310900000","1",NULL,NULL,"89749","p1_temp.py",NULL,"team page"
"89750",NULL,"49","9378","12316","863","py3","1775959749.221600000","1",NULL,NULL,"89750","laser_template.py",NULL,"team page"
"89751",NULL,"49","9763","13471","872","py3","1775959749.223800000","1",NULL,NULL,"89751","splitters_template.py",NULL,"team page"
"89752",NULL,"49","9806","13597","869","cpp","1775959749.424500000","1",NULL,NULL,"89752",NULL,NULL,"team page"
"89753",NULL,"49","9670","13192","870","cpp","1775959750.499200000","1",NULL,NULL,"89753",NULL,NULL,"team page"
"89754",NULL,"49","9795","13565","879","cpp","1775959751.017900000","1",NULL,NULL,"89754",NULL,NULL,"team page"
"89755",NULL,"49","9466","12579","864","cpp","1775959751.142300000","1",NULL,NULL,"89755",NULL,NULL,"team page"
"89756",NULL,"49","9886","13838","873","cpp","1775959751.451500000","1",NULL,NULL,"89756",NULL,NULL,"team page"
"89757",NULL,"49","9835","13686","867","cpp","1775959752.522600000","1",NULL,NULL,"89757",NULL,NULL,"team page"
"89758",NULL,"49","9919","13914","873","cpp","1775959753.097600000","1",NULL,NULL,"89758",NULL,NULL,"team page"
"89759",NULL,"49","10016","14177","865","cpp","1775959753.187100000","1",NULL,NULL,"89759",NULL,NULL,"team page"
"89760",NULL,"49","9806","13598","879","cpp","1775959753.254600000","1",NULL,NULL,"89760",NULL,NULL,"team page"
"89761",NULL,"49","9780","13521","862","cpp","1775959754.340500000","1",NULL,NULL,"89761",NULL,NULL,"team page"
"89762",NULL,"49","9993","14108","868","cpp","1775959754.386500000","1",NULL,NULL,"89762",NULL,NULL,"team page"
"89763",NULL,"49","9431","12474","863","py3","1775959756.776600000","1",NULL,NULL,"89763","calico.py",NULL,"team page"
"89764",NULL,"49","9356","12249","861","py3","1775959756.933200000","1",NULL,NULL,"89764","files_template.py",NULL,"team page"
"89765",NULL,"49","10015","14174","879","cpp","1775959757.856900000","1",NULL,NULL,"89765",NULL,NULL,"team page"
"89766",NULL,"49","9465","12578","877","cpp","1775959758.176500000","1",NULL,NULL,"89766",NULL,NULL,"team page"
"89767",NULL,"49","9850","13729","873","py3","1775959759.089700000","1",NULL,NULL,"89767","splitters2_template.py",NULL,"team page"
"89768",NULL,"49","10051","14273","880","py3","1775959759.268100000","1",NULL,NULL,"89768","bruh_geiniguiyige.py",NULL,"team page"
"89769",NULL,"49","9658","13156","873","cpp","1775959759.256800000","1",NULL,NULL,"89769",NULL,NULL,"team page"
"89770",NULL,"49","9407","12404","862","cpp","1775959759.372000000","1",NULL,NULL,"89770",NULL,NULL,"team page"
"89771",NULL,"49","9947","13998","879","cpp","1775959762.977200000","1",NULL,NULL,"89771",NULL,NULL,"team page"
"89772",NULL,"49","9465","12576","877","cpp","1775959763.337600000","1",NULL,NULL,"89772",NULL,NULL,"team page"
"89773",NULL,"49","9275","12007","863","cpp","1775959763.382000000","1",NULL,NULL,"89773",NULL,NULL,"team page"
"89774",NULL,"49","9201","11784","879","py3","1775959764.493200000","1",NULL,NULL,"89774","problem_12t.py",NULL,"team page"
"89775",NULL,"49","9806","13597","869","cpp","1775959765.231900000","1",NULL,NULL,"89775",NULL,NULL,"team page"
"89776",NULL,"49","9654","13143","865","cpp","1775959765.410300000","1",NULL,NULL,"89776",NULL,NULL,"team page"
"89777",NULL,"49","9900","13880","862","py3","1775959765.736100000","1",NULL,NULL,"89777","laser_template.py",NULL,"team page"
"89778",NULL,"49","10015","14174","880","cpp","1775959766.550300000","1",NULL,NULL,"89778",NULL,NULL,"team page"
"89779",NULL,"49","10034","14221","866","py3","1775959766.935400000","1",NULL,NULL,"89779","6.py",NULL,"team page"
"89780",NULL,"49","9888","13843","879","py3","1775959767.373700000","1",NULL,NULL,"89780","test.py",NULL,"team page"
"89781",NULL,"49","9993","14110","872","cpp","1775959767.675800000","1",NULL,NULL,"89781",NULL,NULL,"team page"
"89782",NULL,"49","9425","12456","859","py3","1775959768.693500000","1",NULL,NULL,"89782","1.py",NULL,"team page"
"89783",NULL,"49","9508","12705","866","cpp","1775959768.779000000","1",NULL,NULL,"89783",NULL,NULL,"team page"
"89784",NULL,"49","9856","13747","869","py3","1775959768.863200000","1",NULL,NULL,"89784","mycelium_template.py",NULL,"team page"
"89785",NULL,"49","9407","12404","863","cpp","1775959768.995900000","1",NULL,NULL,"89785",NULL,NULL,"team page"
"89786",NULL,"49","9649","13128","870","cpp","1775959769.159500000","1",NULL,NULL,"89786",NULL,NULL,"team page"
"89787",NULL,"49","9474","12603","872","cpp","1775959769.888400000","1",NULL,NULL,"89787",NULL,NULL,"team page"
"89788",NULL,"49","9897","13870","867","py3","1775959770.145400000","1",NULL,NULL,"89788","7.py",NULL,"team page"
"89789",NULL,"49","10042","14246","873","cpp","1775959771.081200000","1",NULL,NULL,"89789",NULL,NULL,"team page"
"89790",NULL,"49","9604","12994","863","cpp","1775959771.598200000","1",NULL,NULL,"89790",NULL,NULL,"team page"
"89791",NULL,"49","9688","13245","866","py3","1775959771.728400000","1",NULL,NULL,"89791","q6.py",NULL,"team page"
"89792",NULL,"49","9435","12486","867","pypy3","1775959771.827800000","1",NULL,NULL,"89792","cross_sol.py",NULL,"team page"
"89793",NULL,"49","9700","13282","870","cpp","1775959772.378100000","1",NULL,NULL,"89793",NULL,NULL,"team page"
"89794",NULL,"49","9725","13356","873","py3","1775959773.392500000","1",NULL,NULL,"89794","Q10.py",NULL,"team page"
"89795",NULL,"49","9707","13303","863","py3","1775959773.887700000","1",NULL,NULL,"89795","laser.py",NULL,"team page"
"89796",NULL,"49","10082","14347","864","java","1775959773.945200000","1",NULL,NULL,"89796",NULL,NULL,"team page"
"89797",NULL,"49","9923","13926","865","py3","1775959774.756200000","1",NULL,NULL,"89797","p5b.py",NULL,"team page"
"89798",NULL,"49","10015","14174","881","cpp","1775959774.884200000","1",NULL,NULL,"89798",NULL,NULL,"team page"
"89799",NULL,"49","9639","13100","873","py3","1775959775.451900000","1",NULL,NULL,"89799","mainabc.py",NULL,"team page"
"89800",NULL,"49","9562","12869","873","cpp","1775959775.577300000","1",NULL,NULL,"89800",NULL,NULL,"team page"
"89801",NULL,"49","9357","12254","863","py3","1775959775.615600000","1",NULL,NULL,"89801","problem4.py",NULL,"team page"
"89802",NULL,"49","9921","13920","862","cpp","1775959775.803100000","1",NULL,NULL,"89802",NULL,NULL,"team page"
"89803",NULL,"49","9947","13998","880","cpp","1775959776.142900000","1",NULL,NULL,"89803",NULL,NULL,"team page"
"89804",NULL,"49","9921","13920","862","cpp","1775959776.222500000","1",NULL,NULL,"89804",NULL,NULL,"team page"
"89805",NULL,"49","10059","14296","865","cpp","1775959776.523900000","1",NULL,NULL,"89805",NULL,NULL,"team page"
"89806",NULL,"49","9763","13472","865","py3","1775959776.667500000","1",NULL,NULL,"89806","grid_template.py",NULL,"team page"
"89807",NULL,"49","9543","12810","870","cpp","1775959777.012600000","1",NULL,NULL,"89807",NULL,NULL,"team page"
"89808",NULL,"49","10084","14355","861","py3","1775959777.492200000","1",NULL,NULL,"89808","Program3.py",NULL,"team page"
"89809",NULL,"49","9795","13566","879","cpp","1775959777.575900000","1",NULL,NULL,"89809",NULL,NULL,"team page"
"89810",NULL,"49","9729","13368","867","py3","1775959777.668500000","1",NULL,NULL,"89810","yyvv.py",NULL,"team page"
"89811",NULL,"49","9930","13949","868","java","1775959779.091100000","1",NULL,NULL,"89811","mycelium",NULL,"team page"
"89812",NULL,"49","9417","12433","868","py3","1775959779.528300000","1",NULL,NULL,"89812","a.py",NULL,"team page"
"89813",NULL,"49","9729","13369","873","py3","1775959779.834100000","1",NULL,NULL,"89813","main.py",NULL,"team page"
"89814",NULL,"49","9376","12310","870","cpp","1775959780.133200000","1",NULL,NULL,"89814",NULL,NULL,"team page"
"89815",NULL,"49","9240","11901","880","cpp","1775959780.603300000","1",NULL,NULL,"89815",NULL,NULL,"team page"
"89816",NULL,"49","9670","13191","866","py3","1775959781.168100000","1",NULL,NULL,"89816","main.py",NULL,"team page"
"89817",NULL,"49","9366","12280","873","py3","1775959781.263600000","1",NULL,NULL,"89817","test.py",NULL,"team page"
"89818",NULL,"49","9314","12125","870","cpp","1775959781.978400000","1",NULL,NULL,"89818",NULL,NULL,"team page"
"89819",NULL,"49","9889","13847","866","cpp","1775959782.260500000","1",NULL,NULL,"89819",NULL,NULL,"team page"
"89820",NULL,"49","9806","13597","869","cpp","1775959782.412800000","1",NULL,NULL,"89820",NULL,NULL,"team page"
"89821",NULL,"49","9548","12825","860","cpp","1775959782.505900000","1",NULL,NULL,"89821",NULL,NULL,"team page"
"89822",NULL,"49","9749","13429","867","cpp","1775959782.668600000","1",NULL,NULL,"89822",NULL,NULL,"team page"
"89823",NULL,"49","9296","12070","878","cpp","1775959782.700000000","1",NULL,NULL,"89823",NULL,NULL,"team page"
"89824",NULL,"49","9232","11877","861","pypy3","1775959782.990800000","1",NULL,NULL,"89824","prob-files_main_template.py",NULL,"team page"
"89825",NULL,"49","9992","14105","863","cpp","1775959783.960200000","1",NULL,NULL,"89825",NULL,NULL,"team page"
"89826",NULL,"49","9806","13599","868","cpp","1775959784.117500000","1",NULL,NULL,"89826",NULL,NULL,"team page"
"89827",NULL,"49","10014","14171","866","pypy3","1775959784.588200000","1",NULL,NULL,"89827","env.py",NULL,"team page"
"89828",NULL,"49","9628","13067","860","py3","1775959785.020100000","1",NULL,NULL,"89828","nah_template.py",NULL,"team page"
"89829",NULL,"49","9458","12556","864","cpp","1775959785.478100000","1",NULL,NULL,"89829",NULL,NULL,"team page"
"89830",NULL,"49","9601","12985","868","cpp","1775959786.257200000","1",NULL,NULL,"89830",NULL,NULL,"team page"
"89831",NULL,"49","9466","12579","865","cpp","1775959787.812200000","1",NULL,NULL,"89831",NULL,NULL,"team page"
"89832",NULL,"49","9854","13741","863","py3","1775959789.470800000","1",NULL,NULL,"89832","solution.py",NULL,"team page"
"89833",NULL,"49","9296","12069","879","cpp","1775959789.581800000","1",NULL,NULL,"89833",NULL,NULL,"team page"
"89834",NULL,"49","9240","11903","880","cpp","1775959790.177800000","1",NULL,NULL,"89834",NULL,NULL,"team page"
"89835",NULL,"49","9643","13110","864","cpp","1775959790.279200000","1",NULL,NULL,"89835",NULL,NULL,"team page"
"89836",NULL,"49","9892","13855","870","cpp","1775959790.419800000","1",NULL,NULL,"89836",NULL,NULL,"team page"
"89837",NULL,"49","9710","13313","863","cpp","1775959790.528600000","1",NULL,NULL,"89837",NULL,NULL,"team page"
"89838",NULL,"49","9718","13336","872","py3","1775959790.927400000","1",NULL,NULL,"89838","3.py",NULL,"team page"
"89839",NULL,"49","9533","12780","868","java","1775959791.499900000","1",NULL,NULL,"89839","Flood",NULL,"team page"
"89840",NULL,"49","9370","12292","865","cpp","1775959791.729600000","1",NULL,NULL,"89840",NULL,NULL,"team page"
"89841",NULL,"49","9308","12105","865","pypy3","1775959792.321800000","1",NULL,NULL,"89841","main.py",NULL,"team page"
"89842",NULL,"49","9275","12006","865","py3","1775959792.515800000","1",NULL,NULL,"89842","grid_template.py",NULL,"team page"
"89843",NULL,"49","9864","13773","864","py3","1775959792.589600000","1",NULL,NULL,"89843","2.py",NULL,"team page"
"89844",NULL,"49","9361","12264","878","py3","1775959792.961900000","1",NULL,NULL,"89844","lecture_template.py",NULL,"team page"
"89845",NULL,"49","10064","14311","877","py3","1775959794.793100000","1",NULL,NULL,"89845","lecture_template.py",NULL,"team page"
"89846",NULL,"49","9562","12867","877","cpp","1775959795.274700000","1",NULL,NULL,"89846",NULL,NULL,"team page"
"89847",NULL,"49","9544","12815","873","cpp","1775959795.820700000","1",NULL,NULL,"89847",NULL,NULL,"team page"
"89848",NULL,"49","9904","13893","877","cpp","1775959796.388100000","1",NULL,NULL,"89848",NULL,NULL,"team page"
"89849",NULL,"49","9351","12235","873","cpp","1775959796.451600000","1",NULL,NULL,"89849",NULL,NULL,"team page"
"89850",NULL,"49","9514","12723","859","py3","1775959796.481400000","1",NULL,NULL,"89850","piezoelectric_template.py",NULL,"team page"
"89851",NULL,"49","9543","12810","870","cpp","1775959796.727500000","1",NULL,NULL,"89851",NULL,NULL,"team page"
"89852",NULL,"49","10061","14302","860","py3","1775959796.764300000","1",NULL,NULL,"89852","nah_template.py",NULL,"team page"
"89853",NULL,"49","9250","11931","869","py3","1775959796.806800000","1",NULL,NULL,"89853","v.py",NULL,"team page"
"89854",NULL,"49","10051","14273","880","py3","1775959797.032800000","1",NULL,NULL,"89854","bruh_geiniguiyige.py",NULL,"team page"
"89855",NULL,"49","9548","12825","860","cpp","1775959797.279600000","1",NULL,NULL,"89855",NULL,NULL,"team page"
"89856",NULL,"49","9551","12835","877","java","1775959797.446700000","1",NULL,NULL,"89856","lecture.templates.Solution",NULL,"team page"
"89857",NULL,"49","9601","12985","869","cpp","1775959797.489400000","1",NULL,NULL,"89857",NULL,NULL,"team page"
"89858",NULL,"49","9558","12856","870","cpp","1775959797.940600000","1",NULL,NULL,"89858",NULL,NULL,"team page"
"89859",NULL,"49","9378","12316","863","py3","1775959798.128200000","1",NULL,NULL,"89859","laser_template.py",NULL,"team page"
"89860",NULL,"49","9418","12435","868","pypy3","1775959798.506800000","1",NULL,NULL,"89860","mycelium_template.py",NULL,"team page"
"89861",NULL,"49","9933","13957","865","cpp","1775959798.706800000","1",NULL,NULL,"89861",NULL,NULL,"team page"
"89862",NULL,"49","9294","12064","879","pypy3","1775959798.832500000","1",NULL,NULL,"89862","problem12.py",NULL,"team page"
"89863",NULL,"49","9993","14108","868","cpp","1775959799.308900000","1",NULL,NULL,"89863",NULL,NULL,"team page"
"89864",NULL,"49","9905","13895","868","py3","1775959800.118100000","1",NULL,NULL,"89864","mycelium.py",NULL,"team page"
"89865",NULL,"49","9408","12405","877","cpp","1775959800.730700000","1",NULL,NULL,"89865",NULL,NULL,"team page"
"89866",NULL,"49","9892","13855","871","cpp","1775959800.787300000","1",NULL,NULL,"89866",NULL,NULL,"team page"
"89867",NULL,"49","9362","12267","869","cpp","1775959801.046300000","1",NULL,NULL,"89867",NULL,NULL,"team page"
"89868",NULL,"49","9888","13843","877","py3","1775959801.556600000","1",NULL,NULL,"89868","mock.py",NULL,"team page"
"89869",NULL,"49","9270","11992","869","cpp","1775959801.756700000","1",NULL,NULL,"89869",NULL,NULL,"team page"
"89870",NULL,"49","9947","13998","879","cpp","1775959801.757000000","1",NULL,NULL,"89870",NULL,NULL,"team page"
"89871",NULL,"49","9892","13855","871","cpp","1775959802.026800000","1",NULL,NULL,"89871",NULL,NULL,"team page"
"89872",NULL,"49","9270","11992","869","cpp","1775959802.071000000","1",NULL,NULL,"89872",NULL,NULL,"team page"
"89873",NULL,"49","9376","12310","870","cpp","1775959802.165300000","1",NULL,NULL,"89873",NULL,NULL,"team page"
"89874",NULL,"49","10096","14389","868","py3","1775959802.522400000","1",NULL,NULL,"89874","8.py",NULL,"team page"
"89875",NULL,"49","9788","13545","860","py3","1775959802.847700000","1",NULL,NULL,"89875","nah_template.py",NULL,"team page"
"89876",NULL,"49","9717","13333","879","cpp","1775959802.902700000","1",NULL,NULL,"89876",NULL,NULL,"team page"
"89877",NULL,"49","9717","13333","879","cpp","1775959803.329100000","1",NULL,NULL,"89877",NULL,NULL,"team page"
"89878",NULL,"49","9562","12868","863","cpp","1775959803.568000000","1",NULL,NULL,"89878",NULL,NULL,"team page"
"89879",NULL,"49","9366","12279","877","cpp","1775959804.547500000","1",NULL,NULL,"89879",NULL,NULL,"team page"
"89880",NULL,"49","10064","14311","878","py3","1775959805.923300000","1",NULL,NULL,"89880","lecture_template.py",NULL,"team page"
"89881",NULL,"49","10071","14332","864","cpp","1775959806.192000000","1",NULL,NULL,"89881",NULL,NULL,"team page"
"89882",NULL,"49","9646","13120","872","cpp","1775959806.517700000","1",NULL,NULL,"89882",NULL,NULL,"team page"
"89883",NULL,"49","9359","12259","864","cpp","1775959807.146000000","1",NULL,NULL,"89883",NULL,NULL,"team page"
"89884",NULL,"49","10064","14311","878","py3","1775959808.883000000","1",NULL,NULL,"89884","lecture_template.py",NULL,"team page"
"89885",NULL,"49","9486","12639","878","cpp","1775959808.919800000","1",NULL,NULL,"89885",NULL,NULL,"team page"
"89886",NULL,"49","10064","14311","878","py3","1775959809.185100000","1",NULL,NULL,"89886","lecture_template.py",NULL,"team page"
"89887",NULL,"49","9359","12259","864","cpp","1775959809.440100000","1",NULL,NULL,"89887",NULL,NULL,"team page"
"89888",NULL,"49","9937","13970","877","cpp","1775959809.621100000","1",NULL,NULL,"89888",NULL,NULL,"team page"
"89889",NULL,"49","10064","14311","878","py3","1775959809.639700000","1",NULL,NULL,"89889","lecture_template.py",NULL,"team page"
"89890",NULL,"49","9707","13303","863","py3","1775959810.757700000","1",NULL,NULL,"89890","laser.py",NULL,"team page"
"89891",NULL,"49","9359","12259","864","cpp","1775959811.554000000","1",NULL,NULL,"89891",NULL,NULL,"team page"
"89892",NULL,"49","10064","14311","878","py3","1775959811.670700000","1",NULL,NULL,"89892","lecture_template.py",NULL,"team page"
"89893",NULL,"49","9314","12125","870","cpp","1775959813.297100000","1",NULL,NULL,"89893",NULL,NULL,"team page"
"89894",NULL,"49","9975","14055","880","py3","1775959813.320000000","1",NULL,NULL,"89894","plication_hybrid.py",NULL,"team page"
"89895",NULL,"49","10064","14311","878","py3","1775959814.179000000","1",NULL,NULL,"89895","lecture_template.py",NULL,"team page"
"89896",NULL,"49","10033","14218","861","java","1775959814.509000000","1",NULL,NULL,"89896","filesSolution",NULL,"team page"
"89897",NULL,"49","10064","14311","878","py3","1775959814.611800000","1",NULL,NULL,"89897","lecture_template.py",NULL,"team page"
"89898",NULL,"49","10033","14218","861","java","1775959814.957200000","1",NULL,NULL,"89898","filesSolution",NULL,"team page"
"89899",NULL,"49","10064","14311","878","py3","1775959815.044700000","1",NULL,NULL,"89899","lecture_template.py",NULL,"team page"
"89900",NULL,"49","10064","14311","878","py3","1775959815.385300000","1",NULL,NULL,"89900","lecture_template.py",NULL,"team page"
"89901",NULL,"49","10064","14311","878","py3","1775959815.697300000","1",NULL,NULL,"89901","lecture_template.py",NULL,"team page"
"89902",NULL,"49","9737","13392","873","pypy3","1775959816.739400000","1",NULL,NULL,"89902","splitters2_main.py",NULL,"team page"
"89903",NULL,"49","9674","13203","867","cpp","1775959819.475700000","1",NULL,NULL,"89903",NULL,NULL,"team page"
"89904",NULL,"49","9562","12869","873","cpp","1775959821.387500000","1",NULL,NULL,"89904",NULL,NULL,"team page"
"89905",NULL,"49","10014","14171","878","py3","1775959824.166200000","1",NULL,NULL,"89905","env.py",NULL,"team page"
"89906",NULL,"49","9840","13699","868","cpp","1775959825.959300000","1",NULL,NULL,"89906",NULL,NULL,"team page"
"89907",NULL,"49","9636","13091","868","cpp","1775959829.221700000","1",NULL,NULL,"89907",NULL,NULL,"team page"
"89908",NULL,"49","9528","12765","868","cpp","1775959830.106700000","1",NULL,NULL,"89908",NULL,NULL,"team page"
"89909",NULL,"49","9887","13841","864","py3","1775959832.894000000","1",NULL,NULL,"89909","gta6.py",NULL,"team page"
"89910",NULL,"49","9887","13841","864","py3","1775959833.440800000","1",NULL,NULL,"89910","gta6.py",NULL,"team page"
"89911",NULL,"49","9508","12706","861","py3","1775959834.357400000","1",NULL,NULL,"89911","files.py",NULL,"team page"
"89912",NULL,"49","9896","13869","864","py3","1775959834.509900000","1",NULL,NULL,"89912","5.py",NULL,"team page"
"89913",NULL,"49","9782","13527","873","py3","1775959834.883600000","1",NULL,NULL,"89913","splitters2_template.py",NULL,"team page"
"89914",NULL,"49","9885","13835","872","cpp","1775959835.381100000","1",NULL,NULL,"89914",NULL,NULL,"team page"
"89915",NULL,"49","10036","14227","865","cpp","1775959835.412400000","1",NULL,NULL,"89915",NULL,NULL,"team page"
"89916",NULL,"49","9509","12709","862","pypy3","1775959835.918000000","1",NULL,NULL,"89916","prolem4.py",NULL,"team page"
"89917",NULL,"49","9896","13869","864","py3","1775959836.403400000","1",NULL,NULL,"89917","5.py",NULL,"team page"
"89918",NULL,"49","9896","13869","864","py3","1775959836.864400000","1",NULL,NULL,"89918","5.py",NULL,"team page"
"89919",NULL,"49","9380","12321","867","java","1775959842.579600000","1",NULL,NULL,"89919","Main4",NULL,"team page"
"89920",NULL,"49","9877","13811","868","py3","1775959845.346300000","1",NULL,NULL,"89920","mycelium.py",NULL,"team page"
"89921",NULL,"49","9933","13957","865","cpp","1775959847.491300000","1",NULL,NULL,"89921",NULL,NULL,"team page"
"89922",NULL,"49","9253","11941","880","cpp","1775959847.738800000","1",NULL,NULL,"89922",NULL,NULL,"team page"
"89923",NULL,"49","9927","13938","864","py3","1775959848.483000000","1",NULL,NULL,"89923","CALICO_SP26.py",NULL,"team page"
"89924",NULL,"49","9895","13864","866","cpp","1775959850.007900000","1",NULL,NULL,"89924",NULL,NULL,"team page"
"89925",NULL,"49","9917","13909","868","pypy3","1775959852.512500000","1",NULL,NULL,"89925","X8X.py",NULL,"team page"
"89926",NULL,"49","9778","13515","868","py3","1775959854.792200000","1",NULL,NULL,"89926","mycelium_template.py",NULL,"team page"
"89927",NULL,"49","9869","13787","872","py3","1775959859.391700000","1",NULL,NULL,"89927","splitters_template.py",NULL,"team page"
"89928",NULL,"49","9994","14112","872","java","1775959860.561700000","1",NULL,NULL,"89928","Main",NULL,"team page"
"89929",NULL,"49","10008","14153","879","py3","1775959861.424700000","1",NULL,NULL,"89929","multiple.py",NULL,"team page"
"89930",NULL,"49","10058","14293","873","py3","1775959861.548900000","1",NULL,NULL,"89930","splitter2.py",NULL,"team page"
"89931",NULL,"49","9393","12360","878","pypy3","1775959863.655700000","1",NULL,NULL,"89931","p1_temp.py",NULL,"team page"
"89932",NULL,"49","9994","14111","864","java","1775959864.857800000","1",NULL,NULL,"89932","Main",NULL,"team page"
"89933",NULL,"49","9947","13998","879","cpp","1775959868.979400000","1",NULL,NULL,"89933",NULL,NULL,"team page"
"89934",NULL,"49","9282","12028","872","py3","1775959871.101000000","1",NULL,NULL,"89934","9.py",NULL,"team page"
"89935",NULL,"49","9509","12709","862","pypy3","1775959880.526900000","1",NULL,NULL,"89935","prolem4.py",NULL,"team page"
"89936",NULL,"49","9776","13509","861","cpp","1775959885.016600000","1",NULL,NULL,"89936",NULL,NULL,"team page"
"89937",NULL,"49","9601","12985","865","cpp","1775959887.291300000","1",NULL,NULL,"89937",NULL,NULL,"team page"
"89938",NULL,"49","9947","13998","880","cpp","1775959889.221600000","1",NULL,NULL,"89938",NULL,NULL,"team page"
"89939",NULL,"49","9558","12856","870","cpp","1775959893.024800000","1",NULL,NULL,"89939",NULL,NULL,"team page"
"89940",NULL,"49","9974","14051","860","py3","1775959894.194500000","1",NULL,NULL,"89940","nah_main.py",NULL,"team page"
"89941",NULL,"49","9947","14000","877","py3","1775959899.888100000","1",NULL,NULL,"89941","coderbunny_real_11.py",NULL,"team page"
"89942",NULL,"49","9263","11971","873","cpp","1775959902.569800000","1",NULL,NULL,"89942",NULL,NULL,"team page"
"89943",NULL,"49","9896","13869","867","py3","1775959904.435000000","1",NULL,NULL,"89943","7.py",NULL,"team page"
"89944",NULL,"49","9824","13652","873","py3","1775959908.096200000","1",NULL,NULL,"89944","grid_template.py",NULL,"team page"
"89945",NULL,"49","9270","11992","869","cpp","1775959909.082500000","1",NULL,NULL,"89945",NULL,NULL,"team page"
"89946",NULL,"49","9233","11880","866","py3","1775959912.602000000","1",NULL,NULL,"89946","sol.py",NULL,"team page"
"89947",NULL,"49","9674","13203","867","cpp","1775959914.473500000","1",NULL,NULL,"89947",NULL,NULL,"team page"
"89948",NULL,"49","9263","11971","873","cpp","1775959920.347900000","1",NULL,NULL,"89948",NULL,NULL,"team page"
"89949",NULL,"49","9270","11992","868","cpp","1775959924.272300000","1",NULL,NULL,"89949",NULL,NULL,"team page"
"89950",NULL,"49","9331","12174","872","cpp","1775959926.084100000","1",NULL,NULL,"89950",NULL,NULL,"team page"
"89951",NULL,"49","9610","13011","867","pypy3","1775959926.144700000","1",NULL,NULL,"89951","cross.py",NULL,"team page"
"89952",NULL,"49","9356","12250","860","py3","1775959931.448200000","1",NULL,NULL,"89952","nah_template.py",NULL,"team page"
"89953",NULL,"49","9253","11941","880","cpp","1775959932.091500000","1",NULL,NULL,"89953",NULL,NULL,"team page"
"89954",NULL,"49","9362","12267","870","cpp","1775959935.884100000","1",NULL,NULL,"89954",NULL,NULL,"team page"
"89955",NULL,"49","9947","14000","878","py3","1775959939.881400000","1",NULL,NULL,"89955","coderbunny_real_11.py",NULL,"team page"
"89956",NULL,"49","9593","12960","864","py3","1775959956.053800000","1",NULL,NULL,"89956","code.py",NULL,"team page"
"89957",NULL,"49","9846","13717","860","py3","1775959961.209600000","1",NULL,NULL,"89957","nah_template.py",NULL,"team page"
"89958",NULL,"49","9558","12856","870","cpp","1775959965.325400000","1",NULL,NULL,"89958",NULL,NULL,"team page"
"89959",NULL,"49","9840","13699","869","cpp","1775959965.863900000","1",NULL,NULL,"89959",NULL,NULL,"team page"
"89960",NULL,"49","9257","11953","862","py3","1775959971.295200000","1",NULL,NULL,"89960","laser_template.py",NULL,"team page"
"89961",NULL,"49","9808","13605","862","pypy3","1775959995.338700000","1",NULL,NULL,"89961","laser_template.py",NULL,"team page"
"89962",NULL,"49","9373","12301","872","cpp","1775960009.656200000","1",NULL,NULL,"89962",NULL,NULL,"team page"
"89963",NULL,"49","10062","14305","879","py3","1775960050.868300000","1",NULL,NULL,"89963","multiplication.py",NULL,"team page"
"89964",NULL,"49","9499","12678","862","cpp","1775960056.576600000","1",NULL,NULL,"89964",NULL,NULL,"team page"
"89965",NULL,"49","9294","12064","877","pypy3","1775960060.336400000","1",NULL,NULL,"89965","lecture.py",NULL,"team page"
"89966",NULL,"49","9558","12856","870","cpp","1775960064.701100000","1",NULL,NULL,"89966",NULL,NULL,"team page"
"89967",NULL,"49","9993","14110","872","cpp","1775960065.016400000","1",NULL,NULL,"89967",NULL,NULL,"team page"
"89968",NULL,"49","9499","12678","863","cpp","1775960069.140100000","1",NULL,NULL,"89968",NULL,NULL,"team page"
"89969",NULL,"49","9253","11941","880","cpp","1775960077.262000000","1",NULL,NULL,"89969",NULL,NULL,"team page"
"89970",NULL,"49","9589","12948","872","cpp","1775960081.044800000","1",NULL,NULL,"89970",NULL,NULL,"team page"
"89971",NULL,"49","9849","13728","859","py3","1775960091.180100000","1",NULL,NULL,"89971","main2.py",NULL,"team page"
"89972",NULL,"49","9919","13914","873","cpp","1775960111.433600000","1",NULL,NULL,"89972",NULL,NULL,"team page"
"89973",NULL,"49","9710","13313","863","cpp","1775960113.517500000","1",NULL,NULL,"89973",NULL,NULL,"team page"
"89974",NULL,"49","9253","11941","880","cpp","1775960144.959500000","1",NULL,NULL,"89974",NULL,NULL,"team page"
"89975",NULL,"49","10097","14392","869","cpp","1775960167.128300000","1",NULL,NULL,"89975",NULL,NULL,"team page"
"89976",NULL,"49","9558","12856","870","cpp","1775960178.944400000","1",NULL,NULL,"89976",NULL,NULL,"team page"
"89977",NULL,"49","9562","12869","873","cpp","1775960183.849900000","1",NULL,NULL,"89977",NULL,NULL,"team page"
"89978",NULL,"49","9877","13812","879","cpp","1775960189.142200000","1",NULL,NULL,"89978",NULL,NULL,"team page"
"89979",NULL,"49","9604","12994","863","cpp","1775960215.110400000","1",NULL,NULL,"89979",NULL,NULL,"team page"
"89980",NULL,"49","9391","12356","865","py3","1775960231.601300000","1",NULL,NULL,"89980","grid_template.py",NULL,"team page"
"89981",NULL,"49","9923","13926","865","py3","1775960232.768300000","1",NULL,NULL,"89981","p5b.py",NULL,"team page"
"89982",NULL,"49","9356","12250","860","py3","1775960238.283700000","1",NULL,NULL,"89982","nah_template.py",NULL,"team page"
"89983",NULL,"49","9564","12874","879","py3","1775960262.231500000","1",NULL,NULL,"89983","759.py",NULL,"team page"
"89984",NULL,"49","9233","11880","863","py3","1775960295.167500000","1",NULL,NULL,"89984","sol.py",NULL,"team page"
"89985",NULL,"49","9919","13914","873","cpp","1775960306.009800000","1",NULL,NULL,"89985",NULL,NULL,"team page"
"89986",NULL,"49","9391","12356","865","py3","1775960313.899600000","1",NULL,NULL,"89986","grid_template.py",NULL,"team page"
"89987",NULL,"49","10097","14392","869","cpp","1775960315.722700000","1",NULL,NULL,"89987",NULL,NULL,"team page"
"89988",NULL,"49","9562","12869","873","cpp","1775960350.195000000","1",NULL,NULL,"89988",NULL,NULL,"team page"
"89989",NULL,"49","9253","11941","880","cpp","1775960350.889000000","1",NULL,NULL,"89989",NULL,NULL,"team page"
"89990",NULL,"49","9389","12348","878","py3","1775960400.532500000","1",NULL,NULL,"89990","11b11.py",NULL,"team page"
"89991",NULL,"49","9302","12089","872","py3","1775960420.609400000","1",NULL,NULL,"89991","splitters_template.py",NULL,"team page"
"89992",NULL,"49","9536","12789","872","cpp","1775960459.501700000","1",NULL,NULL,"89992",NULL,NULL,"team page"
"89993",NULL,"49","9389","12348","880","py3","1775960480.999300000","1",NULL,NULL,"89993","multiplication2.py",NULL,"team page"
"89994",NULL,"49","9562","12868","863","cpp","1775960481.963200000","1",NULL,NULL,"89994",NULL,NULL,"team page"
"89995",NULL,"49","9896","13869","867","py3","1775960482.467100000","1",NULL,NULL,"89995","7.py",NULL,"team page"
"89996",NULL,"49","9609","13008","862","cpp","1775960498.989100000","1",NULL,NULL,"89996",NULL,NULL,"team page"
"89997",NULL,"49","9609","13008","862","cpp","1775960499.188800000","1",NULL,NULL,"89997",NULL,NULL,"team page"
"89998",NULL,"49","9389","12348","880","py3","1775960513.866600000","1",NULL,NULL,"89998","multiplication2.py",NULL,"team page"
"89999",NULL,"49","9633","13080","871","cpp","1775960561.523700000","1",NULL,NULL,"89999",NULL,NULL,"team page"
"90000",NULL,"49","10048","14264","872","cpp","1775960593.702000000","1",NULL,NULL,"90000",NULL,NULL,"team page"
"90001",NULL,"49","9796","13567","868","py3","1775960601.623500000","1",NULL,NULL,"90001","main.py",NULL,"team page"
"90002",NULL,"49","10097","14392","869","cpp","1775960615.774900000","1",NULL,NULL,"90002",NULL,NULL,"team page"
"90003",NULL,"49","9796","13567","869","py3","1775960621.379800000","1",NULL,NULL,"90003","main.py",NULL,"team page"
"90004",NULL,"49","9633","13080","871","cpp","1775960622.506400000","1",NULL,NULL,"90004",NULL,NULL,"team page"
"90005",NULL,"49","9796","13567","870","py3","1775960633.768400000","1",NULL,NULL,"90005","main.py",NULL,"team page"
"90006",NULL,"49","9849","13728","873","py3","1775960642.725900000","1",NULL,NULL,"90006","main.py",NULL,"team page"
"90007",NULL,"49","9253","11941","880","cpp","1775960649.868100000","1",NULL,NULL,"90007",NULL,NULL,"team page"
"90008",NULL,"49","9589","12948","863","cpp","1775960715.003000000","1",NULL,NULL,"90008",NULL,NULL,"team page"
"90009",NULL,"49","9389","12348","878","py3","1775960720.313500000","1",NULL,NULL,"90009","11b111.py",NULL,"team page"
"90010",NULL,"49","9558","12856","870","cpp","1775960721.694200000","1",NULL,NULL,"90010",NULL,NULL,"team page"
"90011",NULL,"49","9589","12948","865","cpp","1775960725.247000000","1",NULL,NULL,"90011",NULL,NULL,"team page"
"90012",NULL,"49","10097","14392","869","cpp","1775960738.358300000","1",NULL,NULL,"90012",NULL,NULL,"team page"
"90013",NULL,"49","9562","12868","863","cpp","1775960749.379000000","1",NULL,NULL,"90013",NULL,NULL,"team page"
"90014",NULL,"49","9282","12028","863","py3","1775960769.447700000","1",NULL,NULL,"90014","4.py",NULL,"team page"
"90015",NULL,"49","10097","14392","869","cpp","1775960775.404500000","1",NULL,NULL,"90015",NULL,NULL,"team page"
"90016",NULL,"49","10097","14392","869","cpp","1775960808.031200000","1",NULL,NULL,"90016",NULL,NULL,"team page"
"90017",NULL,"49","10097","14392","869","cpp","1775960853.312200000","1",NULL,NULL,"90017",NULL,NULL,"team page"
"90018",NULL,"49","9558","12856","870","cpp","1775960858.715800000","1",NULL,NULL,"90018",NULL,NULL,"team page"
"90019",NULL,"49","10070","14329","862","cpp","1775960872.805800000","1",NULL,NULL,"90019",NULL,NULL,"team page"
"90020",NULL,"49","10097","14392","869","cpp","1775960891.942800000","1",NULL,NULL,"90020",NULL,NULL,"team page"
"90021",NULL,"49","9918","13912","873","cpp","1775960894.706300000","1",NULL,NULL,"90021",NULL,NULL,"team page"
"90022",NULL,"49","9562","12869","873","cpp","1775960936.248000000","1",NULL,NULL,"90022",NULL,NULL,"team page"
"90023",NULL,"49","10097","14392","869","cpp","1775960939.713900000","1",NULL,NULL,"90023",NULL,NULL,"team page"
"90024",NULL,"49","9389","12348","878","c","1775960958.041100000","1",NULL,NULL,"90024",NULL,NULL,"team page"
"90025",NULL,"49","9631","13074","868","cpp","1775960963.801400000","1",NULL,NULL,"90025",NULL,NULL,"team page"
"90026",NULL,"49","9558","12856","870","cpp","1775960977.523900000","1",NULL,NULL,"90026",NULL,NULL,"team page"
"90027",NULL,"49","9564","12874","879","cpp","1775960997.642600000","1",NULL,NULL,"90027",NULL,NULL,"team page"
"90028",NULL,"49","9725","13356","873","py3","1775961006.909100000","1",NULL,NULL,"90028","Q10.py",NULL,"team page"
"90029",NULL,"49","9389","12348","878","c","1775961082.819300000","1",NULL,NULL,"90029",NULL,NULL,"team page"
"90030",NULL,"49","9562","12868","863","cpp","1775961097.625500000","1",NULL,NULL,"90030",NULL,NULL,"team page"
"90031",NULL,"49","9562","12869","873","cpp","1775961151.131600000","1",NULL,NULL,"90031",NULL,NULL,"team page"
"90032",NULL,"49","9253","11941","880","cpp","1775961164.871300000","1",NULL,NULL,"90032",NULL,NULL,"team page"
"90033",NULL,"49","9391","12355","868","py3","1775961204.165000000","1",NULL,NULL,"90033","mycelium_template.py",NULL,"team page"
"90034",NULL,"49","9391","12355","868","py3","1775961275.200800000","1",NULL,NULL,"90034","mycelium_template.py",NULL,"team page"
"90035",NULL,"49","9430","12471","872","cpp","1775961310.071500000","1",NULL,NULL,"90035",NULL,NULL,"team page"
"90036",NULL,"49","9391","12354","869","py3","1775961326.711600000","1",NULL,NULL,"90036","mycelium_template.py",NULL,"team page"
"90037",NULL,"49","9837","13691","862","py3","1775961500.997400000","1",NULL,NULL,"90037","laser_template.py",NULL,"team page"
"90038",NULL,"49","9693","13260","877","cpp","1775961544.995900000","1",NULL,NULL,"90038",NULL,NULL,"team page"
"90039",NULL,"49","10062","14305","859","py3","1775961550.623400000","1",NULL,NULL,"90039","piezoelectric.py",NULL,"team page"
"90040",NULL,"49","9610","13011","867","pypy3","1775961607.817400000","1",NULL,NULL,"90040","cross.py",NULL,"team page"
"90041",NULL,"49","9280","12023","872","cpp","1775961690.984300000","1",NULL,NULL,"90041",NULL,NULL,"team page"
"90042",NULL,"49","9918","13912","879","cpp","1775961732.578000000","1",NULL,NULL,"90042",NULL,NULL,"team page"
"90043",NULL,"49","9697","13272","878","pypy3","1775961743.791400000","1",NULL,NULL,"90043","problem2.py",NULL,"team page"
"90044",NULL,"49","9253","11941","880","cpp","1775961758.761400000","1",NULL,NULL,"90044",NULL,NULL,"team page"
"90045",NULL,"49","9721","13344","859","py3","1775961764.985000000","1",NULL,NULL,"90045","duke.py",NULL,"team page"
"90046",NULL,"49","9697","13272","860","pypy3","1775961816.306300000","1",NULL,NULL,"90046","problem2.py",NULL,"team page"
"90047",NULL,"49","9253","11941","880","cpp","1775961941.736400000","1",NULL,NULL,"90047",NULL,NULL,"team page"
"90048",NULL,"49","9721","13344","860","py3","1775961992.099900000","1",NULL,NULL,"90048","duke.py",NULL,"team page"
"90049",NULL,"49","9996","14117","868","rs","1775962062.231900000","1",NULL,NULL,"90049",NULL,NULL,"team page"
"90050",NULL,"49","9996","14117","869","rs","1775962079.262300000","1",NULL,NULL,"90050",NULL,NULL,"team page"
"90051",NULL,"49","9368","12287","863","cpp","1775962095.184200000","1",NULL,NULL,"90051",NULL,NULL,"team page"
"90052",NULL,"49","9996","14117","870","rs","1775962103.865200000","1",NULL,NULL,"90052",NULL,NULL,"team page"
"90053",NULL,"49","9996","14117","871","rs","1775962121.845200000","1",NULL,NULL,"90053",NULL,NULL,"team page"
"90054",NULL,"49","9564","12874","879","py3","1775962138.623900000","1",NULL,NULL,"90054","759.py",NULL,"team page"
"90055",NULL,"49","9721","13344","860","py3","1775962147.174700000","1",NULL,NULL,"90055","duke.py",NULL,"team page"
"90056",NULL,"49","9280","12023","864","cpp","1775962154.723800000","1",NULL,NULL,"90056",NULL,NULL,"team page"
"90057",NULL,"49","9280","12023","861","cpp","1775962245.349500000","1",NULL,NULL,"90057",NULL,NULL,"team page"
"90058",NULL,"49","9328","12165","873","cpp","1775962298.265500000","1",NULL,NULL,"90058",NULL,NULL,"team page"
"90059",NULL,"49","9721","13344","861","py3","1775962393.106700000","1",NULL,NULL,"90059","duke.py",NULL,"team page"
"90060",NULL,"49","9564","12874","879","py3","1775962395.041900000","1",NULL,NULL,"90060","759.py",NULL,"team page"
"90061",NULL,"49","9633","13080","872","cpp","1775962473.525900000","1",NULL,NULL,"90061",NULL,NULL,"team page"
"90062",NULL,"49","9328","12165","873","cpp","1775962507.978200000","1",NULL,NULL,"90062",NULL,NULL,"team page"
"90063",NULL,"49","9564","12874","879","pypy3","1775962548.674900000","1",NULL,NULL,"90063","759.py",NULL,"team page"
"90064",NULL,"49","9633","13080","872","cpp","1775962588.254700000","1",NULL,NULL,"90064",NULL,NULL,"team page"
"90065",NULL,"49","9697","13272","861","pypy3","1775962603.799500000","1",NULL,NULL,"90065","problem3.py",NULL,"team page"
"90066",NULL,"49","9610","13011","868","pypy3","1775962625.785500000","1",NULL,NULL,"90066","mycelium.py",NULL,"team page"
"90067",NULL,"49","9564","12874","879","py3","1775962628.530000000","1",NULL,NULL,"90067","759.py",NULL,"team page"
"90068",NULL,"49","9302","12087","863","cpp","1775962659.533800000","1",NULL,NULL,"90068",NULL,NULL,"team page"
"90069",NULL,"49","9253","11941","880","cpp","1775962850.278900000","1",NULL,NULL,"90069",NULL,NULL,"team page"
"90070",NULL,"49","9328","12165","873","cpp","1775962875.682200000","1",NULL,NULL,"90070",NULL,NULL,"team page"
"90071",NULL,"49","9721","13344","862","py3","1775962887.894300000","1",NULL,NULL,"90071","duke.py",NULL,"team page"
"90072",NULL,"49","9328","12165","873","cpp","1775962934.446900000","1",NULL,NULL,"90072",NULL,NULL,"team page"
"90073",NULL,"49","9253","11941","881","cpp","1775962944.818700000","1",NULL,NULL,"90073",NULL,NULL,"team page"
"90074",NULL,"49","9721","13344","863","py3","1775963055.602500000","1",NULL,NULL,"90074","duke.py",NULL,"team page"
"90075",NULL,"49","9253","11941","880","cpp","1775963166.464000000","1",NULL,NULL,"90075",NULL,NULL,"team page"
"90076",NULL,"49","9253","11941","880","cpp","1775963257.640400000","1",NULL,NULL,"90076",NULL,NULL,"team page"
"90077",NULL,"49","9721","13344","866","py3","1775963295.179300000","1",NULL,NULL,"90077","duke.py",NULL,"team page"
"90078",NULL,"49","9721","13344","864","py3","1775963306.900000000","1",NULL,NULL,"90078","duke.py",NULL,"team page"
"90079",NULL,"49","9721","13344","865","py3","1775963319.994900000","1",NULL,NULL,"90079","duke.py",NULL,"team page"
"90080",NULL,"49","9721","13344","865","py3","1775963323.049900000","1",NULL,NULL,"90080","duke.py",NULL,"team page"
"90081",NULL,"49","9721","13344","865","py3","1775963323.745600000","1",NULL,NULL,"90081","duke.py",NULL,"team page"
"90082",NULL,"49","9693","13261","878","cpp","1775963520.384700000","1",NULL,NULL,"90082",NULL,NULL,"team page"
"90083",NULL,"49","9721","13344","873","py3","1775963773.529700000","1",NULL,NULL,"90083","hi.py",NULL,"team page"
"90084",NULL,"49","9219","11838","865","cpp","1775964918.650500000","1",NULL,NULL,"90084",NULL,NULL,"team page"
"90085",NULL,"49","9240","11901","879","py3","1775966752.673900000","1",NULL,NULL,"90085","12gpt.py",NULL,"team page"
"90086",NULL,"49","9372","12297","865","py3","1775966853.310800000","1",NULL,NULL,"90086","main.py",NULL,"team page"
"90087",NULL,"49","9368","12287","863","cpp","1775967226.588800000","1",NULL,NULL,"90087",NULL,NULL,"team page"
"90088",NULL,"49","9362","12267","863","cpp","1775967257.654500000","1",NULL,NULL,"90088",NULL,NULL,"team page"
"90089",NULL,"49","9368","12287","863","cpp","1775967604.952400000","1",NULL,NULL,"90089",NULL,NULL,"team page"
"90090",NULL,"49","9562","12868","877","cpp","1775968289.679100000","1",NULL,NULL,"90090",NULL,NULL,"team page"
"90091",NULL,"49","9999","14126","864","cpp","1775968456.562800000","1",NULL,NULL,"90091",NULL,NULL,"team page"
"90092",NULL,"49","9864","13771","859","cpp","1775968710.919400000","1",NULL,NULL,"90092",NULL,NULL,"team page"
"90093",NULL,"49","9992","14105","864","cpp","1775969873.421200000","1",NULL,NULL,"90093",NULL,NULL,"team page"
"90094",NULL,"49","9999","14126","865","cpp","1775969973.187500000","1",NULL,NULL,"90094",NULL,NULL,"team page"
"90095",NULL,"49","9642","13109","862","py3","1775970074.633600000","1",NULL,NULL,"90095","asteroidLasers.py",NULL,"team page"
"90096",NULL,"49","9368","12287","869","cpp","1775970180.571100000","1",NULL,NULL,"90096",NULL,NULL,"team page"
"90097",NULL,"49","9368","12287","863","cpp","1775970360.074500000","1",NULL,NULL,"90097",NULL,NULL,"team page"
"90098",NULL,"49","9864","13771","860","cpp","1775971071.261600000","1",NULL,NULL,"90098",NULL,NULL,"team page"
"90099",NULL,"49","9562","12868","877","cpp","1775971790.673000000","1",NULL,NULL,"90099",NULL,NULL,"team page"
"90100",NULL,"49","9351","12234","864","cpp","1775972150.139100000","1",NULL,NULL,"90100",NULL,NULL,"team page"
"90101",NULL,"49","9351","12234","865","cpp","1775972343.957200000","1",NULL,NULL,"90101",NULL,NULL,"team page"
"90102",NULL,"49","9633","13081","873","cpp","1775973143.538000000","1",NULL,NULL,"90102",NULL,NULL,"team page"
"90103",NULL,"49","9633","13081","877","cpp","1775974416.729500000","1",NULL,NULL,"90103",NULL,NULL,"team page"
"90109",NULL,"49","9958","14033","867","py3","1775978729.285600000","1",NULL,NULL,"90109","cross_template.py",NULL,"team page"
"90110",NULL,"49","9958","14033","867","py3","1775978989.477300000","1",NULL,NULL,"90110","cross_template.py",NULL,"team page"
"90111",NULL,"49","9958","14033","867","cpp","1775979552.883100000","1",NULL,NULL,"90111",NULL,NULL,"team page"
"90112",NULL,"49","9593","12961","862","cpp","1775980531.007700000","1",NULL,NULL,"90112",NULL,NULL,"team page"
"90113",NULL,"49","9593","12961","862","cpp","1775980880.213800000","1",NULL,NULL,"90113",NULL,NULL,"team page"
"90114",NULL,"49","9593","12961","862","cpp","1775981092.383400000","1",NULL,NULL,"90114",NULL,NULL,"team page"
"90115",NULL,"49","9593","12961","862","cpp","1775981259.055200000","1",NULL,NULL,"90115",NULL,NULL,"team page"
"90120",NULL,"49","9808","13605","863","pypy3","1775985075.855200000","1",NULL,NULL,"90120","files_template.py",NULL,"team page"
"90121",NULL,"49","9808","13605","861","pypy3","1775985256.952500000","1",NULL,NULL,"90121","files_template.py",NULL,"team page"
"90122",NULL,"49","9992","14105","864","cpp","1775989035.814100000","1",NULL,NULL,"90122",NULL,NULL,"team page"
"90123",NULL,"49","9992","14105","865","cpp","1775989279.672700000","1",NULL,NULL,"90123",NULL,NULL,"team page"
"90124",NULL,"49","9992","14105","865","cpp","1775989385.395200000","1",NULL,NULL,"90124",NULL,NULL,"team page"
"90125",NULL,"49","9992","14105","865","cpp","1775989454.027500000","1",NULL,NULL,"90125",NULL,NULL,"team page"
"90126",NULL,"49","9992","14105","865","cpp","1775989536.156800000","1",NULL,NULL,"90126",NULL,NULL,"team page"
"90127",NULL,"49","9992","14105","865","cpp","1775989643.495300000","1",NULL,NULL,"90127",NULL,NULL,"team page"
"90128",NULL,"49","9864","13771","861","cpp","1775990361.466200000","1",NULL,NULL,"90128",NULL,NULL,"team page"
"90129",NULL,"49","9992","14105","865","cpp","1775990496.964800000","1",NULL,NULL,"90129",NULL,NULL,"team page"
"90130",NULL,"49","9864","13771","861","cpp","1775990602.469700000","1",NULL,NULL,"90130",NULL,NULL,"team page"
"90131",NULL,"49","9992","14105","865","cpp","1775990935.253900000","1",NULL,NULL,"90131",NULL,NULL,"team page"
"90132",NULL,"49","9992","14105","865","cpp","1775990935.720500000","1",NULL,NULL,"90132",NULL,NULL,"team page"
"90133",NULL,"49","9992","14105","864","cpp","1775990959.524400000","1",NULL,NULL,"90133",NULL,NULL,"team page"
"90134",NULL,"49","9992","14105","865","cpp","1775991117.986000000","1",NULL,NULL,"90134",NULL,NULL,"team page"
"90135",NULL,"49","9992","14105","864","cpp","1775991213.135400000","1",NULL,NULL,"90135",NULL,NULL,"team page"
"90136",NULL,"49","9992","14105","866","cpp","1775991749.168800000","1",NULL,NULL,"90136",NULL,NULL,"team page"
"90137",NULL,"49","9411","12414","859","cpp","1775993062.926500000","1",NULL,NULL,"90137",NULL,NULL,"team page"
"90138",NULL,"49","9992","14105","868","cpp","1775993953.233700000","1",NULL,NULL,"90138",NULL,NULL,"team page"
"90139",NULL,"49","9992","14105","869","cpp","1775993978.780500000","1",NULL,NULL,"90139",NULL,NULL,"team page"
"90140",NULL,"49","9992","14105","869","cpp","1775994020.516400000","1",NULL,NULL,"90140",NULL,NULL,"team page"
"90141",NULL,"49","9992","14105","869","cpp","1775994059.490800000","1",NULL,NULL,"90141",NULL,NULL,"team page"
"90142",NULL,"49","9992","14105","869","cpp","1775994094.281000000","1",NULL,NULL,"90142",NULL,NULL,"team page"
"90145",NULL,"49","9693","13260","870","cpp","1775995312.675400000","1",NULL,NULL,"90145",NULL,NULL,"team page"
"90146",NULL,"49","9693","13260","870","cpp","1775995379.483300000","1",NULL,NULL,"90146",NULL,NULL,"team page"
"90147",NULL,"49","9693","13260","871","cpp","1775995408.012000000","1",NULL,NULL,"90147",NULL,NULL,"team page"
"90149",NULL,"49","9992","14105","872","cpp","1775997154.311400000","1",NULL,NULL,"90149",NULL,NULL,"team page"
"90150",NULL,"49","9992","14105","872","cpp","1775997884.410500000","1",NULL,NULL,"90150",NULL,NULL,"team page"
"90151",NULL,"49","9992","14105","872","cpp","1775997920.799500000","1",NULL,NULL,"90151",NULL,NULL,"team page"
"90152",NULL,"49","9992","14105","872","cpp","1775997975.180300000","1",NULL,NULL,"90152",NULL,NULL,"team page"
"90153",NULL,"49","9992","14105","872","cpp","1775998167.561700000","1",NULL,NULL,"90153",NULL,NULL,"team page"
"90154",NULL,"49","9992","14105","872","cpp","1775998299.656700000","1",NULL,NULL,"90154",NULL,NULL,"team page"
"90155",NULL,"49","9992","14105","872","cpp","1775998372.324200000","1",NULL,NULL,"90155",NULL,NULL,"team page"
"90156",NULL,"49","9992","14105","872","cpp","1775998490.621100000","1",NULL,NULL,"90156",NULL,NULL,"team page"
"90157",NULL,"49","9711","13314","866","java","1775999954.553500000","1",NULL,NULL,"90157","Main",NULL,"team page"
"90158",NULL,"49","9240","11902","877","cpp","1776002225.354900000","1",NULL,NULL,"90158",NULL,NULL,"team page"
"90159",NULL,"49","9240","11902","877","cpp","1776002306.878000000","1",NULL,NULL,"90159",NULL,NULL,"team page"
"90160",NULL,"49","9958","14033","863","py3","1776004391.658400000","1",NULL,NULL,"90160","laser_template.py",NULL,"team page"
"90161",NULL,"49","9958","14033","863","py3","1776004590.165900000","1",NULL,NULL,"90161","laser_template.py",NULL,"team page"
"90162",NULL,"49","9710","13311","877","cpp","1776004622.493100000","1",NULL,NULL,"90162",NULL,NULL,"team page"
"90163",NULL,"49","9710","13311","877","cpp","1776004783.542800000","1",NULL,NULL,"90163",NULL,NULL,"team page"
"90164",NULL,"49","9263","11971","877","cpp","1776005324.928800000","1",NULL,NULL,"90164",NULL,NULL,"team page"
"90165",NULL,"49","9958","14033","867","py3","1776005374.071300000","1",NULL,NULL,"90165","cross_template.py",NULL,"team page"
"90166",NULL,"49","9263","11971","877","cpp","1776005590.827100000","1",NULL,NULL,"90166",NULL,NULL,"team page"
"90167",NULL,"49","9263","11971","877","cpp","1776005722.315000000","1",NULL,NULL,"90167",NULL,NULL,"team page"
"90168",NULL,"49","9263","11971","877","cpp","1776005889.365900000","1",NULL,NULL,"90168",NULL,NULL,"team page"
"90169",NULL,"49","9240","11902","867","cpp","1776005965.867300000","1",NULL,NULL,"90169",NULL,NULL,"team page"
"90170",NULL,"49","9240","11902","868","cpp","1776006914.277000000","1",NULL,NULL,"90170",NULL,NULL,"team page"
"90171",NULL,"49","9240","11902","869","cpp","1776006950.822400000","1",NULL,NULL,"90171",NULL,NULL,"team page"
"90172",NULL,"49","9240","11902","870","cpp","1776006959.146200000","1",NULL,NULL,"90172",NULL,NULL,"team page"
"90173",NULL,"49","9240","11902","869","cpp","1776008546.291700000","1",NULL,NULL,"90173",NULL,NULL,"team page"
"90174",NULL,"49","9240","11902","869","cpp","1776008667.867200000","1",NULL,NULL,"90174",NULL,NULL,"team page"
"90175",NULL,"49","9240","11902","869","cpp","1776008864.375500000","1",NULL,NULL,"90175",NULL,NULL,"team page"
"90176",NULL,"49","9240","11902","869","cpp","1776008872.470500000","1",NULL,NULL,"90176",NULL,NULL,"team page"
"90177",NULL,"49","9240","11902","869","cpp","1776009083.494100000","1",NULL,NULL,"90177",NULL,NULL,"team page"
"90178",NULL,"49","9240","11902","870","cpp","1776009092.352800000","1",NULL,NULL,"90178",NULL,NULL,"team page"
"90179",NULL,"49","9240","11902","869","cpp","1776011338.028400000","1",NULL,NULL,"90179",NULL,NULL,"team page"
"90180",NULL,"49","9240","11902","869","cpp","1776011698.323700000","1",NULL,NULL,"90180",NULL,NULL,"team page"
"90181",NULL,"49","9240","11901","880","cpp","1776012087.588600000","1",NULL,NULL,"90181",NULL,NULL,"team page"
"90182",NULL,"49","9879","13816","863","cpp","1776012559.748600000","1",NULL,NULL,"90182",NULL,NULL,"team page"
"90183",NULL,"49","9879","13816","872","cpp","1776012628.870600000","1",NULL,NULL,"90183",NULL,NULL,"team page"
"90184",NULL,"49","9676","13210","869","cpp","1776012733.588900000","1",NULL,NULL,"90184",NULL,NULL,"team page"
"90185",NULL,"49","9240","11901","880","cpp","1776013293.952300000","1",NULL,NULL,"90185",NULL,NULL,"team page"
"90186",NULL,"49","9240","11901","880","cpp","1776013404.176200000","1",NULL,NULL,"90186",NULL,NULL,"team page"
"90187",NULL,"49","9240","11901","880","cpp","1776013469.332900000","1",NULL,NULL,"90187",NULL,NULL,"team page"
"90189",NULL,"49","9351","12234","865","cpp","1776013917.026200000","1",NULL,NULL,"90189",NULL,NULL,"team page"
"90190",NULL,"49","9351","12234","866","cpp","1776014867.532200000","1",NULL,NULL,"90190",NULL,NULL,"team page"
"90191",NULL,"49","9240","11901","880","cpp","1776015485.653600000","1",NULL,NULL,"90191",NULL,NULL,"team page"
"90192",NULL,"49","9240","11901","880","cpp","1776015689.630600000","1",NULL,NULL,"90192",NULL,NULL,"team page"
"90193",NULL,"49","9240","11901","880","cpp","1776015815.134100000","1",NULL,NULL,"90193",NULL,NULL,"team page"
"90194",NULL,"49","9240","11901","880","cpp","1776016447.575600000","1",NULL,NULL,"90194",NULL,NULL,"team page"
"90195",NULL,"49","9558","12855","868","cpp","1776017895.906900000","1",NULL,NULL,"90195",NULL,NULL,"team page"
"90196",NULL,"49","9558","12855","870","cpp","1776017911.437100000","1",NULL,NULL,"90196",NULL,NULL,"team page"
"90197",NULL,"49","9558","12855","869","cpp","1776017993.757800000","1",NULL,NULL,"90197",NULL,NULL,"team page"
"90198",NULL,"49","9558","12855","869","cpp","1776018162.157800000","1",NULL,NULL,"90198",NULL,NULL,"team page"
"90199",NULL,"49","9558","12855","870","cpp","1776018188.846800000","1",NULL,NULL,"90199",NULL,NULL,"team page"
"90200",NULL,"49","9558","12855","870","cpp","1776018238.174000000","1",NULL,NULL,"90200",NULL,NULL,"team page"
"90201",NULL,"49","9240","11901","880","cpp","1776018301.971000000","1",NULL,NULL,"90201",NULL,NULL,"team page"
"90202",NULL,"49","9240","11901","880","cpp","1776018443.426600000","1",NULL,NULL,"90202",NULL,NULL,"team page"
"90203",NULL,"49","9558","12855","870","cpp","1776018699.756600000","1",NULL,NULL,"90203",NULL,NULL,"team page"
"90204",NULL,"49","9351","12234","860","cpp","1776019395.959500000","1",NULL,NULL,"90204",NULL,NULL,"team page"
"90205",NULL,"49","9351","12234","864","cpp","1776019433.755600000","1",NULL,NULL,"90205",NULL,NULL,"team page"
"90206",NULL,"49","9351","12234","867","cpp","1776019713.313200000","1",NULL,NULL,"90206",NULL,NULL,"team page"
"90207",NULL,"49","9302","12087","866","py3","1776019818.534500000","1",NULL,NULL,"90207","shadows_template.py",NULL,"team page"
"90208",NULL,"49","9351","12234","867","cpp","1776020190.088000000","1",NULL,NULL,"90208",NULL,NULL,"team page"
"90209",NULL,"49","9558","12855","869","cpp","1776020922.188200000","1",NULL,NULL,"90209",NULL,NULL,"team page"
"90210",NULL,"49","9558","12855","870","cpp","1776021000.895500000","1",NULL,NULL,"90210",NULL,NULL,"team page"
"90211",NULL,"49","9351","12234","872","cpp","1776023691.637500000","1",NULL,NULL,"90211",NULL,NULL,"team page"
"90212",NULL,"49","9712","13317","867","cpp","1776023961.699500000","1",NULL,NULL,"90212",NULL,NULL,"team page"
"90213",NULL,"49","9712","13317","867","cpp","1776023962.602400000","1",NULL,NULL,"90213",NULL,NULL,"team page"
"90214",NULL,"49","9958","14033","867","py3","1776025803.857600000","1",NULL,NULL,"90214","cross_template.py",NULL,"team page"
"90215",NULL,"49","9919","13915","871","cpp","1776026148.498000000","1",NULL,NULL,"90215",NULL,NULL,"team page"
"90216",NULL,"49","9351","12234","873","cpp","1776028966.611600000","1",NULL,NULL,"90216",NULL,NULL,"team page"
"90217",NULL,"49","9351","12234","873","cpp","1776029006.167600000","1",NULL,NULL,"90217",NULL,NULL,"team page"
"90221",NULL,"49","9558","12855","870","cpp","1776042107.755200000","1",NULL,NULL,"90221",NULL,NULL,"team page"
"90222",NULL,"49","9999","14126","863","cpp","1776047665.010400000","1",NULL,NULL,"90222",NULL,NULL,"team page"
"90223",NULL,"49","9712","13317","865","cpp","1776047774.645200000","1",NULL,NULL,"90223",NULL,NULL,"team page"
"90224",NULL,"49","9999","14126","863","cpp","1776048519.414400000","1",NULL,NULL,"90224",NULL,NULL,"team page"
"90225",NULL,"49","9793","13558","868","cpp","1776056706.200900000","1",NULL,NULL,"90225",NULL,NULL,"team page"
"90226",NULL,"49","9793","13558","868","cpp","1776056706.999300000","1",NULL,NULL,"90226",NULL,NULL,"team page"
"90227",NULL,"49","9793","13558","862","cpp","1776058591.069900000","1",NULL,NULL,"90227",NULL,NULL,"team page"
"90228",NULL,"49","9793","13558","862","cpp","1776058656.055600000","1",NULL,NULL,"90228",NULL,NULL,"team page"
"90229",NULL,"49","9793","13558","862","cpp","1776058838.096500000","1",NULL,NULL,"90229",NULL,NULL,"team page"
"90230",NULL,"49","9793","13558","862","cpp","1776058838.457500000","1",NULL,NULL,"90230",NULL,NULL,"team page"
"90231",NULL,"49","9351","12234","877","cpp","1776061093.157800000","1",NULL,NULL,"90231",NULL,NULL,"team page"
"90232",NULL,"49","9351","12234","877","cpp","1776061158.318100000","1",NULL,NULL,"90232",NULL,NULL,"team page"
"90233",NULL,"49","9351","12234","879","cpp","1776061184.543600000","1",NULL,NULL,"90233",NULL,NULL,"team page"
"90234",NULL,"49","9351","12234","879","cpp","1776061606.742200000","1",NULL,NULL,"90234",NULL,NULL,"team page"
"90235",NULL,"49","9351","12234","880","cpp","1776061694.809700000","1",NULL,NULL,"90235",NULL,NULL,"team page"
"90236",NULL,"49","9351","12234","881","cpp","1776061710.000200000","1",NULL,NULL,"90236",NULL,NULL,"team page"
"90237",NULL,"49","9918","13912","868","cpp","1776066418.733400000","1",NULL,NULL,"90237",NULL,NULL,"team page"
"90238",NULL,"49","9333","12181","865","cpp","1776098570.287500000","1",NULL,NULL,"90238",NULL,NULL,"team page"
"90239",NULL,"49","9753","13440","868","cpp","1776099124.145300000","1",NULL,NULL,"90239",NULL,NULL,"team page"
"90240",NULL,"49","9918","13912","870","cpp","1776102383.796500000","1",NULL,NULL,"90240",NULL,NULL,"team page"
"90241",NULL,"49","9918","13912","871","cpp","1776102406.750100000","1",NULL,NULL,"90241",NULL,NULL,"team page"
"90246",NULL,"49","10048","14264","873","cpp","1776106635.691300000","1",NULL,NULL,"90246",NULL,NULL,"team page"
"90247",NULL,"49","9793","13558","862","cpp","1776117469.473100000","1",NULL,NULL,"90247",NULL,NULL,"team page"
"90248",NULL,"49","9512","12718","872","cpp","1776119911.540800000","1",NULL,NULL,"90248",NULL,NULL,"team page"
"90249",NULL,"49","9240","11901","865","cpp","1776137285.091200000","1",NULL,NULL,"90249",NULL,NULL,"team page"
"90250",NULL,"49","9793","13558","863","cpp","1776139253.762400000","1",NULL,NULL,"90250",NULL,NULL,"team page"
"90251",NULL,"49","9793","13558","863","cpp","1776139343.852500000","1",NULL,NULL,"90251",NULL,NULL,"team page"
"90252",NULL,"49","9793","13558","863","cpp","1776139881.808000000","1",NULL,NULL,"90252",NULL,NULL,"team page"
"90253",NULL,"49","9793","13558","863","cpp","1776143888.425600000","1",NULL,NULL,"90253",NULL,NULL,"team page"
"90254",NULL,"49","9864","13772","864","cpp","1776157938.379800000","1",NULL,NULL,"90254",NULL,NULL,"team page"
"90255",NULL,"49","9753","13440","866","cpp","1776185950.152900000","1",NULL,NULL,"90255",NULL,NULL,"team page"
"90256",NULL,"49","9206","11800","881","cpp","1776191859.964200000","1",NULL,NULL,"90256",NULL,NULL,"team page"
"90257",NULL,"49","9206","11800","880","cpp","1776191880.128600000","1",NULL,NULL,"90257",NULL,NULL,"team page"
"90258",NULL,"49","9206","11800","879","cpp","1776191900.280600000","1",NULL,NULL,"90258",NULL,NULL,"team page"
"90259",NULL,"49","9206","11800","881","cpp","1776195539.951200000","1",NULL,NULL,"90259",NULL,NULL,"team page"
"90260",NULL,"49","9206","11800","880","cpp","1776195588.375800000","1",NULL,NULL,"90260",NULL,NULL,"team page"
"90261",NULL,"49","9308","12105","871","pypy3","1776211599.020800000","1",NULL,NULL,"90261","mycelium_row_iteration.py",NULL,"team page"
"90262",NULL,"49","9308","12105","871","pypy3","1776211599.454200000","1",NULL,NULL,"90262","mycelium_row_iteration.py",NULL,"team page"
"90263",NULL,"49","9308","12105","871","pypy3","1776211686.764000000","1",NULL,NULL,"90263","mycelium_closed_form.py",NULL,"team page"
"90264",NULL,"49","9637","13092","862","py3","1776211759.510200000","1",NULL,NULL,"90264","test.py",NULL,"team page"
"90265",NULL,"49","9637","13092","863","py3","1776211829.984500000","1",NULL,NULL,"90265","test.py",NULL,"team page"
"90266",NULL,"49","9637","13092","862","py3","1776212479.859600000","1",NULL,NULL,"90266","test.py",NULL,"team page"
"90267",NULL,"49","9637","13092","863","py3","1776212505.574000000","1",NULL,NULL,"90267","test.py",NULL,"team page"
"90268",NULL,"49","9308","12105","879","pypy3","1776212858.096000000","1",NULL,NULL,"90268","claude12t3.py",NULL,"team page"
"90269",NULL,"49","9308","12105","879","pypy3","1776213050.627400000","1",NULL,NULL,"90269","claude12t3.py",NULL,"team page"
"90270",NULL,"49","9308","12105","879","pypy3","1776213187.279600000","1",NULL,NULL,"90270","claude12t3.py",NULL,"team page"
"90271",NULL,"49","9308","12105","879","pypy3","1776213358.156900000","1",NULL,NULL,"90271","claude12t3.py",NULL,"team page"
"90274",NULL,"49","9308","12105","879","pypy3","1776213583.347800000","1",NULL,NULL,"90274","claude12t3.py",NULL,"team page"
"90276",NULL,"49","9308","12105","879","pypy3","1776213745.850100000","1",NULL,NULL,"90276","claude12t3.py",NULL,"team page"
"90278",NULL,"49","9308","12105","879","pypy3","1776213909.809800000","1",NULL,NULL,"90278","claude12t3.py",NULL,"team page"
"90279",NULL,"49","9308","12105","879","pypy3","1776214217.956500000","1",NULL,NULL,"90279","claude12t3.py",NULL,"team page"
"90281",NULL,"49","9308","12105","880","pypy3","1776214244.049000000","1",NULL,NULL,"90281","claude12t3.py",NULL,"team page"
"90289",NULL,"49","9362","12267","872","cpp","1776237018.534900000","1",NULL,NULL,"90289",NULL,NULL,"team page"
"90291",NULL,"49","9362","12267","877","cpp","1776237275.907300000","1",NULL,NULL,"90291",NULL,NULL,"team page"
"90292",NULL,"49","9881","13822","859","py3","1776259714.985400000","1",NULL,NULL,"90292","piezoelectric.py",NULL,"team page"
